model,task_clean,n,mae,rmse,r2,spearman_rho
extra_trees,camera_target,53,2.8047892503360394,3.3902270247351374,0.5276148898926389,0.600726373348612
extra_trees,glove_cut,50,2.6979513656283767,3.361666820155414,0.33476160200771077,0.5458727171260123
extra_trees,ring_rollercoaster,49,2.757522633370032,3.2351831207823785,0.32154832640892284,0.4851422854185838
extra_trees,sea_spikes,54,2.097480945603752,2.8370119254683877,0.4100835863800789,0.5991903053840983
extra_trees,suture,42,2.523383484573241,3.15593365352459,0.6469831825897214,0.8082620038093685
hist_gradient_boosting,camera_target,53,3.060852039703467,3.8783213138102615,0.38180397122359355,0.5891054196447125
hist_gradient_boosting,glove_cut,50,2.5985987648999247,3.325429387548955,0.3490263126295522,0.5568721850451224
hist_gradient_boosting,ring_rollercoaster,49,2.9121524742488663,3.482973754488187,0.2136396888535923,0.3491220418626022
hist_gradient_boosting,sea_spikes,54,2.5805401979583102,3.216409944834967,0.24175256520527255,0.5471234204999138
hist_gradient_boosting,suture,42,3.02632389125582,3.6706583911622017,0.5224403734169639,0.7870475646506553
random_forest,camera_target,53,2.81840704192667,3.4325950839372954,0.515734211075267,0.6627992724011479
random_forest,glove_cut,50,2.58231221924952,3.272841191702321,0.3694524555497264,0.5726959809989298
random_forest,ring_rollercoaster,49,2.9824685436628493,3.4946628944930063,0.2083526549811795,0.45234162382256715
random_forest,sea_spikes,54,2.2567842207845175,3.040780340979168,0.32229879956362995,0.5797417925008883
random_forest,suture,42,2.9792835018844817,3.6084802229675508,0.5384823389563268,0.7686779736549879
