model,feature,folds_present,mean_coefficient,std_coefficient,mean_abs_coefficient
elastic_net,USM2_pose_global_rotation_orthogonality_error_mean,5,0.8907471310988975,0.36768966983716816,0.8907471310988975
elastic_net,USM2_pose_global_mean_angular_speed_rad_s,5,0.7222444732884623,0.2766936505972652,0.7222444732884623
elastic_net,active_pair_mean_distance_rel,1,-0.7071207417315745,,0.7071207417315745
elastic_net,USM0_pose_global_rotation_determinant_mean,5,-0.6300480472354739,0.293537787785447,0.6300480472354739
elastic_net,active_pair_simultaneous_active_fraction,4,0.6202169172638157,0.32106616760311235,0.6202169172638157
elastic_net,USM0_pose_global_rotation_orthogonality_error_mean,5,0.5726764256284078,0.2012634337014487,0.5726764256284078
elastic_net,USM3_pose_global_pause_count,5,-0.4734780204788396,0.17572168256505172,0.4734780204788396
elastic_net,USM0_pose_global_mean_acceleration_l2,1,0.46684989173572433,,0.46684989173572433
elastic_net,USM0_USM3_pose_global_one_arm_only_active_fraction,5,-0.4417084360700848,0.1828402461484323,0.4417084360700848
elastic_net,USM0_pose_global_rotation_path_radians,5,-0.41733475976286893,0.330662670179598,0.41733475976286893
elastic_net,USM0_pose_global_mean_angular_speed_rad_s,5,0.39489001183338956,0.25495751215824136,0.39489001183338956
elastic_net,USM0_pose_global_movement_economy,5,-0.3801753230820222,0.207357398903784,0.3801753230820222
elastic_net,USM0_USM3_pose_global_path_length_imbalance,5,-0.3244271501531847,0.3221314502996942,0.3244271501531847
elastic_net,USM0_pose_global_raw_path_l2,5,-0.319788204033178,0.2647340737866947,0.319788204033178
elastic_net,USM2_pose_global_mean_acceleration_l2,1,0.31034731841550156,,0.31034731841550156
elastic_net,USM0_USM3_pose_global_mean_distance_rel,5,0.2839411920523995,0.21574665217788863,0.2839411920523995
elastic_net,USM3_pose_global_pause_fraction,5,-0.28270275433847214,0.23894686218949188,0.28270275433847214
elastic_net,USM2_USM3_pose_global_distance_range_rel,5,0.2380793800512734,0.16422335656835144,0.2380793800512734
elastic_net,USM2_pose_global_max_angular_speed_rad_s,5,0.21417191224136167,0.12490100816916141,0.21417191224136167
elastic_net,USM0_pose_global_rotation_orthogonality_error_max,5,0.204427171487816,0.23890975386384591,0.204427171487816
elastic_net,USM0_pose_global_n_samples,5,-0.20252881569041353,0.24709235572351035,0.20252881569041353
elastic_net,USM2_USM3_pose_global_mean_abs_relative_speed,1,0.17841614250017815,,0.17841614250017815
elastic_net,active_pair_path_length_imbalance,5,-0.17300332345309888,0.2044468894956456,0.17300332345309888
elastic_net,USM3_pose_global_mean_angular_speed_rad_s,5,0.16334221725074155,0.03161873945473256,0.16334221725074155
elastic_net,active_pair_speed_correlation,5,0.15887441432573715,0.10558698048097367,0.15887441432573715
elastic_net,USM0_pose_global_dimensionless_jerk,5,0.13947349699927272,0.10913397323164781,0.13947349699927272
elastic_net,USM3_pose_global_movement_economy,5,0.13408400869567932,0.12844210634225864,0.13408400869567932
elastic_net,USM2_pose_global_rotation_determinant_std,5,-0.13272122566126368,0.12325106977598209,0.13272122566126368
elastic_net,USM2_pose_global_raw_path_l2,5,-0.1256879381777998,0.21913603667272927,0.1256879381777998
elastic_net,USM2_pose_global_pause_fraction,5,-0.12503596205002504,0.13694827850686814,0.12503596205002504
elastic_net,USM0_USM2_pose_global_simultaneous_active_fraction,5,0.12188360708640644,0.2275004182543218,0.12188360708640644
elastic_net,USM0_pose_global_idle_threshold_relative,5,0.11534557300439778,0.11349601166712867,0.11534557300439778
elastic_net,active_pair_one_arm_only_active_fraction,4,-0.10626425561841946,0.14324970290936248,0.10626425561841946
elastic_net,active_psm_count,4,-0.10543970984006207,0.05337546713101604,0.10543970984006207
elastic_net,USM0_pose_global_active,4,-0.10169326910507322,0.13791548523650832,0.10169326910507322
elastic_net,USM2_USM3_pose_global_speed_correlation,5,-0.04014765252433814,0.12187066746565302,0.08608880612809225
elastic_net,USM3_pose_global_dimensionless_jerk,5,-0.08589740575582315,0.0637437573904039,0.08589740575582315
elastic_net,USM2_pose_global_pause_duration_seconds,5,-0.0726481179948459,0.09979500990139716,0.0726481179948459
elastic_net,USM3_pose_global_idle_fraction_relative,5,-0.07206445736384977,0.13639952975098957,0.07206445736384977
elastic_net,USM3_pose_global_max_speed_l2,5,0.06547575664599672,0.1464082427386823,0.06547575664599672
elastic_net,USM0_pose_global_x_range_m,5,-0.06341702022914011,0.09355908444137488,0.06341702022914011
elastic_net,USM3_pose_global_mean_speed_l2,5,0.05960054933384547,0.088507242582908,0.05960054933384547
elastic_net,USM3_pose_global_max_abs_angular_acceleration_rad_s2,3,-0.05758871191884473,0.09974657498588643,0.05758871191884473
elastic_net,USM2_pose_global_economy_area_xz,5,0.05752994417125094,0.07216153103214827,0.05752994417125094
elastic_net,USM3_pose_global_rms_speed_l2,5,0.056247194230949746,0.10832816321318257,0.056247194230949746
elastic_net,USM3_pose_global_pause_duration_seconds,5,-0.0536342622227912,0.07711732070267777,0.0536342622227912
elastic_net,USM0_USM3_pose_global_speed_correlation,5,0.05225038199939915,0.11683540600098788,0.05225038199939915
elastic_net,USM3_pose_global_log_dimensionless_jerk,5,0.04724792023913857,0.07537268991873874,0.04724792023913857
elastic_net,USM3_pose_global_economy_volume,5,-0.04434561225305074,0.05999744069056799,0.04434561225305074
elastic_net,USM2_USM3_pose_global_both_idle_fraction,5,-0.042779418840609304,0.06585048165634923,0.042779418840609304
elastic_net,USM0_USM3_pose_global_simultaneous_active_fraction,5,0.04143104101298487,0.04946758450519126,0.04143104101298487
elastic_net,USM0_pose_global_max_abs_angular_acceleration_rad_s2,5,-0.03924759014566118,0.05106857228122098,0.03924759014566118
elastic_net,USM3_pose_global_idle_threshold_relative,5,0.03779909549476783,0.054488913615043204,0.03779909549476783
elastic_net,USM2_pose_global_pause_count,5,-0.03312596734788367,0.07407191481030631,0.03312596734788367
elastic_net,USM2_pose_global_rotation_orthogonality_error_max,5,0.032626899181022184,0.07295596446379782,0.032626899181022184
elastic_net,USM3_pose_global_max_acceleration_l2,5,0.03199284987951827,0.05001461740546474,0.03199284987951827
elastic_net,USM2_pose_global_mean_abs_angular_acceleration_rad_s2,5,0.029913163525049268,0.0668878670640774,0.029913163525049268
elastic_net,USM0_pose_global_path_l2,4,-0.027702205853877598,0.055404411707755195,0.027702205853877598
elastic_net,USM2_pose_global_rotation_determinant_mean,5,-0.02692792524627959,0.06021267134371393,0.02692792524627959
elastic_net,USM3_pose_global_net_displacement_l2,5,0.026830832400724945,0.05999556514092486,0.026830832400724945
elastic_net,USM0_pose_global_rotation_determinant_std,5,0.024982518286103244,0.0358539818989471,0.024982518286103244
elastic_net,USM2_pose_global_movement_economy,5,-0.023277289874284506,0.04638244046749125,0.023277289874284506
elastic_net,USM0_pose_global_economy_area_xy,5,-0.019993031070610966,0.044705776550151524,0.019993031070610966
elastic_net,USM3_pose_global_mean_acceleration_l2,4,0.019900713176233032,0.039801426352466064,0.019900713176233032
elastic_net,USM3_pose_global_mean_abs_angular_acceleration_rad_s2,5,0.0197009650889068,0.04405269716114579,0.0197009650889068
elastic_net,USM0_pose_global_max_gap_seconds,5,0.018083028507644632,0.04043488098215998,0.018083028507644632
elastic_net,USM0_pose_global_mean_abs_angular_acceleration_rad_s2,5,0.016854471043256734,0.03768774297752386,0.016854471043256734
elastic_net,USM3_pose_global_economy_area_xy,5,-0.01596230821442321,0.03569280624525359,0.01596230821442321
elastic_net,USM2_pose_global_idle_fraction_relative,5,-0.015045652181616256,0.03364310104391196,0.015045652181616256
elastic_net,USM3_pose_global_rotation_orthogonality_error_mean,5,-0.014011851880365907,0.03133145329515642,0.014011851880365907
elastic_net,USM3_pose_global_rotation_path_radians,5,0.013678919041793042,0.02480288536554351,0.013678919041793042
elastic_net,USM2_pose_global_log_dimensionless_jerk,4,0.013371995749703007,0.026743991499406015,0.013371995749703007
elastic_net,USM0_pose_global_pause_duration_seconds,5,-0.012671187975110501,0.028333637668024995,0.012671187975110501
elastic_net,USM3_pose_global_active,5,-0.01089860658235928,0.02437002517818201,0.01089860658235928
elastic_net,USM0_USM2_pose_global_alignment_coverage,5,0.010767271250285173,0.014783454217426767,0.010767271250285173
elastic_net,USM0_pose_global_log_dimensionless_jerk,5,0.009687767124589243,0.021662505840769224,0.009687767124589243
elastic_net,USM3_pose_global_rotation_determinant_mean,5,-0.009231071089517786,0.02064130246129481,0.009231071089517786
elastic_net,USM3_pose_global_rotation_orthogonality_error_max,5,-0.008554072299949577,0.019127487147135223,0.008554072299949577
elastic_net,USM2_pose_global_rotation_path_radians,5,-0.008491390338678979,0.0171739870680292,0.008491390338678979
elastic_net,USM2_pose_global_path_l2,4,-0.008107761024366878,0.016215522048733756,0.008107761024366878
elastic_net,USM0_USM3_pose_global_mean_abs_relative_speed,5,0.007992252861310405,0.017871220691257263,0.007992252861310405
elastic_net,all_psm_pose_global_path_total_m,5,-0.007699883045032357,0.017217461907490426,0.007699883045032357
elastic_net,USM0_pose_global_pause_count,5,-0.007619352450864909,0.017037390024663566,0.007619352450864909
elastic_net,USM2_pose_global_idle_threshold_relative,5,0.007338130770630007,0.016408559230911612,0.007338130770630007
elastic_net,USM2_USM3_pose_global_one_arm_only_active_fraction,5,0.005848268487708914,0.013077125889187026,0.005848268487708914
elastic_net,USM2_pose_global_economy_area_xy,5,0.005160666424727974,0.011539600934892551,0.005160666424727974
elastic_net,USM2_USM3_pose_global_std_distance_rel,5,0.004207227273740376,0.00581629209513508,0.004207227273740376
elastic_net,active_pair_path_length_b_rel,5,-0.003963855210769418,0.008863449704247175,0.003963855210769418
elastic_net,USM0_pose_global_economy_area_yz,5,-0.003947492306351779,0.008826861137660005,0.003947492306351779
elastic_net,active_pair_usm_a,5,0.003932783350139982,0.008793970911692355,0.003932783350139982
elastic_net,USM0_USM2_pose_global_one_arm_only_active_fraction,5,-0.003486451746750304,0.007795943106006561,0.003486451746750304
elastic_net,USM3_pose_global_rotation_determinant_std,5,-0.003344481040096129,0.007478486955114144,0.003344481040096129
elastic_net,USM2_pose_global_economy_volume,5,0.0031236931874243042,0.006984790307933736,0.0031236931874243042
elastic_net,USM0_pose_global_median_dt_seconds,5,0.0028384120884946953,0.006346882378031288,0.0028384120884946953
elastic_net,USM2_pose_global_dimensionless_jerk,5,-0.002714018520248497,0.006068729903469029,0.002714018520248497
elastic_net,USM0_pose_global_net_displacement_l2,5,-0.0014521503466409316,0.003247106888639006,0.0014521503466409316
elastic_net,USM0_pose_global_mean_speed_l2,5,0.00043673276794311866,0.0009765641571224544,0.00043673276794311866
elastic_net,USM3_pose_global_economy_area_xz,5,0.00039716657612757795,0.0008880914626121096,0.00039716657612757795
elastic_net,USM0_USM2_pose_global_both_idle_fraction,5,0.0,0.0,0.0
elastic_net,USM0_USM2_pose_global_mean_abs_relative_speed,1,0.0,,0.0
elastic_net,USM0_USM2_pose_global_path_length_imbalance,5,0.0,0.0,0.0
elastic_net,USM0_USM2_pose_global_speed_correlation,5,0.0,0.0,0.0
elastic_net,USM0_USM2_pose_global_std_distance_rel,1,0.0,,0.0
elastic_net,USM0_USM3_pose_global_both_idle_fraction,5,0.0,0.0,0.0
elastic_net,USM0_USM3_pose_global_distance_range_rel,5,0.0,0.0,0.0
elastic_net,USM0_USM3_pose_global_std_distance_rel,5,0.0,0.0,0.0
elastic_net,USM0_pose_global_economy_area_xz,5,0.0,0.0,0.0
elastic_net,USM0_pose_global_economy_volume,5,0.0,0.0,0.0
elastic_net,USM0_pose_global_idle_fraction_relative,5,0.0,0.0,0.0
elastic_net,USM0_pose_global_max_angular_speed_rad_s,5,0.0,0.0,0.0
elastic_net,USM0_pose_global_max_jerk_l2,4,0.0,0.0,0.0
elastic_net,USM0_pose_global_max_speed_l2,5,0.0,0.0,0.0
elastic_net,USM0_pose_global_pause_fraction,5,0.0,0.0,0.0
elastic_net,USM0_pose_global_rms_speed_l2,5,0.0,0.0,0.0
elastic_net,USM0_pose_global_y_range_m,5,0.0,0.0,0.0
elastic_net,USM0_pose_global_z_range_m,4,0.0,0.0,0.0
elastic_net,USM2_USM3_pose_global_mean_distance_rel,5,0.0,0.0,0.0
elastic_net,USM2_USM3_pose_global_path_length_imbalance,5,0.0,0.0,0.0
elastic_net,USM2_USM3_pose_global_simultaneous_active_fraction,5,0.0,0.0,0.0
elastic_net,USM2_pose_global_economy_area_yz,5,0.0,0.0,0.0
elastic_net,USM2_pose_global_max_abs_angular_acceleration_rad_s2,5,0.0,0.0,0.0
elastic_net,USM2_pose_global_max_speed_l2,1,0.0,,0.0
elastic_net,USM2_pose_global_mean_speed_l2,4,0.0,0.0,0.0
elastic_net,USM2_pose_global_net_displacement_l2,2,0.0,0.0,0.0
elastic_net,USM2_pose_global_workspace_box_volume_m3,2,0.0,0.0,0.0
elastic_net,USM2_pose_global_x_range_m,4,0.0,0.0,0.0
elastic_net,USM2_pose_global_y_range_m,5,0.0,0.0,0.0
elastic_net,USM2_pose_global_z_range_m,5,0.0,0.0,0.0
elastic_net,USM3_pose_global_economy_area_yz,5,0.0,0.0,0.0
elastic_net,USM3_pose_global_jerk_cost,5,0.0,0.0,0.0
elastic_net,USM3_pose_global_max_angular_speed_rad_s,5,0.0,0.0,0.0
elastic_net,USM3_pose_global_max_jerk_l2,5,0.0,0.0,0.0
elastic_net,USM3_pose_global_raw_path_l2,5,0.0,0.0,0.0
elastic_net,USM3_pose_global_workspace_box_volume_m3,4,0.0,0.0,0.0
elastic_net,USM3_pose_global_x_range_m,5,0.0,0.0,0.0
elastic_net,USM3_pose_global_y_range_m,5,0.0,0.0,0.0
elastic_net,USM3_pose_global_z_range_m,5,0.0,0.0,0.0
elastic_net,active_pair_both_idle_fraction,4,0.0,0.0,0.0
elastic_net,active_pair_mean_abs_relative_speed,1,0.0,,0.0
elastic_net,active_pair_usm_b,5,0.0,0.0,0.0
linear_regression,active_psm_count,4,127.1120187967126,258.2191490178697,131.40523025381353
linear_regression,USM0_USM2_pose_global_mean_abs_relative_speed,1,-120.4050421015935,,120.4050421015935
linear_regression,active_pair_mean_abs_relative_speed,1,110.82703645710313,,110.82703645710313
linear_regression,USM3_pose_global_active,5,-97.08749804045019,213.35945089750248,98.8234444441026
linear_regression,USM2_pose_global_path_l2,4,-84.87423192982084,37.303327939918994,84.87423192982084
linear_regression,USM2_pose_global_workspace_box_volume_m3,2,75.74344533609992,65.23282580913994,75.74344533609992
linear_regression,USM0_pose_global_path_l2,4,64.73078210592723,33.03399891933874,64.73078210592723
linear_regression,USM2_pose_global_raw_path_l2,5,54.13888452846159,34.57999195432324,54.13888452846159
linear_regression,USM0_pose_global_raw_path_l2,5,-52.079527669991215,30.841210359114438,52.079527669991215
linear_regression,USM0_pose_global_economy_volume,5,43.349733867843504,48.55647749179648,43.349733867843504
linear_regression,USM2_USM3_pose_global_mean_distance_rel,5,-40.03510551717543,32.91531989230957,42.39830156502598
linear_regression,USM0_pose_global_dimensionless_jerk,5,18.034947486871328,61.07148477908486,41.61304505921619
linear_regression,USM2_pose_global_economy_volume,5,-36.31008833184303,50.32645044834552,38.757212488709726
linear_regression,all_psm_pose_global_path_total_m,5,26.13737176665262,36.15598051485186,31.817578949014585
linear_regression,USM0_pose_global_active,4,-6.186005116886335,40.677476862526134,26.207005944151476
linear_regression,USM3_pose_global_workspace_box_volume_m3,4,-9.275569286074338,37.10605406687609,24.885486606589954
linear_regression,USM0_pose_global_economy_area_xy,5,-24.565070396060356,19.055437616836834,24.565070396060356
linear_regression,USM0_pose_global_z_range_m,4,-23.446989946757874,10.245197325024169,23.446989946757874
linear_regression,USM0_pose_global_max_speed_l2,5,23.281386048962336,10.633509872590729,23.281386048962336
linear_regression,USM0_USM2_pose_global_speed_correlation,5,-1.411789034744503,34.13685494616506,22.961471483794945
linear_regression,USM0_USM3_pose_global_mean_distance_rel,5,22.185416997410748,15.736802314895941,22.739602305317597
linear_regression,USM2_pose_global_mean_speed_l2,4,22.35721282245938,24.988098178313848,22.403508638969676
linear_regression,USM3_pose_global_mean_acceleration_l2,4,12.16161362357223,24.241197948642792,22.041470310145474
linear_regression,USM2_pose_global_economy_area_xy,5,20.784306574002954,18.573170792903266,20.784306574002954
linear_regression,USM0_pose_global_economy_area_yz,5,-20.02887516842669,16.486731327187037,20.02887516842669
linear_regression,USM3_pose_global_mean_speed_l2,5,-12.462098555807396,21.278907940335696,18.549838319252196
linear_regression,USM2_pose_global_economy_area_yz,5,17.739934484408714,17.14104548033922,17.739934484408714
linear_regression,active_pair_speed_correlation,5,0.5962098670638316,26.01845422412314,17.52726188687627
linear_regression,active_pair_path_length_b_rel,5,-12.035237797259583,19.221704733519335,16.688065214237422
linear_regression,USM2_pose_global_economy_area_xz,5,4.768870543460366,19.537775940022005,14.467786060693424
linear_regression,USM2_USM3_pose_global_mean_abs_relative_speed,1,14.266288835050396,,14.266288835050396
linear_regression,USM0_pose_global_economy_area_xz,5,-3.5327549744397175,22.046120692436876,13.977730081209256
linear_regression,USM0_pose_global_mean_speed_l2,5,-13.532094714295635,8.729902184829808,13.532094714295635
linear_regression,USM0_pose_global_idle_fraction_relative,5,5.2019415987242565,15.152169110347689,13.527239386163847
linear_regression,USM2_pose_global_y_range_m,5,-13.280764034301765,14.002666191108318,13.280764034301765
linear_regression,USM2_USM3_pose_global_simultaneous_active_fraction,5,1.1142353030100645,14.726872604316947,12.239642717552133
linear_regression,USM0_USM2_pose_global_both_idle_fraction,5,-6.18640695261132,14.328462263637482,12.143558976126965
linear_regression,USM0_USM3_pose_global_simultaneous_active_fraction,5,-1.4538219831020858,14.528479722462341,11.820381743398704
linear_regression,USM0_USM2_pose_global_path_length_imbalance,5,-2.0799178749224962,17.103826369231463,11.446152564431449
linear_regression,USM2_USM3_pose_global_both_idle_fraction,5,-1.0570917884877402,13.212959446027927,10.991448219498421
linear_regression,USM3_pose_global_idle_threshold_relative,5,9.933143355457137,10.45444427475821,10.08852513509282
linear_regression,USM2_pose_global_net_displacement_l2,2,-6.526705660262333,14.17439414531063,10.022810219360043
linear_regression,USM0_USM3_pose_global_both_idle_fraction,5,1.7342294748392124,12.177273840718803,9.831004021740167
linear_regression,active_pair_both_idle_fraction,4,3.2117913927378137,11.820677669310701,9.813494948117789
linear_regression,USM0_USM2_pose_global_simultaneous_active_fraction,5,8.93786027327204,9.883671934501285,9.720595836453732
linear_regression,USM0_USM3_pose_global_mean_abs_relative_speed,5,-8.909787744377894,9.461567708884598,9.616782487262906
linear_regression,active_pair_path_length_imbalance,5,1.5856712457222475,13.871043846367073,9.400039879388313
linear_regression,USM3_pose_global_raw_path_l2,5,-8.848694450272099,10.27749675709162,9.342631296102578
linear_regression,USM2_pose_global_idle_fraction_relative,5,4.1938773087829615,13.586875553296306,9.295871601481362
linear_regression,USM0_pose_global_rms_speed_l2,5,2.3982717310943746,14.277422002618737,8.849810894538829
linear_regression,USM0_pose_global_y_range_m,5,8.830421978811149,4.8855347850374296,8.830421978811149
linear_regression,USM3_pose_global_rms_speed_l2,5,8.755472051560963,4.430814860732235,8.755472051560963
linear_regression,USM0_pose_global_max_jerk_l2,4,-7.575622410359923,8.63757603424736,8.595556892534516
linear_regression,active_pair_mean_distance_rel,1,-8.296957336550498,,8.296957336550498
linear_regression,USM2_pose_global_z_range_m,5,7.2688017679750105,6.128317553822115,7.2688017679750105
linear_regression,active_pair_one_arm_only_active_fraction,4,0.1796298217693273,11.164089844424195,7.23849749318794
linear_regression,USM3_pose_global_max_abs_angular_acceleration_rad_s2,3,-4.145138546064737,8.50621267881269,6.997335109739677
linear_regression,USM3_pose_global_mean_abs_angular_acceleration_rad_s2,5,5.630963245744415,5.389430893542108,6.453174136864924
linear_regression,active_pair_usm_b,5,1.3820068587246326,9.29178417899089,6.427922301098522
linear_regression,USM0_USM2_pose_global_one_arm_only_active_fraction,5,-0.43575480680063594,10.409508287732706,6.309226092623137
linear_regression,USM0_pose_global_log_dimensionless_jerk,5,3.2355831120830816,6.748690671190013,6.133901530504319
linear_regression,USM3_pose_global_mean_angular_speed_rad_s,5,-4.130688626022549,6.15379904164575,6.118100678761204
linear_regression,active_pair_simultaneous_active_fraction,4,-4.697573296718039,6.392713324779658,6.023618802845553
linear_regression,active_pair_usm_a,5,0.8250062365309793,8.668536085029833,6.007579440065933
linear_regression,USM2_pose_global_max_speed_l2,1,-5.513856885087417,,5.513856885087417
linear_regression,USM3_pose_global_max_angular_speed_rad_s,5,-1.5181752366099008,7.11466686376906,5.3658796348381
linear_regression,USM2_pose_global_log_dimensionless_jerk,4,-2.822402852053777,6.451887636196621,5.331439462603141
linear_regression,USM0_pose_global_pause_duration_seconds,5,2.9433837678803103,5.206864874032012,4.9239221970907066
linear_regression,USM2_pose_global_pause_duration_seconds,5,-3.3121935366878965,4.725336368661496,4.738857899791794
linear_regression,USM0_pose_global_pause_fraction,5,-3.1307325843152807,4.760663403575296,4.694722972638514
linear_regression,USM3_pose_global_rotation_path_radians,5,2.365911494759368,5.863397201083992,4.66780917629948
linear_regression,USM0_pose_global_n_samples,5,-3.745334495055821,4.205288787884993,4.657881450640656
linear_regression,USM2_pose_global_x_range_m,4,1.4933264352674718,6.261523965590043,4.431725282306834
linear_regression,USM3_pose_global_jerk_cost,5,2.4272341573913203,6.158057901411792,4.309269824059536
linear_regression,USM2_pose_global_pause_count,5,4.204635961877062,1.2365689702498976,4.204635961877062
linear_regression,USM0_USM3_pose_global_std_distance_rel,5,-3.47627739431141,4.898235769657564,4.110030598885397
linear_regression,USM0_pose_global_x_range_m,5,-1.9400075964391497,4.30156600159901,3.553170902073574
linear_regression,USM3_pose_global_log_dimensionless_jerk,5,2.8793689537324516,2.674202723097165,3.5460428987857107
linear_regression,USM3_pose_global_rotation_orthogonality_error_mean,5,-3.340304542466292,2.285003657559237,3.340304542466292
linear_regression,USM2_pose_global_pause_fraction,5,0.9615323380842279,3.933336402539673,3.310252028724706
linear_regression,USM0_pose_global_net_displacement_l2,5,0.22206434617110418,3.7790024670334463,3.23244905950288
linear_regression,USM2_USM3_pose_global_path_length_imbalance,5,2.9111111546282498,3.5579879015712885,3.065586860898679
linear_regression,USM3_pose_global_pause_duration_seconds,5,2.392591512859967,2.205608963331001,2.9740489851225376
linear_regression,USM2_pose_global_idle_threshold_relative,5,2.476252012247462,3.498893164641844,2.8449230682368474
linear_regression,USM0_USM3_pose_global_path_length_imbalance,5,-2.49807915206868,3.0166179936838833,2.802169165906945
linear_regression,USM2_pose_global_dimensionless_jerk,5,-1.3754125369722765,3.4966676096610736,2.728598524590521
linear_regression,USM2_pose_global_mean_acceleration_l2,1,-2.725621917122414,,2.725621917122414
linear_regression,USM2_pose_global_mean_abs_angular_acceleration_rad_s2,5,-2.524018973710477,2.46395301027935,2.610885863654836
linear_regression,USM3_pose_global_max_acceleration_l2,5,0.9822754742492043,2.884567807588872,2.5789601388292915
linear_regression,USM2_pose_global_mean_angular_speed_rad_s,5,1.5967619668892754,2.5740152358612725,2.4804819157836313
linear_regression,USM0_pose_global_mean_acceleration_l2,1,-2.2500069920971866,,2.2500069920971866
linear_regression,USM0_pose_global_pause_count,5,-2.1956862951524356,1.3154841817251202,2.1956862951524356
linear_regression,USM2_USM3_pose_global_std_distance_rel,5,1.2418564362792854,2.701608981813887,2.1732777729169
linear_regression,USM2_pose_global_rotation_determinant_mean,5,2.140538677432025,1.0744263903257132,2.140538677432025
linear_regression,USM3_pose_global_rotation_orthogonality_error_max,5,2.1173769115166343,2.228285310936708,2.1173769115166343
linear_regression,USM0_pose_global_idle_threshold_relative,5,-1.15386652596542,2.41727973372712,2.1116241250001897
linear_regression,USM2_pose_global_max_angular_speed_rad_s,5,1.5720111100763994,2.039315411846713,2.1054479293676076
linear_regression,USM3_pose_global_pause_fraction,5,-0.8402185641860829,2.5449072989199193,2.0653194252356353
linear_regression,USM2_pose_global_movement_economy,5,-0.8631695075839942,2.3938591546546766,2.0305673725132065
linear_regression,USM3_pose_global_x_range_m,5,1.9631750223311157,2.6688625331129194,2.00219387076487
linear_regression,USM3_pose_global_economy_volume,5,-1.8119689763069438,2.1642805910830907,1.9768577950451978
linear_regression,USM3_pose_global_max_speed_l2,5,-1.2613656059002831,2.4665887320612514,1.9764886187978778
linear_regression,USM2_pose_global_rotation_orthogonality_error_mean,5,1.9338049298436566,0.5345892793597886,1.9338049298436566
linear_regression,USM3_pose_global_economy_area_yz,5,1.801596904507359,1.597822423804915,1.867311010441815
linear_regression,USM3_pose_global_max_jerk_l2,5,-1.5963035347414833,1.5248696392944672,1.8399854228921644
linear_regression,USM0_pose_global_rotation_determinant_mean,5,-1.7914353672927728,0.9330091491398095,1.7914353672927728
linear_regression,USM0_pose_global_mean_abs_angular_acceleration_rad_s2,5,0.7936915609754691,1.8300360515125105,1.7531445011868532
linear_regression,USM0_pose_global_rotation_orthogonality_error_mean,5,-1.735507565215371,1.5467624221379292,1.735507565215371
linear_regression,USM3_pose_global_idle_fraction_relative,5,-1.6694215220781552,2.604751156392481,1.7021158171848512
linear_regression,USM0_USM3_pose_global_one_arm_only_active_fraction,5,-0.9829748161925999,2.0290206793401437,1.6769140994798388
linear_regression,USM3_pose_global_z_range_m,5,-1.6719315874737575,1.0183637071823968,1.6719315874737575
linear_regression,USM0_USM3_pose_global_distance_range_rel,5,0.039356772277478844,2.4113658006827765,1.670921809299302
linear_regression,USM2_pose_global_max_abs_angular_acceleration_rad_s2,5,-1.2895580350980644,1.6357221888547766,1.6648566012303299
linear_regression,USM2_USM3_pose_global_distance_range_rel,5,1.0167770989233824,1.7286351212655902,1.6637350546431655
linear_regression,USM3_pose_global_rotation_determinant_mean,5,-1.6340110559561516,0.6667485556175731,1.6340110559561516
linear_regression,USM2_pose_global_rotation_path_radians,5,0.8949836228920087,1.915385493204308,1.5956615433086117
linear_regression,USM0_pose_global_movement_economy,5,-0.6045066868429035,2.683732630555271,1.556283130540573
linear_regression,USM0_pose_global_max_angular_speed_rad_s,5,0.6157129026174474,1.9671885303039403,1.4625818093081233
linear_regression,USM0_USM2_pose_global_std_distance_rel,1,1.4228545140090028,,1.4228545140090028
linear_regression,USM3_pose_global_economy_area_xz,5,1.0983454679959068,1.5064859634134007,1.3241609708278732
linear_regression,USM3_pose_global_economy_area_xy,5,-0.9765209131074257,1.4364142684046841,1.2324883232773878
linear_regression,USM0_pose_global_max_abs_angular_acceleration_rad_s2,5,-0.12579941162785688,1.7702513607754085,1.1519849816069987
linear_regression,USM0_pose_global_rotation_path_radians,5,-0.19046560809521482,1.564812989918368,1.1477970933318329
linear_regression,USM0_pose_global_rotation_orthogonality_error_max,5,0.7423733848913745,1.4917506678551757,1.1466177063772114
linear_regression,USM3_pose_global_pause_count,5,-1.131439140464399,0.31310955558994635,1.131439140464399
linear_regression,USM2_USM3_pose_global_one_arm_only_active_fraction,5,0.27748902517829654,1.3518643812818352,1.09201309912322
linear_regression,USM3_pose_global_y_range_m,5,-0.4610666308018123,1.537117617229979,1.0009356687039732
linear_regression,USM3_pose_global_movement_economy,5,0.8350486048987257,0.7262770648050353,0.9408090136139841
linear_regression,USM0_pose_global_mean_angular_speed_rad_s,5,0.25332899075141146,1.4546944770099415,0.923885128888351
linear_regression,USM2_USM3_pose_global_speed_correlation,5,0.8021785653663278,0.47300357770094886,0.8021785653663278
linear_regression,USM0_USM3_pose_global_speed_correlation,5,-0.0008756769900783113,1.013569761702266,0.7583570595463259
linear_regression,USM3_pose_global_rotation_determinant_std,5,0.6907411549587751,0.7912770980509303,0.6907411549587751
linear_regression,USM2_pose_global_rotation_orthogonality_error_max,5,0.6701609280199662,0.42731797340895095,0.6701609280199662
linear_regression,USM0_pose_global_median_dt_seconds,5,-0.6403070539784887,0.273447346221318,0.6403070539784887
linear_regression,USM3_pose_global_net_displacement_l2,5,0.4970327606530992,0.5995743500689612,0.6137246010989417
linear_regression,USM0_pose_global_max_gap_seconds,5,0.47291625657540487,0.5551294243993464,0.513269446977058
linear_regression,USM2_pose_global_rotation_determinant_std,5,-0.30346174937830944,0.38798756703353665,0.4420222963653713
linear_regression,USM0_USM2_pose_global_alignment_coverage,5,0.24512007405449712,0.45722691134561155,0.38384625697258856
linear_regression,USM0_pose_global_rotation_determinant_std,5,0.10836105631490275,0.31269128456727835,0.23941393357964827
linear_regression,USM3_pose_global_dimensionless_jerk,5,-0.07947011093568061,0.23548530264827774,0.15230450833326845
ridge,USM0_pose_global_rotation_determinant_mean,5,-0.4140253921387898,0.04393657945495786,0.4140253921387898
ridge,USM0_pose_global_rotation_orthogonality_error_mean,5,0.387618389846743,0.015824338849753882,0.387618389846743
ridge,USM2_pose_global_mean_angular_speed_rad_s,5,0.37711301306135364,0.03477806060399523,0.37711301306135364
ridge,USM0_pose_global_rotation_orthogonality_error_max,5,0.36390179181645754,0.0470023490310987,0.36390179181645754
ridge,USM2_pose_global_rotation_orthogonality_error_mean,5,0.3338027040963584,0.014668933531260796,0.3338027040963584
ridge,USM0_USM3_pose_global_one_arm_only_active_fraction,5,-0.3182589829201322,0.05044266043590018,0.3182589829201322
ridge,USM3_pose_global_pause_count,5,-0.29152253848511905,0.055739061402519656,0.29152253848511905
ridge,active_pair_simultaneous_active_fraction,4,0.26149399940583407,0.03452445070611644,0.26149399940583407
ridge,USM0_pose_global_movement_economy,5,-0.2534096928627805,0.039871244615439116,0.2534096928627805
ridge,USM2_pose_global_rotation_orthogonality_error_max,5,0.24821043220187428,0.009366171648435813,0.24821043220187428
ridge,USM2_pose_global_mean_abs_angular_acceleration_rad_s2,5,0.23786577992892424,0.04290819631438451,0.23786577992892424
ridge,USM0_pose_global_rotation_path_radians,5,-0.23302738465615674,0.05735206813353736,0.23302738465615674
ridge,USM0_pose_global_mean_acceleration_l2,1,0.229293492198381,,0.229293492198381
ridge,USM0_pose_global_mean_angular_speed_rad_s,5,0.2244108427825652,0.031084672018731777,0.2244108427825652
ridge,USM2_pose_global_mean_acceleration_l2,1,0.22337629209256352,,0.22337629209256352
ridge,USM0_USM3_pose_global_mean_distance_rel,5,0.22323414564357766,0.05170171181398723,0.22323414564357766
ridge,USM2_pose_global_rotation_determinant_mean,5,-0.2170618613131689,0.028884221071018384,0.2170618613131689
ridge,USM0_pose_global_raw_path_l2,5,-0.2129573139792737,0.02195826745701449,0.2129573139792737
ridge,USM2_USM3_pose_global_distance_range_rel,5,0.20997872514922428,0.037682356143333595,0.20997872514922428
ridge,USM2_pose_global_pause_fraction,5,-0.20787017451914105,0.057494568656620164,0.20787017451914105
ridge,USM0_USM2_pose_global_simultaneous_active_fraction,5,0.20200632066221877,0.04752153464647711,0.20200632066221877
ridge,active_pair_path_length_imbalance,5,-0.1938781289904731,0.055883464173769326,0.1938781289904731
ridge,USM2_pose_global_max_angular_speed_rad_s,5,0.19100774912076357,0.054707676073779854,0.19100774912076357
ridge,active_pair_mean_distance_rel,1,-0.18972211117368337,,0.18972211117368337
ridge,active_pair_one_arm_only_active_fraction,4,-0.18749980321982995,0.02473457207871984,0.18749980321982995
ridge,USM2_pose_global_movement_economy,5,-0.1874661005400478,0.02150613840483002,0.1874661005400478
ridge,USM2_pose_global_idle_fraction_relative,5,-0.18030078117469783,0.0631325514147747,0.18030078117469783
ridge,USM2_USM3_pose_global_mean_abs_relative_speed,1,0.17529940248448972,,0.17529940248448972
ridge,USM0_USM3_pose_global_path_length_imbalance,5,-0.16270816422700424,0.07674971879110894,0.16270816422700424
ridge,USM3_pose_global_movement_economy,5,0.16234952212561957,0.10006952451515895,0.16234952212561957
ridge,USM2_pose_global_rotation_determinant_std,5,-0.1432864251901686,0.1084193736543374,0.15883194080541826
ridge,USM3_pose_global_mean_angular_speed_rad_s,5,0.15853377171705865,0.04012346530714428,0.15853377171705865
ridge,USM3_pose_global_dimensionless_jerk,5,-0.15596972239720205,0.03766944284485246,0.15596972239720205
ridge,USM0_pose_global_n_samples,5,-0.15433976260585183,0.029699759548429693,0.15433976260585183
ridge,USM3_pose_global_pause_fraction,5,-0.1538036559065174,0.04056579132742829,0.1538036559065174
ridge,USM0_pose_global_path_l2,4,-0.1529289519134184,0.02229329490658223,0.1529289519134184
ridge,USM0_pose_global_idle_threshold_relative,5,0.1524842349444675,0.06826260841180927,0.1524842349444675
ridge,USM2_pose_global_pause_duration_seconds,5,-0.14866099751606718,0.024855243615976644,0.14866099751606718
ridge,USM0_pose_global_dimensionless_jerk,5,0.14387541318112013,0.07843966696240463,0.14387541318112013
ridge,USM2_pose_global_raw_path_l2,5,-0.14335646922820228,0.026399650174335692,0.14335646922820228
ridge,USM0_USM3_pose_global_simultaneous_active_fraction,5,0.14262418749132594,0.04504992156652518,0.14262418749132594
ridge,active_pair_speed_correlation,5,0.14214219339879122,0.05562863685426022,0.14214219339879122
ridge,USM3_pose_global_rotation_path_radians,5,0.14135006263496358,0.049978617544403185,0.14135006263496358
ridge,USM3_pose_global_idle_fraction_relative,5,-0.1391618666919873,0.028001996169881666,0.1391618666919873
ridge,USM0_USM2_pose_global_one_arm_only_active_fraction,5,-0.13632734207137542,0.029276881902676487,0.13632734207137542
ridge,active_psm_count,4,-0.13043634232927595,0.03463815705948858,0.13043634232927595
ridge,USM0_USM2_pose_global_std_distance_rel,1,-0.1264727674816259,,0.1264727674816259
ridge,USM3_pose_global_mean_speed_l2,5,0.12475373561413443,0.02056477144259082,0.12475373561413443
ridge,USM2_USM3_pose_global_speed_correlation,5,-0.061837412995957616,0.12475300231887777,0.1240705461337934
ridge,USM3_pose_global_mean_abs_angular_acceleration_rad_s2,5,0.12312228113871308,0.03410896814159543,0.12312228113871308
ridge,USM2_USM3_pose_global_simultaneous_active_fraction,5,0.12157244107643583,0.013418636739165966,0.12157244107643583
ridge,USM3_pose_global_idle_threshold_relative,5,0.10880770710755364,0.08068550301884543,0.12092811857285483
ridge,USM0_pose_global_mean_abs_angular_acceleration_rad_s2,5,0.1204844840574161,0.05166676084599434,0.1204844840574161
ridge,USM3_pose_global_rms_speed_l2,5,0.11671757402715854,0.025175931431621383,0.11671757402715854
ridge,USM0_pose_global_active,4,-0.11651145483290021,0.07892481735645568,0.11651145483290021
ridge,USM2_USM3_pose_global_both_idle_fraction,5,-0.11610682507051136,0.04071812522752137,0.11610682507051136
ridge,USM0_pose_global_x_range_m,5,-0.1121903023501531,0.04203595015188101,0.1121903023501531
ridge,USM3_pose_global_max_acceleration_l2,5,0.11135381496556333,0.031084818681100437,0.11135381496556333
ridge,USM3_pose_global_mean_acceleration_l2,4,0.11065401205084827,0.017219750327407246,0.11065401205084827
ridge,all_psm_pose_global_path_total_m,5,-0.11036346925446065,0.02135167384746591,0.11036346925446065
ridge,USM0_USM2_pose_global_alignment_coverage,5,0.10862039190106487,0.03574472949945345,0.10862039190106487
ridge,USM3_pose_global_active,5,-0.10620269508227072,0.030038608610224414,0.10620269508227072
ridge,USM2_USM3_pose_global_mean_distance_rel,5,0.10538996402943834,0.03271573289487306,0.10538996402943834
ridge,USM0_pose_global_economy_area_xy,5,-0.10362967359856141,0.015063170925382638,0.10362967359856141
ridge,USM3_pose_global_max_abs_angular_acceleration_rad_s2,3,-0.10239089052926344,0.05791775251713253,0.10239089052926344
ridge,active_pair_mean_abs_relative_speed,1,-0.0971768612021145,,0.0971768612021145
ridge,USM2_pose_global_economy_area_xz,5,0.09466786493504672,0.05103368671506508,0.09466786493504672
ridge,USM0_pose_global_rotation_determinant_std,5,0.04170300349827254,0.10841250007230395,0.09363141747427725
ridge,USM2_pose_global_pause_count,5,-0.09250562347056437,0.04778105188273048,0.09250562347056437
ridge,USM2_USM3_pose_global_std_distance_rel,5,0.09244554031655822,0.0633680053210818,0.09244554031655822
ridge,USM0_USM3_pose_global_mean_abs_relative_speed,5,0.0922348238441659,0.01573121390550172,0.0922348238441659
ridge,USM2_pose_global_path_l2,4,-0.09137015911352847,0.02219075326761745,0.09137015911352847
ridge,USM3_pose_global_log_dimensionless_jerk,5,0.0910729673517231,0.04619254811441265,0.0910729673517231
ridge,active_pair_path_length_b_rel,5,-0.09081236563424788,0.023007656978030564,0.09081236563424788
ridge,USM0_USM3_pose_global_both_idle_fraction,5,0.08967436163234382,0.04302390451076045,0.08967436163234382
ridge,USM0_pose_global_net_displacement_l2,5,-0.08877092635763874,0.017563805014900465,0.08877092635763874
ridge,USM2_pose_global_idle_threshold_relative,5,0.08647436157970441,0.04059027488754308,0.08647436157970441
ridge,USM3_pose_global_pause_duration_seconds,5,-0.08622143344400589,0.018656580461257306,0.08622143344400589
ridge,USM3_pose_global_rotation_determinant_mean,5,-0.0856274942478244,0.03249891137586328,0.0856274942478244
ridge,active_pair_usm_b,5,-0.05276355548025907,0.07829730168496085,0.08339469208049535
ridge,USM2_pose_global_economy_volume,5,0.0819291453788171,0.03839157572372493,0.0819291453788171
ridge,USM2_pose_global_max_abs_angular_acceleration_rad_s2,5,0.07791089945393123,0.02555935448571086,0.07791089945393123
ridge,USM0_pose_global_max_gap_seconds,5,0.07788279765775762,0.04183342420094696,0.07788279765775762
ridge,USM3_pose_global_economy_volume,5,-0.07737119699281389,0.006183476400319382,0.07737119699281389
ridge,USM0_pose_global_max_abs_angular_acceleration_rad_s2,5,-0.07652038275674544,0.04206117258741139,0.07652038275674544
ridge,USM2_pose_global_net_displacement_l2,2,-0.07255907010702185,0.01255544999116062,0.07255907010702185
ridge,USM3_pose_global_max_angular_speed_rad_s,5,-0.07220497785955751,0.0503774680160307,0.07220497785955751
ridge,USM0_pose_global_mean_speed_l2,5,0.07202450662855102,0.02907857223804063,0.07202450662855102
ridge,USM3_pose_global_max_speed_l2,5,0.07154604792494287,0.054010017089333694,0.07154604792494287
ridge,USM0_pose_global_pause_duration_seconds,5,-0.0708691918867767,0.05887116736688476,0.0708691918867767
ridge,USM2_pose_global_mean_speed_l2,4,0.06841043358752955,0.049686776274749524,0.06841043358752955
ridge,USM0_USM3_pose_global_std_distance_rel,5,-0.06603606372254128,0.04264487468159358,0.06603606372254128
ridge,USM0_USM2_pose_global_mean_abs_relative_speed,1,-0.06378862288070401,,0.06378862288070401
ridge,USM0_pose_global_max_angular_speed_rad_s,5,-0.040044054501011214,0.06301662473418267,0.06184694670218967
ridge,USM2_pose_global_economy_area_xy,5,0.03577341664340953,0.060190665026082286,0.06076564715356114
ridge,USM3_pose_global_rotation_determinant_std,5,0.026617510518056754,0.062341440493699905,0.05933594987413604
ridge,USM3_pose_global_rotation_orthogonality_error_mean,5,-0.05775844321085975,0.039018891371310906,0.05932248641500969
ridge,USM0_pose_global_economy_area_yz,5,-0.04781432969709007,0.06272038582104521,0.05914756493725119
ridge,USM3_pose_global_economy_area_xy,5,-0.05779789877074668,0.03533471168368853,0.05779789877074668
ridge,active_pair_usm_a,5,0.05769988516437351,0.04884385068404329,0.05769988516437351
ridge,USM0_USM3_pose_global_speed_correlation,5,0.02827871843976041,0.07803007612316436,0.05754965179147532
ridge,USM0_pose_global_z_range_m,4,-0.05723624921068711,0.027996688437800146,0.05723624921068711
ridge,USM2_pose_global_economy_area_yz,5,0.0569063461395547,0.024857408424234825,0.0569063461395547
ridge,USM3_pose_global_net_displacement_l2,5,0.04597079010620264,0.06143786952992721,0.05510203903503587
ridge,USM3_pose_global_max_jerk_l2,5,0.04957742719313206,0.051661139739492476,0.05368347177551388
ridge,USM3_pose_global_raw_path_l2,5,0.03052874352088541,0.05123441577834718,0.05276348823651611
ridge,USM3_pose_global_economy_area_xz,5,0.04350817954055171,0.04056459742930432,0.052076717846562925
ridge,USM0_USM2_pose_global_path_length_imbalance,5,-0.03169059537122118,0.06140219348750732,0.05047522997085563
ridge,USM0_USM2_pose_global_speed_correlation,5,0.02383374866675184,0.05472290920806449,0.04998475437999108
ridge,USM2_USM3_pose_global_one_arm_only_active_fraction,5,0.01938389995730163,0.06713014200136766,0.049418795332943966
ridge,USM0_USM3_pose_global_distance_range_rel,5,0.03191592983329703,0.0491320919284371,0.04909833829391684
ridge,active_pair_both_idle_fraction,4,-0.04093464725776316,0.03611382670611139,0.043657403035166895
ridge,USM0_USM2_pose_global_both_idle_fraction,5,-0.03725823440982555,0.03611524654055686,0.04259511782030548
ridge,USM3_pose_global_x_range_m,5,0.039145563409636916,0.03343203862812536,0.04148022044834018
ridge,USM2_pose_global_dimensionless_jerk,5,-0.03447920721081965,0.03367568547342145,0.0405314573635361
ridge,USM2_pose_global_z_range_m,5,-0.03809427787835974,0.03696851039205964,0.03937018470580996
ridge,USM2_USM3_pose_global_path_length_imbalance,5,-0.028004198500523735,0.05057392850790536,0.03875552240626785
ridge,USM3_pose_global_workspace_box_volume_m3,4,-0.03836926799388818,0.01629987854657654,0.03836926799388818
ridge,USM0_pose_global_idle_fraction_relative,5,0.0378029139146591,0.04312709649296828,0.0378029139146591
ridge,USM3_pose_global_z_range_m,5,0.028551955754470032,0.03344158106741898,0.03774287455389448
ridge,USM0_pose_global_economy_volume,5,-0.035565742841881146,0.02523322745856467,0.035565742841881146
ridge,USM2_pose_global_rotation_path_radians,5,-0.032454783688696164,0.010509261631301956,0.032454783688696164
ridge,USM0_pose_global_log_dimensionless_jerk,5,0.017623034838021377,0.04863786505227396,0.03149809978664738
ridge,USM2_pose_global_y_range_m,5,-0.030353678839052517,0.021046876115054437,0.030353678839052517
ridge,USM0_pose_global_y_range_m,5,-0.02910414631918749,0.0248114073878601,0.03031190367994762
ridge,USM0_pose_global_pause_count,5,-0.029879155629127442,0.006351496596183864,0.029879155629127442
ridge,USM0_pose_global_pause_fraction,5,0.023408603780541597,0.03592016706902135,0.02966724467606216
ridge,USM2_pose_global_workspace_box_volume_m3,2,-0.029515099083393455,0.0037677851346180086,0.029515099083393455
ridge,USM0_pose_global_rms_speed_l2,5,0.02920955516412536,0.008471247114826868,0.02920955516412536
ridge,USM3_pose_global_y_range_m,5,0.000491686119816058,0.03750061285594709,0.028453060253438568
ridge,USM2_pose_global_max_speed_l2,1,0.028104383366264064,,0.028104383366264064
ridge,USM2_pose_global_x_range_m,4,-0.025813781048658394,0.016265026106289576,0.025813781048658394
ridge,USM0_pose_global_median_dt_seconds,5,-0.00790525363164685,0.030880268360501152,0.02572918742868859
ridge,USM0_pose_global_economy_area_xz,5,0.010343019497357575,0.032174483242782166,0.02511567655725088
ridge,USM3_pose_global_jerk_cost,5,-0.01273892914650338,0.026538548723835022,0.023898696919100126
ridge,USM3_pose_global_economy_area_yz,5,-0.01641245045707849,0.033206864040233104,0.020874223006387728
ridge,USM3_pose_global_rotation_orthogonality_error_max,5,0.007555230539114853,0.021287983125851846,0.01672984819357104
ridge,USM2_pose_global_log_dimensionless_jerk,4,0.002751532025635425,0.015133820818836697,0.012440864522266976
ridge,USM0_pose_global_max_jerk_l2,4,0.011184015543162182,0.009789775454985137,0.011772909021488148
ridge,USM0_pose_global_max_speed_l2,5,-0.001461937586882011,0.013942400438080586,0.008857863290716543
