task,metric,metric_column,n,spearman_rho,abs_rho,p_value,p_fdr
camera_target,Task duration,qc_fk_duration_seconds,53,-0.6020220894410329,0.6020220894410329,1.855451589597943e-06,3.525358020236092e-05
camera_target,Left path length,USM0_pose_global_path_l2,53,-0.27963172919557255,0.27963172919557255,0.04257476733358401,0.06222465994908432
camera_target,Right path length,USM2_pose_global_path_l2,53,-0.2625039820988846,0.2625039820988846,0.05757262929420735,0.07813428261356713
camera_target,L/R path imbalance,USM0_USM2_pose_global_path_length_imbalance,53,0.08980932165591947,0.08980932165591947,0.5224811189525427,0.5515078477832396
camera_target,Left mean speed,USM0_pose_global_mean_speed_l2,53,0.5778083949639184,0.5778083949639184,5.8889473471332565e-06,4.659539295008708e-05
camera_target,Right mean speed,USM2_pose_global_mean_speed_l2,53,0.572908968489452,0.572908968489452,7.357167307908486e-06,4.659539295008708e-05
camera_target,Left smoothness (LDJ),USM0_pose_global_log_dimensionless_jerk,53,0.5137514306448631,0.5137514306448631,8.337817236628834e-05,0.0003168370549918957
camera_target,Right smoothness (LDJ),USM2_pose_global_log_dimensionless_jerk,53,0.5319724381945312,0.5319724381945312,4.141606160301944e-05,0.00019672629261434236
camera_target,Left pause fraction,USM0_pose_global_pause_fraction,53,0.04559301000205831,0.04559301000205831,0.7458047919326813,0.7458047919326813
camera_target,Right pause fraction,USM2_pose_global_pause_fraction,53,-0.24371609875878236,0.24371609875878236,0.07864616632595771,0.09961847734621311
camera_target,Inter-tool distance,USM0_USM2_pose_global_mean_distance_rel,53,-0.3781061522195564,0.3781061522195564,0.005246953963666221,0.008307677109138182
camera_target,Relative tool speed,USM0_USM2_pose_global_mean_abs_relative_speed,53,0.4985672576868063,0.4985672576868063,0.00014501840774281766,0.0003936213924447908
camera_target,Tool speed correlation,USM0_USM2_pose_global_speed_correlation,53,0.158482274554224,0.158482274554224,0.25703059049115573,0.30522382620824745
camera_target,Camera path length,camera_path_length_m,53,-0.11450890966769174,0.11450890966769174,0.4142429505285249,0.46297741529658665
camera_target,Camera move count,camera_move_count,53,-0.40248607050091656,0.40248607050091656,0.0028103682886641895,0.00667462468557745
camera_target,Camera moving fraction,camera_moving_fraction,53,0.5000249382907799,0.5000249382907799,0.00013766868596670238,0.0003936213924447908
camera_target,Camera-tool distance,camera_to_primary_tools_mean_distance_m,53,-0.38750009388960743,0.38750009388960743,0.0041476905631382495,0.0076415704077675275
camera_target,Left rotation path,USM0_pose_global_rotation_path_radians,53,-0.38494915283265396,0.38494915283265396,0.0044240670781812,0.0076415704077675275
camera_target,Right rotation path,USM2_pose_global_rotation_path_radians,53,-0.39709649119909934,0.39709649119909934,0.0032392637587423663,0.006838445712900551
glove_cut,Task duration,qc_fk_duration_seconds,50,-0.598457892704214,0.598457892704214,4.4257412877702505e-06,8.408908446763476e-05
glove_cut,Left path length,USM0_pose_global_path_l2,50,-0.4255057326603118,0.4255057326603118,0.002066212028138937,0.009814507133659951
glove_cut,Right path length,USM2_pose_global_path_l2,50,-0.3908670573711843,0.3908670573711843,0.00500765384161802,0.01359220328439177
glove_cut,L/R path imbalance,USM0_USM2_pose_global_path_length_imbalance,50,0.04380489855505251,0.04380489855505251,0.7626078281299392,0.7626078281299392
glove_cut,Left mean speed,USM0_pose_global_mean_speed_l2,50,0.40022625375849735,0.40022625375849735,0.003978167962316337,0.012597531880668401
glove_cut,Right mean speed,USM2_pose_global_mean_speed_l2,50,0.34923310643174565,0.34923310643174565,0.012925713531653537,0.02455885571014172
glove_cut,Left smoothness (LDJ),USM0_pose_global_log_dimensionless_jerk,50,0.4645345464610139,0.4645345464610139,0.0006776868396109843,0.0062568881181009695
glove_cut,Right smoothness (LDJ),USM2_pose_global_log_dimensionless_jerk,50,0.45184656372975973,0.45184656372975973,0.0009879297028580478,0.0062568881181009695
glove_cut,Left pause fraction,USM0_pose_global_pause_fraction,50,0.14251065014496156,0.14251065014496156,0.32351245169654047,0.3841710363896418
glove_cut,Right pause fraction,USM2_pose_global_pause_fraction,50,-0.10391602586738227,0.10391602586738227,0.4726586761985726,0.5282655792807576
glove_cut,Inter-tool distance,USM0_USM2_pose_global_mean_distance_rel,50,-0.18163595050635759,0.18163595050635759,0.20680248209247049,0.26194981065046263
glove_cut,Relative tool speed,USM0_USM2_pose_global_mean_abs_relative_speed,50,0.24136113157591157,0.24136113157591157,0.09129990848757877,0.14455818843866639
glove_cut,Tool speed correlation,USM0_USM2_pose_global_speed_correlation,50,0.26147857948059977,0.26147857948059977,0.06662078828579261,0.11507227067545997
glove_cut,Camera path length,camera_path_length_m,50,-0.08572830917657302,0.08572830917657302,0.5538841902677776,0.584655534171543
glove_cut,Camera move count,camera_move_count,50,-0.35271499302582743,0.35271499302582743,0.011994430423124815,0.02455885571014172
glove_cut,Camera moving fraction,camera_moving_fraction,50,0.23412463952386545,0.23412463952386545,0.10174078190382585,0.1486980658594378
glove_cut,Camera-tool distance,camera_to_primary_tools_mean_distance_m,50,-0.20807326813649943,0.20807326813649943,0.14705549067964666,0.19957530877952046
glove_cut,Left rotation path,USM0_pose_global_rotation_path_radians,50,-0.3637060905358379,0.3637060905358379,0.009422590790882649,0.02237865312834629
glove_cut,Right rotation path,USM2_pose_global_rotation_path_radians,50,-0.41624302283369274,0.41624302283369274,0.0026420845815600053,0.010039921409928019
ring_rollercoaster,Task duration,qc_fk_duration_seconds,49,-0.38053892554753693,0.38053892554753693,0.006990133386532975,0.04806529046559049
ring_rollercoaster,Left path length,USM0_pose_global_path_l2,49,-0.23416597317531263,0.23416597317531263,0.1053501492765618,0.20016528362546743
ring_rollercoaster,Right path length,USM2_pose_global_path_l2,49,-0.20792544389849932,0.20792544389849932,0.15167885863926742,0.24294682358016126
ring_rollercoaster,L/R path imbalance,USM0_USM2_pose_global_path_length_imbalance,49,-0.15482937293994736,0.15482937293994736,0.28812278378299766,0.34214580574230974
ring_rollercoaster,Left mean speed,USM0_pose_global_mean_speed_l2,49,0.33728305306779,0.33728305306779,0.017791003132585678,0.056338176586521314
ring_rollercoaster,Right mean speed,USM2_pose_global_mean_speed_l2,49,0.3582447258689944,0.3582447258689944,0.011488385044735648,0.05456982896249433
ring_rollercoaster,Left smoothness (LDJ),USM0_pose_global_log_dimensionless_jerk,49,0.34712325154659496,0.34712325154659496,0.014539540820591165,0.055250255118246425
ring_rollercoaster,Right smoothness (LDJ),USM2_pose_global_log_dimensionless_jerk,49,0.2976147529501073,0.2976147529501073,0.0378161659477257,0.10264387900096976
ring_rollercoaster,Left pause fraction,USM0_pose_global_pause_fraction,49,0.0002050041349751041,0.0002050041349751041,0.9988845719241697,0.9988845719241697
ring_rollercoaster,Right pause fraction,USM2_pose_global_pause_fraction,49,-0.20705417632485512,0.20705417632485512,0.15344009910325973,0.24294682358016126
ring_rollercoaster,Inter-tool distance,USM0_USM2_pose_global_mean_distance_rel,49,-0.19859775575713207,0.19859775575713207,0.171322489942746,0.25039440837785953
ring_rollercoaster,Relative tool speed,USM0_USM2_pose_global_mean_abs_relative_speed,49,0.08548672428461841,0.08548672428461841,0.5592002612554607,0.6234808040442834
ring_rollercoaster,Tool speed correlation,USM0_USM2_pose_global_speed_correlation,49,0.18224867599286754,0.18224867599286754,0.2100838535774534,0.27378086884855524
ring_rollercoaster,Camera path length,camera_path_length_m,49,0.17989112844065386,0.17989112844065386,0.21614279119622784,0.27378086884855524
ring_rollercoaster,Camera move count,camera_move_count,49,0.07875223401351036,0.07875223401351036,0.590666024884058,0.6234808040442834
ring_rollercoaster,Camera moving fraction,camera_moving_fraction,49,0.4001680714714032,0.4001680714714032,0.004386138218374928,0.04806529046559049
ring_rollercoaster,Camera-tool distance,camera_to_primary_tools_mean_distance_m,49,-0.2819319366245119,0.2819319366245119,0.049693769694631934,0.11802270302475085
ring_rollercoaster,Left rotation path,USM0_pose_global_rotation_path_radians,49,-0.3769513531854727,0.3769513531854727,0.007589256389303763,0.04806529046559049
ring_rollercoaster,Right rotation path,USM2_pose_global_rotation_path_radians,49,-0.25492264184154195,0.25492264184154195,0.07710663481784254,0.16278067350433426
sea_spikes,Task duration,qc_fk_duration_seconds,54,-0.5022157322873045,0.5022157322873045,0.0001090860843741409,0.0006928213614985191
sea_spikes,Left path length,USM0_pose_global_path_l2,54,-0.2318890601055194,0.2318890601055194,0.09155689681152954,0.11351070959967449
sea_spikes,Right path length,USM2_pose_global_path_l2,54,-0.229132577964592,0.229132577964592,0.09558796597867325,0.11351070959967449
sea_spikes,L/R path imbalance,USM0_USM2_pose_global_path_length_imbalance,54,-0.23445411987554912,0.23445411987554912,0.08792607354790258,0.11351070959967449
sea_spikes,Left mean speed,USM0_pose_global_mean_speed_l2,54,0.5347192508657405,0.5347192508657405,3.110574284790481e-05,0.0005910091141101914
sea_spikes,Right mean speed,USM2_pose_global_mean_speed_l2,54,0.5021391633389455,0.5021391633389455,0.00010939284655239775,0.0006928213614985191
sea_spikes,Left smoothness (LDJ),USM0_pose_global_log_dimensionless_jerk,54,0.48896930422118107,0.48896930422118107,0.00017559716951428644,0.0007804131083297427
sea_spikes,Right smoothness (LDJ),USM2_pose_global_log_dimensionless_jerk,54,0.484490020742174,0.484490020742174,0.00020537187061309017,0.0007804131083297427
sea_spikes,Left pause fraction,USM0_pose_global_pause_fraction,54,-0.23606206779109012,0.23606206779109012,0.08570815645245716,0.11351070959967449
sea_spikes,Right pause fraction,USM2_pose_global_pause_fraction,54,-0.24456122105894965,0.24456122105894965,0.07470489358551281,0.11351070959967449
sea_spikes,Inter-tool distance,USM0_USM2_pose_global_mean_distance_rel,54,-0.23441583540136957,0.23441583540136957,0.08797942351335267,0.11351070959967449
sea_spikes,Relative tool speed,USM0_USM2_pose_global_mean_abs_relative_speed,54,0.01799370286438734,0.01799370286438734,0.8972447954870776,0.9332143461647281
sea_spikes,Tool speed correlation,USM0_USM2_pose_global_speed_correlation,54,0.3779826135746728,0.3779826135746728,0.004832851409432822,0.011478022097402951
sea_spikes,Camera path length,camera_path_length_m,54,0.011676764624761998,0.011676764624761998,0.933214346164728,0.9332143461647281
sea_spikes,Camera move count,camera_move_count,54,-0.2217792564454974,0.2217792564454974,0.10701712393146684,0.11960737380575705
sea_spikes,Camera moving fraction,camera_moving_fraction,54,0.47618228984521227,0.47618228984521227,0.0002730571260870649,0.0008646808992757055
sea_spikes,Camera-tool distance,camera_to_primary_tools_mean_distance_m,54,-0.2888563576846862,0.2888563576846862,0.03414369448347398,0.06487301951860056
sea_spikes,Left rotation path,USM0_pose_global_rotation_path_radians,54,-0.3477761634470098,0.3477761634470098,0.009971683121731818,0.02105133103476717
sea_spikes,Right rotation path,USM2_pose_global_rotation_path_radians,54,-0.3965505835517534,0.3965505835517534,0.002991488765888012,0.008119755221696032
suture,Task duration,qc_fk_duration_seconds,42,-0.5202008069569549,0.5202008069569549,0.00041372282744430794,0.00157214674428837
suture,Left path length,USM0_pose_global_path_l2,42,-0.14768826035012297,0.14768826035012297,0.3506255018989177,0.4163677835049648
suture,Right path length,USM2_pose_global_path_l2,42,-0.1782500577588441,0.1782500577588441,0.25872748201662177,0.3277214772210542
suture,L/R path imbalance,USM0_USM2_pose_global_path_length_imbalance,42,-0.42843413335470454,0.42843413335470454,0.0046447252578838616,0.01103122248747417
suture,Left mean speed,USM0_pose_global_mean_speed_l2,42,0.342601000206807,0.342601000206807,0.026351115280479363,0.045515562757191624
suture,Right mean speed,USM2_pose_global_mean_speed_l2,42,0.19962705966973146,0.19962705966973146,0.2049796245943767,0.2781866333780827
suture,Left smoothness (LDJ),USM0_pose_global_log_dimensionless_jerk,42,0.6113172295505089,0.6113172295505089,1.7042218698772915e-05,0.0002576906721104894
suture,Right smoothness (LDJ),USM2_pose_global_log_dimensionless_jerk,42,0.5074396309112921,0.5074396309112921,0.0006036160001292029,0.0019114506670758092
suture,Left pause fraction,USM0_pose_global_pause_fraction,42,-0.22612478827410132,0.22612478827410132,0.14987930442866454,0.2190543680111251
suture,Right pause fraction,USM2_pose_global_pause_fraction,42,-0.5996127113939775,0.5996127113939775,2.712533390636731e-05,0.0002576906721104894
suture,Inter-tool distance,USM0_USM2_pose_global_mean_distance_rel,42,-0.5676691305917769,0.5676691305917769,8.828681178020075e-05,0.0005524674685580442
suture,Relative tool speed,USM0_USM2_pose_global_mean_abs_relative_speed,42,0.05819746527830933,0.05819746527830933,0.714297182464136,0.714297182464136
suture,Tool speed correlation,USM0_USM2_pose_global_speed_correlation,42,0.41648577106991197,0.41648577106991197,0.006077571753513422,0.012830429257417224
suture,Camera path length,camera_path_length_m,42,-0.36389672074160734,0.36389672074160734,0.0178358020157045,0.033888023829838555
suture,Camera move count,camera_move_count,42,-0.48519550469699013,0.48519550469699013,0.0011269063197643767,0.0030587457250747367
suture,Camera moving fraction,camera_moving_fraction,42,-0.27651924144805634,0.27651924144805634,0.07627611204560499,0.12077051073887456
suture,Camera-tool distance,camera_to_primary_tools_mean_distance_m,42,-0.5597035557352487,0.5597035557352487,0.00011630894074906194,0.0005524674685580442
suture,Left rotation path,USM0_pose_global_rotation_path_radians,42,0.10924216946096053,0.10924216946096053,0.4910309301281967,0.548799274849161
suture,Right rotation path,USM2_pose_global_rotation_path_radians,42,0.060066936928310874,0.060066936928310874,0.7055257697727527,0.714297182464136
