participant_group,cv_fold,target_score,file_name,task_clean,role,participant_id,trial,mgears_depth_perception,mgears_dexterity_with_multiple_wristed_instruments,mgears_efficiency_flow_of_operation,mgears_force_sensitivity_and_tissue_handling,mgears_master_manipulator_workspace_robotic_control,mgears_overall_performance_quality_of_the_final_product,pred_raw__mgears_depth_perception,pred_rounded__mgears_depth_perception,pred_raw__mgears_dexterity_with_multiple_wristed_instruments,pred_rounded__mgears_dexterity_with_multiple_wristed_instruments,pred_raw__mgears_efficiency_flow_of_operation,pred_rounded__mgears_efficiency_flow_of_operation,pred_raw__mgears_force_sensitivity_and_tissue_handling,pred_rounded__mgears_force_sensitivity_and_tissue_handling,pred_raw__mgears_master_manipulator_workspace_robotic_control,pred_rounded__mgears_master_manipulator_workspace_robotic_control,pred_raw__mgears_overall_performance_quality_of_the_final_product,pred_rounded__mgears_overall_performance_quality_of_the_final_product,pred_total_domain_raw_sum,pred_total_domain_rounded_sum,n_domains_used_for_total
expert__participant_10,5,30.0,DVST_XI_10-13_Nov_2025_12_10.36.46_expert_10_camera target_1.csv,camera_target,expert,10,1,5.0,5.0,5.0,5.0,5.0,5.0,4.205621586746585,4.0,4.6160000000000005,5.0,4.551527777777779,5.0,4.586222222222222,5.0,4.219462301587304,4.0,4.859305555555556,5.0,27.03813944388945,28.0,6
expert__participant_10,5,28.0,DVST_XI_10-13_Nov_2025_12_10.36.46_expert_10_glove cut_1.csv,glove_cut,expert,10,1,5.0,5.0,5.0,4.0,5.0,4.0,3.993772095092408,4.0,4.227800000000001,4.0,4.29888888888889,4.0,4.441254437083382,4.0,4.073221560846563,4.0,4.693888888888892,5.0,25.728825870800136,25.0,6
expert__participant_10,5,29.0,DVST_XI_10-13_Nov_2025_12_10.36.46_expert_10_ring rollercoaster_1.csv,ring_rollercoaster,expert,10,1,5.0,5.0,5.0,4.0,5.0,5.0,3.744413024475524,4.0,4.112333333333335,4.0,3.8637499999999987,4.0,4.453103174603173,4.0,3.905422619047619,4.0,4.381388888888889,4.0,24.460411040348543,24.0,6
expert__participant_10,5,29.0,DVST_XI_10-13_Nov_2025_12_10.36.46_expert_10_sea spikes_1.csv,sea_spikes,expert,10,1,5.0,5.0,5.0,4.0,5.0,5.0,3.847474910506159,4.0,4.253633333333333,4.0,3.8383333333333343,4.0,4.214063765736179,4.0,3.936232142857145,4.0,4.158472222222223,4.0,24.248209707988373,24.0,6
expert__participant_10,5,30.0,DVST_XI_10-13_Nov_2025_12_10.36.46_expert_10_suture_1.csv,suture,expert,10,1,5.0,5.0,5.0,5.0,5.0,5.0,4.136802187395938,4.0,4.284666666666668,4.0,4.4575,4.0,4.36270707070707,4.0,4.006254960317461,4.0,4.632083333333332,5.0,25.88001421842047,25.0,6
expert__participant_9,3,28.0,DVST_XI_10-13_Nov_2025_12_10.36.46_expert_9_camera target_1.csv,camera_target,expert,9,1,4.0,5.0,4.0,5.0,5.0,5.0,4.312354061447813,4.0,4.347120634920635,4.0,4.417916666666667,4.0,4.252777777777777,4.0,4.101530982621857,4.0,4.277596921458568,4.0,25.709297044893315,24.0,6
expert__participant_9,3,29.0,DVST_XI_10-13_Nov_2025_12_10.36.46_expert_9_glove cut_1.csv,glove_cut,expert,9,1,5.0,5.0,5.0,4.0,5.0,5.0,4.001507394243081,4.0,4.135847619047619,4.0,4.075972222222224,4.0,3.8477777777777784,4.0,4.063107859588013,4.0,4.193118769919722,4.0,24.317331642798436,24.0,6
expert__participant_9,3,29.0,DVST_XI_10-13_Nov_2025_12_10.36.46_expert_9_ring rollercoaster_1.csv,ring_rollercoaster,expert,9,1,5.0,5.0,4.0,5.0,5.0,5.0,3.9800210715725357,4.0,4.093349999999999,4.0,4.248611111111112,4.0,3.6944444444444433,4.0,4.185874047779542,4.0,4.22820577133057,4.0,24.430506446238205,24.0,6
expert__participant_9,3,29.0,DVST_XI_10-13_Nov_2025_12_10.36.46_expert_9_sea spikes_1.csv,sea_spikes,expert,9,1,4.0,5.0,5.0,5.0,5.0,5.0,4.010245587946773,4.0,4.242212842712842,4.0,4.305138888888888,4.0,3.8422222222222215,4.0,4.227017738751208,4.0,4.211551913602535,4.0,24.838389194124467,24.0,6
expert__participant_9,3,28.0,DVST_XI_10-13_Nov_2025_12_10.36.46_expert_9_suture_1.csv,suture,expert,9,1,4.0,5.0,5.0,4.0,5.0,5.0,4.196158962721383,4.0,4.293509523809523,4.0,4.23722222222222,4.0,4.225,4.0,4.18363868606753,4.0,4.291177251787624,4.0,25.42670664660828,24.0,6
expert__participant_7,2,28.0,DVST_XI_11-14_Aug_2025_13_11.33.24_expert_7_camera target_1.csv,camera_target,expert,7,1,4.0,5.0,5.0,4.0,5.0,5.0,4.05448492063492,4.0,4.251874999999999,4.0,4.459583333333334,4.0,4.29,4.0,3.9057172619047615,4.0,4.147065566237605,4.0,25.108726082110618,24.0,6
expert__participant_7,2,25.0,DVST_XI_11-14_Aug_2025_13_11.33.24_expert_7_glove cut_1.csv,glove_cut,expert,7,1,4.0,5.0,4.0,4.0,4.0,4.0,3.708019841269841,4.0,3.728958333333332,4.0,3.700833333333333,4.0,3.8841666666666668,4.0,3.743681547619049,4.0,3.6954911988209416,4.0,22.461150921043163,24.0,6
expert__participant_7,2,20.0,DVST_XI_11-14_Aug_2025_13_11.33.24_expert_7_ring rollercoaster_1.csv,ring_rollercoaster,expert,7,1,3.0,4.0,3.0,3.0,4.0,3.0,3.7709055555555526,4.0,3.874166666666665,4.0,4.085833333333333,4.0,3.895,4.0,3.802086309523813,4.0,3.8505833519623964,4.0,23.27857521704176,24.0,6
expert__participant_7,2,20.0,DVST_XI_11-14_Aug_2025_13_11.33.24_expert_7_sea spikes_1.csv,sea_spikes,expert,7,1,3.0,4.0,3.0,3.0,4.0,3.0,3.5980522366522347,4.0,3.669999999999999,4.0,3.5725,4.0,3.6525,4.0,3.8419672619047587,4.0,3.4966116412582466,3.0,21.83163113981524,23.0,6
expert__participant_7,2,29.0,DVST_XI_11-14_Aug_2025_13_11.33.24_expert_7_suture_1.csv,suture,expert,7,1,4.0,5.0,5.0,5.0,5.0,5.0,3.934733333333331,4.0,4.107083333333333,4.0,4.129583333333334,4.0,3.7775,4.0,3.942092261904759,4.0,4.1843760966323,4.0,24.075368358537055,24.0,6
expert__participant_8,1,28.0,DVST_XI_11-14_Aug_2025_14_10.45.28_expert_8_camera target_1.csv,camera_target,expert,8,1,4.0,5.0,5.0,4.0,5.0,5.0,3.6968439555489994,4.0,4.362999999999999,4.0,3.991875000000001,4.0,3.682230158730158,4.0,3.8437116622422263,4.0,3.8686332296297676,4.0,23.446294006151152,24.0,6
expert__participant_8,1,24.0,DVST_XI_11-14_Aug_2025_14_10.45.28_expert_8_glove cut_1.csv,glove_cut,expert,8,1,4.0,4.0,4.0,4.0,4.0,4.0,3.6536802797367836,4.0,3.9910000000000005,4.0,3.7514583333333347,4.0,3.4842222222222228,3.0,3.683203282952169,4.0,3.5454534740059747,4.0,22.10901759225048,23.0,6
expert__participant_8,1,24.0,DVST_XI_11-14_Aug_2025_14_10.45.28_expert_8_ring rollercoaster_1.csv,ring_rollercoaster,expert,8,1,4.0,4.0,4.0,4.0,4.0,4.0,3.6149112993718324,4.0,4.259666666666667,4.0,4.033541666666668,4.0,3.713079365079366,4.0,3.9861665184692274,4.0,3.792669109498249,4.0,23.40003462575201,24.0,6
expert__participant_8,1,22.0,DVST_XI_11-14_Aug_2025_14_10.45.28_expert_8_sea spikes_1.csv,sea_spikes,expert,8,1,3.0,4.0,3.0,4.0,4.0,4.0,3.364699818263944,3.0,3.7593333333333336,4.0,3.482083333333334,3.0,3.299416666666666,3.0,3.577441228201677,4.0,3.4043960497195065,3.0,20.88737042951846,20.0,6
expert__participant_8,1,29.0,DVST_XI_11-14_Aug_2025_14_10.45.28_expert_8_suture_1.csv,suture,expert,8,1,5.0,5.0,5.0,5.0,4.0,5.0,3.9428266217710353,4.0,4.319999999999999,4.0,4.401458333333333,4.0,3.8273095238095234,4.0,4.129411954124919,4.0,4.197109214420787,4.0,24.818115647459596,24.0,6
trainee__participant_1,5,17.0,DVST_XI_14-16_Feb_2024_14_09.13.16_trainee_1_camera target_1.csv,camera_target,trainee,1,1,4.0,2.0,3.0,3.0,2.0,3.0,3.019790784626559,3.0,3.3351666666666673,3.0,3.234722222222224,3.0,3.42690722363634,3.0,2.9727037337662336,3.0,3.186388888888888,3.0,19.175679519806913,18.0,6
trainee__participant_1,5,15.0,DVST_XI_14-16_Feb_2024_14_09.13.16_trainee_1_glove cut_1.csv,glove_cut,trainee,1,1,3.0,2.0,2.0,3.0,2.0,3.0,2.687924418310447,3.0,2.6498333333333326,3.0,2.675277777777778,3.0,2.7366963721586113,3.0,2.5572559523809524,3.0,2.6080555555555547,3.0,15.915043409516677,18.0,6
trainee__participant_1,5,14.0,DVST_XI_14-16_Feb_2024_14_09.13.16_trainee_1_ring rollercoaster_1.csv,ring_rollercoaster,trainee,1,1,3.0,2.0,2.0,3.0,2.0,2.0,3.0338125086718843,3.0,2.8208333333333337,3.0,2.8099999999999987,3.0,2.7480969559848787,3.0,2.9483036014911024,3.0,3.1988888888888902,3.0,17.55993528837009,18.0,6
trainee__participant_1,5,13.0,DVST_XI_14-16_Feb_2024_14_09.13.16_trainee_1_sea spikes_1.csv,sea_spikes,trainee,1,1,3.0,2.0,1.0,3.0,2.0,2.0,2.9112468434343435,3.0,2.7429999999999986,3.0,2.5645833333333354,3.0,2.579850044511954,3.0,2.549922949735454,3.0,2.8738888888888887,3.0,16.22249205990397,18.0,6
trainee__participant_1,5,19.0,DVST_XI_14-16_Feb_2024_14_09.13.16_trainee_1_suture_1.csv,suture,trainee,1,1,3.0,3.0,3.0,4.0,3.0,3.0,2.8718675027962344,3.0,2.8981666666666657,3.0,2.7291666666666683,3.0,2.463423835028866,2.0,2.811691798941798,3.0,2.781944444444443,3.0,16.556260914544673,17.0,6
trainee__participant_2,1,17.0,DVST_XI_14-16_Feb_2024_14_09.13.16_trainee_2_camera target_1.csv,camera_target,trainee,2,1,4.0,2.0,3.0,3.0,2.0,3.0,2.763623629800266,3.0,2.6806666666666663,3.0,2.2129166666666653,2.0,3.0265858585858596,3.0,2.6467244914584764,3.0,2.2811755606054747,2.0,15.611692873783408,16.0,6
trainee__participant_2,1,13.0,DVST_XI_14-16_Feb_2024_14_09.13.16_trainee_2_glove cut_1.csv,glove_cut,trainee,2,1,2.0,2.0,2.0,2.0,3.0,2.0,3.38739107489616,3.0,3.0926666666666667,3.0,3.0312499999999996,3.0,3.0883293650793653,3.0,3.164876006322592,3.0,3.0172258575823165,3.0,18.7817389705471,18.0,6
trainee__participant_2,1,14.0,DVST_XI_14-16_Feb_2024_14_09.13.16_trainee_2_ring rollercoaster_1.csv,ring_rollercoaster,trainee,2,1,2.0,2.0,3.0,2.0,3.0,2.0,2.8660429605006805,3.0,2.782666666666666,3.0,2.5664583333333337,3.0,3.0714999999999995,3.0,2.9566085464107563,3.0,2.898114001919085,3.0,17.14139050883052,18.0,6
trainee__participant_2,1,15.0,DVST_XI_14-16_Feb_2024_14_09.13.16_trainee_2_sea spikes_1.csv,sea_spikes,trainee,2,1,2.0,2.0,2.0,3.0,3.0,3.0,3.3072378005985827,3.0,2.9166666666666674,3.0,2.9314583333333353,3.0,3.1229999999999998,3.0,3.027261261253266,3.0,3.0905511373238084,3.0,18.39617519917566,18.0,6
trainee__participant_3,3,15.0,DVST_XI_14-16_Feb_2024_14_09.13.16_trainee_3_camera target_1.csv,camera_target,trainee,3,1,3.0,3.0,2.0,3.0,2.0,2.0,3.079001926874621,3.0,2.881821428571429,3.0,2.9502083333333338,3.0,3.082652958784442,3.0,2.8647263658795175,3.0,3.028058104747095,3.0,17.886469118190437,18.0,6
trainee__participant_3,3,17.0,DVST_XI_14-16_Feb_2024_14_09.13.16_trainee_3_glove cut_1.csv,glove_cut,trainee,3,1,3.0,3.0,3.0,2.0,3.0,3.0,3.307129180491715,3.0,3.0712761904761896,3.0,3.0126777777777787,3.0,3.0259584417193115,3.0,3.3738738377819466,3.0,3.1302530129355586,3.0,18.9211684411825,18.0,6
trainee__participant_3,3,12.0,DVST_XI_14-16_Feb_2024_14_09.13.16_trainee_3_ring rollercoaster_1.csv,ring_rollercoaster,trainee,3,1,2.0,2.0,2.0,2.0,2.0,2.0,3.0019206064993504,3.0,2.820678571428572,3.0,2.8796075163398696,3.0,2.85562369039488,3.0,3.079708034976927,3.0,3.0046656260329505,3.0,17.64220404567255,18.0,6
trainee__participant_3,3,15.0,DVST_XI_14-16_Feb_2024_14_09.13.16_trainee_3_sea spikes_1.csv,sea_spikes,trainee,3,1,2.0,3.0,3.0,2.0,2.0,3.0,3.2805599667424774,3.0,2.9334000000000016,3.0,2.8043055555555556,3.0,3.1476937447084494,3.0,2.8313557262115054,3.0,3.0144642594417665,3.0,18.011779252659757,18.0,6
trainee__participant_3,3,19.0,DVST_XI_14-16_Feb_2024_14_09.13.16_trainee_3_suture_1.csv,suture,trainee,3,1,3.0,3.0,3.0,4.0,3.0,3.0,3.2498702457273185,3.0,2.9297333333333344,3.0,2.99875,3.0,3.083107855107855,3.0,3.213005766184331,3.0,3.0993957265168053,3.0,18.573862926869644,18.0,6
trainee__participant_4,2,16.0,DVST_XI_14-16_Feb_2024_14_09.13.16_trainee_4_camera target_1.csv,camera_target,trainee,4,1,3.0,2.0,3.0,3.0,2.0,3.0,2.9461500000000003,3.0,2.632708333333333,3.0,2.3308333333333335,2.0,2.9166666666666665,3.0,2.386309523809526,2.0,2.7427781151627415,3.0,15.9554459723056,16.0,6
trainee__participant_4,2,23.0,DVST_XI_14-16_Feb_2024_14_09.13.16_trainee_4_glove cut_1.csv,glove_cut,trainee,4,1,4.0,3.0,4.0,4.0,4.0,4.0,2.9779460317460327,3.0,2.69375,3.0,2.7004166666666665,3.0,3.0533333333333332,3.0,2.7639107142857138,3.0,2.8254340759155236,3.0,17.01479082194727,18.0,6
trainee__participant_4,2,14.0,DVST_XI_14-16_Feb_2024_14_09.13.16_trainee_4_ring rollercoaster_1.csv,ring_rollercoaster,trainee,4,1,3.0,2.0,2.0,2.0,3.0,2.0,2.7464711399711406,3.0,2.6979166666666674,3.0,2.7805122549019607,3.0,2.9033333333333333,3.0,2.847392857142859,3.0,2.806238576183713,3.0,16.781864828199677,18.0,6
trainee__participant_4,2,18.0,DVST_XI_14-16_Feb_2024_14_09.13.16_trainee_4_sea spikes_1.csv,sea_spikes,trainee,4,1,3.0,3.0,3.0,3.0,3.0,3.0,2.7901380952380936,3.0,2.7285416666666658,3.0,2.634712962962963,3.0,2.8091666666666666,3.0,2.5134226190476214,3.0,2.7720750854018985,3.0,16.248057095983906,18.0,6
trainee__participant_4,2,18.0,DVST_XI_14-16_Feb_2024_14_09.13.16_trainee_4_suture_1.csv,suture,trainee,4,1,3.0,3.0,3.0,3.0,3.0,3.0,3.0126388888888895,3.0,2.795,3.0,2.8642499999999997,3.0,2.9716666666666667,3.0,2.7871994047619033,3.0,2.9350636841260873,3.0,17.365818644443547,18.0,6
trainee__participant_5,1,7.0,DVST_XI_14-16_Feb_2024_14_09.13.16_trainee_5_camera target_1.csv,camera_target,trainee,5,1,1.0,1.0,1.0,2.0,1.0,1.0,2.6764704693386134,3.0,2.2823333333333333,2.0,1.8883333333333328,2.0,2.8049920634920626,3.0,2.4245922938186,2.0,2.035932184538365,2.0,14.112653677854308,14.0,6
trainee__participant_5,1,11.0,DVST_XI_14-16_Feb_2024_14_09.13.16_trainee_5_glove cut_1.csv,glove_cut,trainee,5,1,1.0,2.0,2.0,2.0,2.0,2.0,2.8863069028795656,3.0,2.608000000000001,3.0,2.528958333333333,3.0,2.992888888888889,3.0,2.8590664019559515,3.0,2.636369569067823,3.0,16.511590096125563,18.0,6
trainee__participant_5,1,17.0,DVST_XI_14-16_Feb_2024_14_09.13.16_trainee_5_ring rollercoaster_1.csv,ring_rollercoaster,trainee,5,1,3.0,3.0,3.0,2.0,3.0,3.0,2.544782108267559,3.0,2.4546666666666668,2.0,2.190833333333333,2.0,2.979242063492064,3.0,2.5602888741996357,3.0,2.2003652933840137,2.0,14.930178339343271,15.0,6
trainee__participant_5,1,16.0,DVST_XI_14-16_Feb_2024_14_09.13.16_trainee_5_sea spikes_1.csv,sea_spikes,trainee,5,1,3.0,3.0,2.0,2.0,3.0,3.0,2.8598892712041755,3.0,2.5633333333333335,3.0,2.418333333333333,2.0,3.044166666666667,3.0,2.802596308762436,3.0,2.5834606676862992,3.0,16.271779580986244,17.0,6
trainee__participant_5,1,16.0,DVST_XI_14-16_Feb_2024_14_09.13.16_trainee_5_suture_1.csv,suture,trainee,5,1,3.0,3.0,2.0,2.0,3.0,3.0,2.903957197204604,3.0,2.8483333333333336,3.0,2.666458333333333,3.0,3.038880952380953,3.0,2.987996114935122,3.0,2.8366834372901595,3.0,17.282309368477506,18.0,6
trainee__participant_1,5,19.0,DVST_XI_14-16_Feb_2024_16_08.32.59_trainee_1_camera target_2.csv,camera_target,trainee,1,2,3.0,3.0,4.0,3.0,3.0,3.0,3.1220426483238968,3.0,2.985966666666666,3.0,2.9568055555555564,3.0,2.983510148143221,3.0,2.7245813492063506,3.0,3.0472222222222216,3.0,17.82012859011791,18.0,6
trainee__participant_1,5,19.0,DVST_XI_14-16_Feb_2024_16_08.32.59_trainee_1_glove cut_2.csv,glove_cut,trainee,1,2,3.0,3.0,3.0,4.0,3.0,3.0,3.0016888483248785,3.0,2.940833333333333,3.0,2.906944444444445,3.0,3.630872611341373,4.0,2.65373611111111,3.0,2.8370833333333336,3.0,17.971158681888475,19.0,6
trainee__participant_1,5,20.0,DVST_XI_14-16_Feb_2024_16_08.32.59_trainee_1_ring rollercoaster_2.csv,ring_rollercoaster,trainee,1,2,3.0,3.0,3.0,4.0,3.0,4.0,3.0462983919806375,3.0,3.2009523809523803,3.0,3.2973611111111127,3.0,3.0592107454092177,3.0,3.1592162999038007,3.0,3.315833333333332,3.0,19.07887226269048,18.0,6
trainee__participant_1,5,19.0,DVST_XI_14-16_Feb_2024_16_08.32.59_trainee_1_sea spikes_2.csv,sea_spikes,trainee,1,2,3.0,3.0,3.0,4.0,3.0,3.0,3.5210453554577725,4.0,3.3336666666666677,3.0,3.0486111111111107,3.0,3.046230428852034,3.0,2.917241973304477,3.0,3.135,3.0,19.001795535392063,19.0,6
trainee__participant_1,5,17.0,DVST_XI_14-16_Feb_2024_16_08.32.59_trainee_1_suture_2.csv,suture,trainee,1,2,3.0,3.0,2.0,3.0,3.0,3.0,3.177973563762628,3.0,3.037166666666667,3.0,2.896527777777778,3.0,3.139247233259337,3.0,3.1215409336034354,3.0,3.233333333333334,3.0,18.605789508403177,18.0,6
trainee__participant_2,1,16.0,DVST_XI_14-16_Feb_2024_16_08.32.59_trainee_2_camera target_2.csv,camera_target,trainee,2,2,2.0,3.0,3.0,2.0,3.0,3.0,3.3588050958564293,3.0,3.2250000000000005,3.0,3.439166666666667,3.0,3.283252525252525,3.0,3.0648512166786555,3.0,3.1973580965259814,3.0,19.56843360098026,18.0,6
trainee__participant_2,1,19.0,DVST_XI_14-16_Feb_2024_16_08.32.59_trainee_2_glove cut_2.csv,glove_cut,trainee,2,2,3.0,3.0,3.0,4.0,3.0,3.0,3.0718641277260286,3.0,2.881666666666667,3.0,2.718125,3.0,3.2117063492063496,3.0,3.0205509740385112,3.0,2.9658223835487854,3.0,17.86973550118634,18.0,6
trainee__participant_2,1,21.0,DVST_XI_14-16_Feb_2024_16_08.32.59_trainee_2_ring rollercoaster_2.csv,ring_rollercoaster,trainee,2,2,4.0,3.0,4.0,3.0,3.0,4.0,2.781790599924162,3.0,2.706666666666667,3.0,2.434166666666666,2.0,2.9778333333333324,3.0,2.9460932119287215,3.0,2.8826265535020266,3.0,16.729177032021575,17.0,6
trainee__participant_2,1,17.0,DVST_XI_14-16_Feb_2024_16_08.32.59_trainee_2_sea spikes_2.csv,sea_spikes,trainee,2,2,4.0,3.0,2.0,3.0,2.0,3.0,3.1731108945836652,3.0,3.025666666666667,3.0,2.9891666666666667,3.0,3.275587301587302,3.0,2.9580674109092358,3.0,3.0238905133305733,3.0,18.44548945374411,18.0,6
trainee__participant_2,1,22.0,DVST_XI_14-16_Feb_2024_16_08.32.59_trainee_2_suture_2.csv,suture,trainee,2,2,3.0,4.0,4.0,3.0,4.0,4.0,3.630130618278938,4.0,3.508666666666668,4.0,3.746458333333332,4.0,3.483232804232804,3.0,3.506548307400958,4.0,3.6566535515633056,4.0,21.531690281476006,23.0,6
trainee__participant_3,3,23.0,DVST_XI_14-16_Feb_2024_16_08.32.59_trainee_3_camera target_2.csv,camera_target,trainee,3,2,4.0,4.0,4.0,4.0,3.0,4.0,3.183456014432979,3.0,3.144692857142858,3.0,3.347914562289561,3.0,3.1782124828620817,3.0,2.9415776992041875,3.0,3.1388279434013713,3.0,18.934681559333036,18.0,6
trainee__participant_3,3,19.0,DVST_XI_14-16_Feb_2024_16_08.32.59_trainee_3_glove cut_2.csv,glove_cut,trainee,3,2,3.0,3.0,3.0,4.0,3.0,3.0,3.35847653445971,3.0,3.0566047619047625,3.0,3.1738299663299645,3.0,3.4540899470899467,3.0,3.3420562736526827,3.0,3.2665094874822875,3.0,19.651566970919355,18.0,6
trainee__participant_3,3,21.0,DVST_XI_14-16_Feb_2024_16_08.32.59_trainee_3_ring rollercoaster_2.csv,ring_rollercoaster,trainee,3,2,4.0,3.0,4.0,3.0,3.0,4.0,3.119826858056992,3.0,3.272159523809524,3.0,2.973529040404039,3.0,3.3144158953436453,3.0,3.1909421367444795,3.0,3.2117204416053977,3.0,19.082593895964077,18.0,6
trainee__participant_3,3,17.0,DVST_XI_14-16_Feb_2024_16_08.32.59_trainee_3_sea spikes_2.csv,sea_spikes,trainee,3,2,4.0,3.0,2.0,3.0,2.0,3.0,3.3749878295437936,3.0,3.326016666666667,3.0,3.1931938374125863,3.0,3.1156656258868543,3.0,3.128810036272125,3.0,3.1848936676590998,3.0,19.323567663441125,18.0,6
trainee__participant_3,3,22.0,DVST_XI_14-16_Feb_2024_16_08.32.59_trainee_3_suture_2.csv,suture,trainee,3,2,3.0,4.0,4.0,3.0,4.0,4.0,3.733698192804651,4.0,3.699631746031745,4.0,3.851527777777779,4.0,3.4662640901771344,3.0,3.800435383636557,4.0,3.888618470415771,4.0,22.440175660843636,23.0,6
trainee__participant_4,2,23.0,DVST_XI_14-16_Feb_2024_16_08.32.59_trainee_4_camera target_2.csv,camera_target,trainee,4,2,4.0,4.0,4.0,4.0,3.0,4.0,3.202917032967034,3.0,3.088541666666667,3.0,3.084907407407407,3.0,3.1133333333333333,3.0,2.8752083333333345,3.0,3.124989507470306,3.0,18.48989728117808,18.0,6
trainee__participant_4,2,24.0,DVST_XI_14-16_Feb_2024_16_08.32.59_trainee_4_glove cut_2.csv,glove_cut,trainee,4,2,4.0,4.0,4.0,4.0,4.0,4.0,3.0743650793650796,3.0,2.9937500000000004,3.0,2.9302900326797383,3.0,3.3875,3.0,2.917449404761905,3.0,3.0064672910346735,3.0,18.309821807841395,18.0,6
trainee__participant_4,2,24.0,DVST_XI_14-16_Feb_2024_16_08.32.59_trainee_4_ring rollercoaster_2.csv,ring_rollercoaster,trainee,4,2,4.0,4.0,4.0,4.0,4.0,4.0,3.194761904761907,3.0,3.0368749999999993,3.0,3.0498039215686275,3.0,3.065,3.0,3.023086309523807,3.0,3.038028315965593,3.0,18.407555451819935,18.0,6
trainee__participant_4,2,24.0,DVST_XI_14-16_Feb_2024_16_08.32.59_trainee_4_sea spikes_2.csv,sea_spikes,trainee,4,2,4.0,4.0,4.0,4.0,4.0,4.0,3.409646031746029,3.0,3.184791666666667,3.0,2.889387254901961,3.0,3.1308333333333334,3.0,2.807053571428572,3.0,3.1012336663973326,3.0,18.522945524473894,18.0,6
trainee__participant_4,2,22.0,DVST_XI_14-16_Feb_2024_16_08.32.59_trainee_4_suture_2.csv,suture,trainee,4,2,4.0,3.0,4.0,3.0,4.0,4.0,3.3793285714285695,3.0,3.586458333333332,4.0,3.60875,4.0,3.3333333333333335,3.0,3.320193452380949,3.0,3.5230628279134883,4.0,20.751126518389672,21.0,6
trainee__participant_5,1,21.0,DVST_XI_14-16_Feb_2024_16_08.32.59_trainee_5_camera target_2.csv,camera_target,trainee,5,2,4.0,4.0,3.0,4.0,3.0,3.0,3.1112944612549147,3.0,3.008333333333334,3.0,3.3143749999999996,3.0,3.224753968253968,3.0,2.9935787137372243,3.0,3.081710074738157,3.0,18.7340455513176,18.0,6
trainee__participant_5,1,19.0,DVST_XI_14-16_Feb_2024_16_08.32.59_trainee_5_glove cut_2.csv,glove_cut,trainee,5,2,4.0,3.0,3.0,4.0,2.0,3.0,2.950548566825842,3.0,2.8773333333333335,3.0,2.7812499999999987,3.0,3.2582857142857145,3.0,2.8712890904772608,3.0,2.8137652752558258,3.0,17.552471980177973,18.0,6
trainee__participant_5,1,23.0,DVST_XI_14-16_Feb_2024_16_08.32.59_trainee_5_ring rollercoaster_2.csv,ring_rollercoaster,trainee,5,2,3.0,4.0,4.0,4.0,4.0,4.0,2.6775279463061974,3.0,2.587,3.0,2.2256250000000004,2.0,2.7910198412698417,3.0,2.8591321239804213,3.0,2.716314900408103,3.0,15.856619811964563,17.0,6
trainee__participant_5,1,21.0,DVST_XI_14-16_Feb_2024_16_08.32.59_trainee_5_sea spikes_2.csv,sea_spikes,trainee,5,2,4.0,4.0,2.0,4.0,3.0,4.0,3.339879737353572,3.0,3.171333333333334,3.0,3.2049999999999987,3.0,3.4448333333333343,3.0,3.09031955552021,3.0,3.2377283496191906,3.0,19.48909430915964,18.0,6
trainee__participant_5,1,21.0,DVST_XI_14-16_Feb_2024_16_08.32.59_trainee_5_suture_2.csv,suture,trainee,5,2,4.0,3.0,3.0,4.0,4.0,3.0,3.0434912589884164,3.0,2.9266666666666676,3.0,2.835416666666666,3.0,2.943408730158731,3.0,3.0944564900162677,3.0,2.919479783853826,3.0,17.762919596350574,18.0,6
expert__participant_5,4,30.0,DVST_XI_19-22_May_2025_21_09.43.23_expert_5_camera target_1.csv,camera_target,expert,5,1,5.0,5.0,5.0,5.0,5.0,5.0,3.776543946228914,4.0,4.191,4.0,3.747222222222223,4.0,3.741666288857095,4.0,3.5672222222222216,4.0,3.914,4.0,22.937654679530453,24.0,6
expert__participant_5,4,24.0,DVST_XI_19-22_May_2025_21_09.43.23_expert_5_glove cut_1.csv,glove_cut,expert,5,1,4.0,4.0,4.0,4.0,4.0,4.0,3.666089854879398,4.0,3.397818181818183,3.0,3.241111111111112,3.0,3.4151078529199883,3.0,3.263888888888889,3.0,3.362,3.0,20.34601588961757,19.0,6
expert__participant_5,4,24.0,DVST_XI_19-22_May_2025_21_09.43.23_expert_5_ring rollercoaster_1.csv,ring_rollercoaster,expert,5,1,4.0,4.0,4.0,4.0,4.0,4.0,3.4967709957383373,3.0,3.7504393939393936,4.0,3.714444444444444,4.0,3.4789939070869758,3.0,3.455,3.0,3.66,4.0,21.55564874120915,21.0,6
expert__participant_5,4,24.0,DVST_XI_19-22_May_2025_21_09.43.23_expert_5_sea spikes_1.csv,sea_spikes,expert,5,1,4.0,4.0,4.0,4.0,4.0,4.0,3.7478212456279354,4.0,3.975333333333334,4.0,3.8322222222222218,4.0,3.632404261610993,4.0,3.5594444444444444,4.0,3.806,4.0,22.55322550723893,24.0,6
expert__participant_5,4,29.0,DVST_XI_19-22_May_2025_21_09.43.23_expert_5_suture_1.csv,suture,expert,5,1,5.0,5.0,5.0,5.0,4.0,5.0,3.8447276954139866,4.0,3.817333333333333,4.0,3.896111111111111,4.0,3.652735426647115,4.0,3.6633333333333336,4.0,3.858,4.0,22.73224089983888,24.0,6
trainee__participant_37,3,16.0,DVST_XI_19-22_May_2025_22_09.34.36_trainee_37_camera target_2.csv,camera_target,trainee,37,2,2.0,3.0,3.0,2.0,3.0,3.0,3.2617717543786626,3.0,3.092830952380952,3.0,3.085,3.0,3.089668423364076,3.0,3.062912545674235,3.0,3.0102949054624912,3.0,18.602478581260417,18.0,6
trainee__participant_37,3,19.0,DVST_XI_19-22_May_2025_22_09.34.36_trainee_37_glove cut_2.csv,glove_cut,trainee,37,2,4.0,3.0,3.0,4.0,2.0,3.0,3.934308377631064,4.0,3.5083611111111126,4.0,3.4773611111111102,3.0,3.3614292929292935,3.0,3.233465118697887,3.0,3.5436726718399685,4.0,21.058597683320432,21.0,6
trainee__participant_38,2,22.0,DVST_XI_19-22_May_2025_22_09.34.36_trainee_38_camera target_2.csv,camera_target,trainee,38,2,4.0,4.0,4.0,4.0,2.0,4.0,3.8517801587301546,4.0,4.051458333333333,4.0,4.22125,4.0,4.09,4.0,3.685821428571426,4.0,3.914156557202066,4.0,23.81446647783698,24.0,6
trainee__participant_38,2,18.0,DVST_XI_19-22_May_2025_22_09.34.36_trainee_38_glove cut_2.csv,glove_cut,trainee,38,2,4.0,3.0,3.0,3.0,2.0,3.0,3.7697649572649556,4.0,3.624166666666666,4.0,3.567083333333333,4.0,3.9675,4.0,3.4306488095238103,3.0,3.6577316165108824,4.0,22.016895383299648,23.0,6
trainee__participant_39,5,19.0,DVST_XI_19-22_May_2025_22_09.34.36_trainee_39_camera target_2.csv,camera_target,trainee,39,2,2.0,4.0,4.0,3.0,3.0,3.0,3.638024711399711,4.0,4.0055,4.0,4.033888888888889,4.0,3.76687119287661,4.0,3.5157063492063534,4.0,3.9502777777777784,4.0,22.910268920149342,24.0,6
trainee__participant_39,5,22.0,DVST_XI_19-22_May_2025_22_09.34.36_trainee_39_glove cut_2.csv,glove_cut,trainee,39,2,4.0,3.0,4.0,4.0,3.0,4.0,3.720090523192087,4.0,3.660600000000002,4.0,3.0728472222222223,3.0,3.8849079964869446,4.0,3.4027212301587295,3.0,3.509722222222224,4.0,21.25088919428221,22.0,6
trainee__participant_40,4,24.0,DVST_XI_19-22_May_2025_22_09.34.36_trainee_40_camera target_2.csv,camera_target,trainee,40,2,4.0,4.0,4.0,4.0,4.0,4.0,3.701210527892865,4.0,4.009333333333333,4.0,3.9272222222222233,4.0,3.7734865893966845,4.0,3.5116666666666645,4.0,3.72,4.0,22.64291933951177,24.0,6
trainee__participant_40,4,24.0,DVST_XI_19-22_May_2025_22_09.34.36_trainee_40_glove cut_2.csv,glove_cut,trainee,40,2,4.0,4.0,4.0,4.0,4.0,4.0,3.6119669955563287,4.0,3.4327777777777775,3.0,3.561666666666666,4.0,3.8339744556780424,4.0,3.157777777777778,3.0,3.614,4.0,21.212163673456594,22.0,6
trainee__participant_41,3,20.0,DVST_XI_19-22_May_2025_22_09.34.36_trainee_41_camera target_2.csv,camera_target,trainee,41,2,2.0,4.0,3.0,4.0,4.0,3.0,3.5887054280046162,4.0,3.217145238095238,3.0,3.3242414529914517,3.0,3.176335090030742,3.0,3.119560701035954,3.0,3.0792479671531963,3.0,19.505235877311197,19.0,6
trainee__participant_41,3,19.0,DVST_XI_19-22_May_2025_22_09.34.36_trainee_41_glove cut_2.csv,glove_cut,trainee,41,2,4.0,3.0,3.0,3.0,3.0,3.0,3.751772046182359,4.0,3.313312698412699,3.0,3.1074999999999986,3.0,3.2847904040404043,3.0,3.0990629164342374,3.0,3.2143668610803022,3.0,19.77080492615,19.0,6
trainee__participant_42,2,19.0,DVST_XI_19-22_May_2025_22_09.34.36_trainee_42_camera target_2.csv,camera_target,trainee,42,2,4.0,3.0,3.0,3.0,3.0,3.0,2.8622063492063488,3.0,3.389583333333332,3.0,3.1625,3.0,3.0541666666666667,3.0,3.122851190476193,3.0,3.0237112307889364,3.0,18.615018770471476,18.0,6
trainee__participant_42,2,16.0,DVST_XI_19-22_May_2025_22_09.34.36_trainee_42_glove cut_2.csv,glove_cut,trainee,42,2,4.0,3.0,2.0,2.0,2.0,3.0,3.4526316239316244,3.0,3.177916666666668,3.0,3.1145833333333335,3.0,3.433333333333333,3.0,3.096153273809524,3.0,3.0392311401389422,3.0,19.313849371213426,18.0,6
trainee__participant_31,1,15.0,DVST_XI_6-8_Mar_2025_06_10.41.14_trainee_31_ring rollercoaster_1.csv,ring_rollercoaster,trainee,31,1,2.0,2.0,3.0,3.0,2.0,3.0,2.8133181495640014,3.0,2.7436666666666665,3.0,2.8260416666666663,3.0,3.037055555555555,3.0,3.1615340395856935,3.0,2.949549652220372,3.0,17.531165730258955,18.0,6
trainee__participant_31,1,13.0,DVST_XI_6-8_Mar_2025_06_10.41.14_trainee_31_sea spikes_1.csv,sea_spikes,trainee,31,1,2.0,3.0,2.0,2.0,2.0,2.0,2.8602890496688365,3.0,2.662333333333333,3.0,2.8045833333333325,3.0,2.9636388888888883,3.0,3.092994331827744,3.0,2.8657629605490778,3.0,17.24960189760121,18.0,6
trainee__participant_32,3,20.0,DVST_XI_6-8_Mar_2025_06_10.41.14_trainee_32_camera target_1.csv,camera_target,trainee,32,1,4.0,3.0,3.0,4.0,3.0,3.0,3.2724439773688703,3.0,3.282944444444444,3.0,3.4903544372294353,3.0,3.526035409035409,4.0,3.217746687771605,3.0,3.3596069171445113,3.0,20.149131872994275,19.0,6
trainee__participant_32,3,17.0,DVST_XI_6-8_Mar_2025_06_10.41.14_trainee_32_ring rollercoaster_1.csv,ring_rollercoaster,trainee,32,1,3.0,2.0,2.0,3.0,4.0,3.0,2.7246174040805458,3.0,2.7968357142857143,3.0,2.5506638888888897,3.0,3.1022126789693765,3.0,2.860355253171806,3.0,2.861366271742105,3.0,16.896051211138438,18.0,6
trainee__participant_32,3,14.0,DVST_XI_6-8_Mar_2025_06_10.41.14_trainee_32_sea spikes_1.csv,sea_spikes,trainee,32,1,2.0,2.0,2.0,4.0,2.0,2.0,3.668878167015013,4.0,3.8108809523809515,4.0,3.689722222222223,4.0,3.6511111111111116,4.0,3.67764218244636,4.0,4.059993381256489,4.0,22.55822801643215,24.0,6
trainee__participant_33,4,23.0,DVST_XI_6-8_Mar_2025_06_10.41.14_trainee_33_camera target_1.csv,camera_target,trainee,33,1,4.0,3.0,4.0,4.0,4.0,4.0,3.356970081365988,3.0,3.4294444444444454,3.0,3.7055555555555553,4.0,3.317459289578274,3.0,3.113062678062678,3.0,3.312,3.0,20.234492049006942,19.0,6
trainee__participant_33,4,21.0,DVST_XI_6-8_Mar_2025_06_10.41.14_trainee_33_ring rollercoaster_1.csv,ring_rollercoaster,trainee,33,1,4.0,4.0,2.0,3.0,4.0,4.0,3.0487447092132545,3.0,3.3203333333333345,3.0,3.4516666666666667,3.0,3.315299624651894,3.0,3.107190476190475,3.0,3.286,3.0,19.529234810055627,18.0,6
trainee__participant_33,4,16.0,DVST_XI_6-8_Mar_2025_06_10.41.14_trainee_33_sea spikes_1.csv,sea_spikes,trainee,33,1,3.0,2.0,3.0,2.0,3.0,3.0,3.0657328137200897,3.0,3.0605281385281393,3.0,3.088888888888889,3.0,3.2989212057879773,3.0,3.0584126984126967,3.0,3.018,3.0,18.590483745337792,18.0,6
trainee__participant_34,2,18.0,DVST_XI_6-8_Mar_2025_06_10.41.14_trainee_34_camera target_1.csv,camera_target,trainee,34,1,3.0,3.0,3.0,4.0,2.0,3.0,3.2774575091575064,3.0,3.2724999999999995,3.0,3.339236111111111,3.0,3.4125,3.0,3.120785714285712,3.0,3.290524689804066,3.0,19.713004024358394,18.0,6
trainee__participant_34,2,14.0,DVST_XI_6-8_Mar_2025_06_10.41.14_trainee_34_ring rollercoaster_1.csv,ring_rollercoaster,trainee,34,1,2.0,2.0,2.0,3.0,3.0,2.0,2.7601392857142883,3.0,2.533958333333336,3.0,2.3183333333333334,2.0,2.745,3.0,2.5701577380952405,3.0,2.3694082478886687,2.0,15.296996938364867,16.0,6
trainee__participant_34,2,14.0,DVST_XI_6-8_Mar_2025_06_10.41.14_trainee_34_sea spikes_1.csv,sea_spikes,trainee,34,1,2.0,3.0,2.0,3.0,2.0,2.0,2.584517063492064,3.0,2.6025000000000027,3.0,2.0320833333333335,2.0,2.7333333333333334,3.0,2.488541666666667,2.0,2.402105940574767,2.0,14.843081337400168,15.0,6
trainee__participant_35,2,18.0,DVST_XI_6-8_Mar_2025_06_10.41.14_trainee_35_ring rollercoaster_1.csv,ring_rollercoaster,trainee,35,1,3.0,3.0,2.0,4.0,3.0,3.0,2.5360908730158727,3.0,2.5447916666666672,3.0,2.296666666666667,2.0,2.8866666666666667,3.0,2.8150238095238103,3.0,2.8390011487690536,3.0,15.918240831308736,17.0,6
trainee__participant_35,2,15.0,DVST_XI_6-8_Mar_2025_06_10.41.14_trainee_35_sea spikes_1.csv,sea_spikes,trainee,35,1,2.0,2.0,3.0,3.0,3.0,2.0,2.4919361111111105,2.0,2.7525,3.0,2.339583333333333,2.0,2.8066666666666666,3.0,2.689333333333332,3.0,2.7745006105115833,3.0,15.854520054956026,16.0,6
trainee__participant_36,1,19.0,DVST_XI_6-8_Mar_2025_06_10.41.14_trainee_36_ring rollercoaster_1.csv,ring_rollercoaster,trainee,36,1,3.0,4.0,2.0,4.0,3.0,3.0,2.5678668806882494,3.0,2.5710000000000006,3.0,2.143541666666667,2.0,3.126686507936508,3.0,2.9122420198498142,3.0,2.6112280332711824,3.0,15.932565108412422,17.0,6
trainee__participant_36,1,16.0,DVST_XI_6-8_Mar_2025_06_10.41.14_trainee_36_sea spikes_1.csv,sea_spikes,trainee,36,1,2.0,3.0,2.0,3.0,3.0,3.0,2.705664301456648,3.0,2.6519999999999997,3.0,2.731666666666667,3.0,2.972968253968254,3.0,2.8584053427505527,3.0,2.534480806421102,3.0,16.455185371263223,18.0,6
expert__participant_1,1,26.0,DVST_XI_6-8_Mar_2025_07_11.56.53_expert_1_camera target_1.csv,camera_target,expert,1,1,5.0,4.0,5.0,4.0,4.0,4.0,3.635416233953563,4.0,4.311333333333334,4.0,4.041666666666665,4.0,3.864166666666666,4.0,3.8797540102680887,4.0,3.898245076973329,4.0,23.630581987861643,24.0,6
expert__participant_1,1,20.0,DVST_XI_6-8_Mar_2025_07_11.56.53_expert_1_glove cut_1.csv,glove_cut,expert,1,1,3.0,4.0,4.0,3.0,3.0,3.0,3.583396333926637,4.0,3.457666666666667,3.0,3.6097916666666676,4.0,3.4204999999999997,3.0,3.588383524393593,4.0,3.518347037862414,4.0,21.17808522951598,22.0,6
expert__participant_1,1,21.0,DVST_XI_6-8_Mar_2025_07_11.56.53_expert_1_ring rollercoaster_1.csv,ring_rollercoaster,expert,1,1,4.0,4.0,4.0,3.0,3.0,3.0,3.448758528447934,3.0,3.801999999999999,4.0,3.856249999999999,4.0,3.3369444444444443,3.0,3.563537457029713,4.0,3.5457014013350863,4.0,21.553191831257177,22.0,6
expert__participant_1,1,23.0,DVST_XI_6-8_Mar_2025_07_11.56.53_expert_1_sea spikes_1.csv,sea_spikes,expert,1,1,4.0,4.0,4.0,3.0,4.0,4.0,3.7434967596121953,4.0,4.006999999999999,4.0,3.8639583333333314,4.0,3.616722222222222,4.0,3.746368704596676,4.0,3.7400931256655303,4.0,22.717639145429953,24.0,6
expert__participant_1,1,26.0,DVST_XI_6-8_Mar_2025_07_11.56.53_expert_1_suture_1.csv,suture,expert,1,1,5.0,4.0,5.0,4.0,4.0,4.0,3.790859212478185,4.0,3.867666666666667,4.0,4.127291666666667,4.0,3.65476984126984,4.0,3.8202699247981013,4.0,3.8698233738763665,4.0,23.130680685755827,24.0,6
expert__participant_2,5,25.0,DVST_XI_6-8_Mar_2025_07_11.56.53_expert_2_camera target_1.csv,camera_target,expert,2,1,4.0,5.0,4.0,4.0,4.0,4.0,3.803527333777333,4.0,3.903833333333334,4.0,4.0768055555555565,4.0,3.524586694924946,4.0,3.5089169973544925,4.0,3.670277777777779,4.0,22.48794769272344,24.0,6
expert__participant_2,5,19.0,DVST_XI_6-8_Mar_2025_07_11.56.53_expert_2_glove cut_1.csv,glove_cut,expert,2,1,4.0,3.0,3.0,3.0,3.0,3.0,3.323072648552428,3.0,3.0580666666666674,3.0,2.7358333333333333,3.0,2.648800661362452,3.0,3.19978869047619,3.0,3.109583333333333,3.0,18.075145333724404,18.0,6
expert__participant_2,5,20.0,DVST_XI_6-8_Mar_2025_07_11.56.53_expert_2_ring rollercoaster_1.csv,ring_rollercoaster,expert,2,1,3.0,4.0,4.0,3.0,3.0,3.0,3.3633792817949186,3.0,3.3498857142857137,3.0,3.6726388888888906,4.0,3.166315796351444,3.0,3.437077050264548,3.0,3.3772222222222226,3.0,20.366518953807738,19.0,6
expert__participant_2,5,18.0,DVST_XI_6-8_Mar_2025_07_11.56.53_expert_2_sea spikes_1.csv,sea_spikes,expert,2,1,3.0,3.0,3.0,3.0,3.0,3.0,3.5644333721833714,4.0,3.4107380952380946,3.0,3.528472222222223,4.0,3.3164841745263587,3.0,3.345986441798945,3.0,3.4426388888888892,3.0,20.608753194857883,20.0,6
trainee__participant_31,1,16.0,DVST_XI_6-8_Mar_2025_07_11.56.53_trainee_31_glove cut_1.csv,glove_cut,trainee,31,1,1.0,3.0,3.0,3.0,3.0,3.0,3.1227787969506524,3.0,2.765000000000001,3.0,2.7631250000000005,3.0,2.7755119047619043,3.0,3.194225928876561,3.0,2.906010151616248,3.0,17.526651782205366,18.0,6
trainee__participant_32,3,13.0,DVST_XI_6-8_Mar_2025_07_11.56.53_trainee_32_glove cut_1.csv,glove_cut,trainee,32,1,3.0,2.0,2.0,1.0,3.0,2.0,3.3456308282836664,3.0,2.994719047619048,3.0,3.1238425925925926,3.0,3.114059523809524,3.0,3.948068132695134,4.0,3.032746736846244,3.0,19.559066861846212,19.0,6
trainee__participant_33,4,19.0,DVST_XI_6-8_Mar_2025_07_11.56.53_trainee_33_camera target_2.csv,camera_target,trainee,33,2,3.0,3.0,3.0,4.0,3.0,3.0,3.213061892162819,3.0,3.327147727272727,3.0,3.617222222222222,4.0,3.14251209787925,3.0,3.0699999999999994,3.0,3.158,3.0,19.527943939537018,19.0,6
trainee__participant_33,4,18.0,DVST_XI_6-8_Mar_2025_07_11.56.53_trainee_33_glove cut_1.csv,glove_cut,trainee,33,1,3.0,3.0,3.0,3.0,3.0,3.0,3.309388735924377,3.0,3.016017149517149,3.0,3.138333333333333,3.0,3.104716486880865,3.0,3.2772962962962953,3.0,3.182,3.0,19.02775200195202,18.0,6
trainee__participant_33,4,20.0,DVST_XI_6-8_Mar_2025_07_11.56.53_trainee_33_sea spikes_2.csv,sea_spikes,trainee,33,2,4.0,4.0,3.0,2.0,4.0,3.0,3.1893248073016114,3.0,3.1462000000000003,3.0,3.132222222222222,3.0,2.962657802964982,3.0,3.097746031746033,3.0,3.072,3.0,18.60015086423485,18.0,6
trainee__participant_34,2,12.0,DVST_XI_6-8_Mar_2025_07_11.56.53_trainee_34_glove cut_1.csv,glove_cut,trainee,34,1,1.0,2.0,3.0,3.0,1.0,2.0,2.6982380952380964,3.0,2.6420833333333342,3.0,2.2275,2.0,2.694166666666667,3.0,2.7090863095238102,3.0,2.2366747896598733,2.0,15.20774919442178,16.0,6
trainee__participant_35,2,18.0,DVST_XI_6-8_Mar_2025_07_11.56.53_trainee_35_camera target_2.csv,camera_target,trainee,35,2,2.0,3.0,4.0,2.0,4.0,3.0,3.43136984126984,3.0,3.4862499999999996,3.0,3.6908333333333334,4.0,3.2583333333333333,3.0,3.268857142857144,3.0,3.5255428907098167,4.0,20.66118654150347,20.0,6
trainee__participant_35,2,16.0,DVST_XI_6-8_Mar_2025_07_11.56.53_trainee_35_glove cut_1.csv,glove_cut,trainee,35,1,3.0,2.0,3.0,3.0,2.0,3.0,3.2295333333333343,3.0,3.2808333333333337,3.0,3.2472222222222222,3.0,2.8983333333333334,3.0,3.3758184523809542,3.0,3.103876016801369,3.0,19.135616691404547,18.0,6
trainee__participant_35,2,21.0,DVST_XI_6-8_Mar_2025_07_11.56.53_trainee_35_sea spikes_2.csv,sea_spikes,trainee,35,2,4.0,3.0,3.0,4.0,4.0,3.0,3.342475757575757,3.0,3.4600000000000004,3.0,3.5,4.0,3.1425,3.0,3.2379910714285716,3.0,3.443182451716218,3.0,20.126149280720547,19.0,6
trainee__participant_36,1,18.0,DVST_XI_6-8_Mar_2025_07_11.56.53_trainee_36_glove cut_1.csv,glove_cut,trainee,36,1,3.0,3.0,3.0,2.0,4.0,3.0,3.259034673368098,3.0,3.012,3.0,2.9860416666666665,3.0,2.984611111111111,3.0,3.1450089835679536,3.0,3.023127924932575,3.0,18.409824359646404,18.0,6
expert__participant_3,4,27.0,DVST_XI_6-8_Mar_2025_08_08.21.32_expert_3_camera target_1.csv,camera_target,expert,3,1,5.0,5.0,4.0,5.0,4.0,4.0,3.358746691607846,3.0,3.6643333333333348,4.0,3.7800000000000007,4.0,3.3117718709805657,3.0,3.1899999999999995,3.0,3.6,4.0,20.904851895921748,21.0,6
expert__participant_3,4,21.0,DVST_XI_6-8_Mar_2025_08_08.21.32_expert_3_ring rollercoaster_1.csv,ring_rollercoaster,expert,3,1,3.0,4.0,4.0,3.0,3.0,4.0,3.2948341689057252,3.0,3.3410000000000015,3.0,3.692777777777778,4.0,3.1770718871073824,3.0,3.1438888888888883,3.0,3.468,3.0,20.11757272267978,19.0,6
expert__participant_3,4,23.0,DVST_XI_6-8_Mar_2025_08_08.21.32_expert_3_sea spikes_1.csv,sea_spikes,expert,3,1,4.0,4.0,4.0,3.0,4.0,4.0,3.366477312415768,3.0,3.446333333333335,3.0,3.6816666666666675,4.0,3.203914896705366,3.0,3.17,3.0,3.466,3.0,20.33439220912114,19.0,6
expert__participant_3,4,28.0,DVST_XI_6-8_Mar_2025_08_08.21.32_expert_3_suture_1.csv,suture,expert,3,1,5.0,5.0,4.0,5.0,4.0,5.0,3.370491774689223,3.0,3.397000000000001,3.0,3.798888888888889,4.0,3.3445481256885166,3.0,3.3155555555555556,3.0,3.644,4.0,20.870484344822188,20.0,6
expert__participant_6,3,25.0,DVST_XI_7-11_Jul_2025_10_09.40.17_expert_6_camera target_1.csv,camera_target,expert,6,1,4.0,5.0,4.0,4.0,4.0,4.0,3.889485307453488,4.0,4.031885714285715,4.0,4.006527777777779,4.0,3.8916666666666666,4.0,3.6672809508989426,4.0,3.935043861714719,4.0,23.421890278797306,24.0,6
expert__participant_6,3,23.0,DVST_XI_7-11_Jul_2025_10_09.40.17_expert_6_glove cut_1.csv,glove_cut,expert,6,1,3.0,4.0,4.0,4.0,4.0,4.0,3.687676283714507,4.0,3.667930303030303,4.0,3.6253645833333326,4.0,3.671175716440423,4.0,3.5403704451590072,4.0,3.7578386348806423,4.0,21.950355966558217,24.0,6
expert__participant_6,3,23.0,DVST_XI_7-11_Jul_2025_10_09.40.17_expert_6_ring rollercoaster_1.csv,ring_rollercoaster,expert,6,1,3.0,4.0,4.0,4.0,4.0,4.0,3.8943116534427173,4.0,3.932773160173161,4.0,3.8665277777777782,4.0,3.7422222222222223,4.0,3.589162150370508,4.0,3.921870703073094,4.0,22.94686766705948,24.0,6
expert__participant_6,3,23.0,DVST_XI_7-11_Jul_2025_10_09.40.17_expert_6_sea spikes_1.csv,sea_spikes,expert,6,1,4.0,4.0,4.0,3.0,4.0,4.0,3.77014034891989,4.0,3.835627922077923,4.0,3.7916666666666687,4.0,3.6977777777777776,4.0,3.469037035493241,3.0,3.7594268148475884,4.0,22.32367656578309,23.0,6
expert__participant_6,3,26.0,DVST_XI_7-11_Jul_2025_10_09.40.17_expert_6_suture_1.csv,suture,expert,6,1,5.0,4.0,4.0,5.0,4.0,4.0,3.8804356786660956,4.0,3.7539722222222234,4.0,3.8695833333333365,4.0,3.602420033670033,4.0,3.6400440624861092,4.0,3.9143675370372404,4.0,22.660822867415035,24.0,6
trainee__participant_10,5,14.0,DVST_XI_7-11_Mar_2024_08_13.12.17_trainee_10_ring rollercoaster_1.csv,ring_rollercoaster,trainee,10,1,2.0,3.0,2.0,2.0,3.0,2.0,2.850418776165164,3.0,3.375833333333332,3.0,2.855138888888891,3.0,3.0199945324785715,3.0,3.1762232443482437,3.0,3.0420833333333337,3.0,18.319692108547535,18.0,6
trainee__participant_10,5,22.0,DVST_XI_7-11_Mar_2024_08_13.12.17_trainee_10_sea spikes_1.csv,sea_spikes,trainee,10,1,4.0,4.0,3.0,4.0,3.0,4.0,2.810628687284938,3.0,2.689166666666666,3.0,2.5711111111111133,3.0,2.908008367775934,3.0,2.622716179653681,3.0,2.7883333333333336,3.0,16.389964345825664,18.0,6
trainee__participant_11,1,18.0,DVST_XI_7-11_Mar_2024_08_13.12.17_trainee_11_ring rollercoaster_1.csv,ring_rollercoaster,trainee,11,1,3.0,3.0,3.0,3.0,3.0,3.0,2.8084876976014366,3.0,2.615000000000001,3.0,2.3150000000000004,2.0,2.980714285714286,3.0,2.8474741786894384,3.0,2.8550302391141935,3.0,16.421706401119355,17.0,6
trainee__participant_11,1,18.0,DVST_XI_7-11_Mar_2024_08_13.12.17_trainee_11_sea spikes_1.csv,sea_spikes,trainee,11,1,3.0,3.0,3.0,3.0,3.0,3.0,3.2502759324751684,3.0,3.3779999999999992,3.0,3.1652083333333336,3.0,3.0107182539682533,3.0,3.038897771431538,3.0,3.1992522558111736,3.0,19.042352547019465,18.0,6
trainee__participant_6,5,16.0,DVST_XI_7-11_Mar_2024_08_13.12.17_trainee_6_ring rollercoaster_1.csv,ring_rollercoaster,trainee,6,1,2.0,3.0,3.0,2.0,3.0,3.0,3.309831574675323,3.0,3.546000000000002,4.0,3.33125,3.0,3.2283623137993382,3.0,3.2667219215969214,3.0,3.47625,3.0,20.158415810071585,19.0,6
trainee__participant_6,5,16.0,DVST_XI_7-11_Mar_2024_08_13.12.17_trainee_6_sea spikes_1.csv,sea_spikes,trainee,6,1,2.0,3.0,3.0,3.0,2.0,3.0,2.808215073121325,3.0,2.849666666666667,3.0,2.8419444444444455,3.0,2.83850215212258,3.0,2.732411165223668,3.0,2.8876388888888886,3.0,16.958378390467573,18.0,6
trainee__participant_7,4,15.0,DVST_XI_7-11_Mar_2024_08_13.12.17_trainee_7_ring rollercoaster_1.csv,ring_rollercoaster,trainee,7,1,2.0,3.0,2.0,2.0,3.0,3.0,2.8595389772984947,3.0,2.7863873699400012,3.0,2.6877777777777774,3.0,3.0076356276789245,3.0,2.746111111111112,3.0,3.018,3.0,17.10545086380631,18.0,6
trainee__participant_7,4,19.0,DVST_XI_7-11_Mar_2024_08_13.12.17_trainee_7_sea spikes_1.csv,sea_spikes,trainee,7,1,3.0,3.0,4.0,3.0,3.0,3.0,2.7981597855555793,3.0,2.8295757575757574,3.0,2.4694444444444437,2.0,3.0082598434126044,3.0,2.548888888888889,3.0,2.934,3.0,16.588328719877275,17.0,6
trainee__participant_8,5,12.0,DVST_XI_7-11_Mar_2024_08_13.12.17_trainee_8_ring rollercoaster_1.csv,ring_rollercoaster,trainee,8,1,2.0,2.0,2.0,2.0,2.0,2.0,2.704466095685925,3.0,2.723000000000001,3.0,2.418611111111111,2.0,2.771493050740664,3.0,2.924211309523807,3.0,2.813888888888888,3.0,16.355670455950396,17.0,6
trainee__participant_8,5,18.0,DVST_XI_7-11_Mar_2024_08_13.12.17_trainee_8_sea spikes_1.csv,sea_spikes,trainee,8,1,3.0,3.0,3.0,3.0,3.0,3.0,2.8120585509245153,3.0,3.008285714285714,3.0,2.864305555555556,3.0,2.641690424260275,3.0,2.9577742604617603,3.0,2.904166666666666,3.0,17.188281172154486,18.0,6
trainee__participant_9,4,14.0,DVST_XI_7-11_Mar_2024_08_13.12.17_trainee_9_ring rollercoaster_1.csv,ring_rollercoaster,trainee,9,1,2.0,3.0,2.0,2.0,3.0,2.0,2.928397523675906,3.0,3.0781738816738824,3.0,2.9911111111111115,3.0,3.043560324700327,3.0,3.013988603988604,3.0,3.32,3.0,18.37523144514983,18.0,6
trainee__participant_9,4,18.0,DVST_XI_7-11_Mar_2024_08_13.12.17_trainee_9_sea spikes_1.csv,sea_spikes,trainee,9,1,3.0,3.0,3.0,3.0,3.0,3.0,3.1631952975102924,3.0,3.088570464623096,3.0,3.0116666666666663,3.0,3.1345689367292953,3.0,2.8322222222222226,3.0,3.184,3.0,18.41422358775157,18.0,6
trainee__participant_10,5,18.0,DVST_XI_7-11_Mar_2024_09_10.19.01_trainee_10_glove cut_1.csv,glove_cut,trainee,10,1,3.0,3.0,3.0,3.0,3.0,3.0,2.1336600725663204,2.0,2.5735000000000006,3.0,2.1255555555555556,2.0,2.808452181864855,3.0,2.2683134920634953,2.0,2.33125,2.0,14.240731302050225,14.0,6
trainee__participant_11,1,10.0,DVST_XI_7-11_Mar_2024_09_10.19.01_trainee_11_camera target_1.csv,camera_target,trainee,11,1,2.0,2.0,1.0,2.0,1.0,2.0,2.6405534035403493,3.0,2.347666666666667,2.0,1.9124999999999994,2.0,2.7481731601731605,3.0,2.199338773055095,2.0,1.88154029604863,2.0,13.729772299483901,14.0,6
trainee__participant_11,1,18.0,DVST_XI_7-11_Mar_2024_09_10.19.01_trainee_11_glove cut_1.csv,glove_cut,trainee,11,1,3.0,3.0,3.0,3.0,3.0,3.0,3.2243805174514906,3.0,2.953,3.0,2.9460416666666664,3.0,3.079801587301587,3.0,3.1023744861313887,3.0,3.051536519114719,3.0,18.357134776665852,18.0,6
trainee__participant_6,5,16.0,DVST_XI_7-11_Mar_2024_09_10.19.01_trainee_6_camera target_1.csv,camera_target,trainee,6,1,4.0,2.0,2.0,3.0,2.0,3.0,3.1172679686141054,3.0,3.1013333333333346,3.0,3.125833333333334,3.0,2.804072318261075,3.0,2.873934523809522,3.0,3.0224999999999995,3.0,18.04494147735137,18.0,6
trainee__participant_6,5,15.0,DVST_XI_7-11_Mar_2024_09_10.19.01_trainee_6_glove cut_1.csv,glove_cut,trainee,6,1,2.0,3.0,2.0,3.0,3.0,2.0,2.0369258623321103,2.0,2.416999999999999,2.0,2.188055555555556,2.0,2.7442785439751756,3.0,2.1056478174603206,2.0,2.1491666666666664,2.0,13.641074445989828,13.0,6
trainee__participant_7,4,17.0,DVST_XI_7-11_Mar_2024_09_10.19.01_trainee_7_camera target_1.csv,camera_target,trainee,7,1,3.0,3.0,3.0,2.0,3.0,3.0,3.210032410674577,3.0,2.9910000000000014,3.0,2.6566666666666667,3.0,3.3042011036812005,3.0,2.878333333333334,3.0,3.104,3.0,18.14423351435578,18.0,6
trainee__participant_7,4,15.0,DVST_XI_7-11_Mar_2024_09_10.19.01_trainee_7_glove cut_1.csv,glove_cut,trainee,7,1,2.0,3.0,2.0,3.0,3.0,2.0,2.9177060914052237,3.0,2.8568388888888894,3.0,2.423888888888889,2.0,2.942538067676594,3.0,2.9080366161616156,3.0,2.982,3.0,17.031008553021213,17.0,6
trainee__participant_8,5,10.0,DVST_XI_7-11_Mar_2024_09_10.19.01_trainee_8_camera target_1.csv,camera_target,trainee,8,1,3.0,2.0,1.0,2.0,1.0,1.0,2.120807834526582,2.0,2.0494999999999988,2.0,1.5456944444444418,2.0,2.6144437012432427,3.0,1.8303838383838362,2.0,1.7772222222222225,2.0,11.938052040820324,13.0,6
trainee__participant_8,5,17.0,DVST_XI_7-11_Mar_2024_09_10.19.01_trainee_8_glove cut_1.csv,glove_cut,trainee,8,1,3.0,3.0,2.0,3.0,3.0,3.0,2.8374388301882636,3.0,2.8685,3.0,2.575972222222224,3.0,2.9278644368058733,3.0,3.054785714285718,3.0,2.779027777777777,3.0,17.043588981279854,18.0,6
trainee__participant_9,4,19.0,DVST_XI_7-11_Mar_2024_09_10.19.01_trainee_9_camera target_1.csv,camera_target,trainee,9,1,3.0,3.0,4.0,3.0,3.0,3.0,3.3794773273833107,3.0,3.188666666666666,3.0,3.1133333333333337,3.0,3.222583644121118,3.0,2.8683333333333327,3.0,3.178,3.0,18.95039430483776,18.0,6
trainee__participant_9,4,18.0,DVST_XI_7-11_Mar_2024_09_10.19.01_trainee_9_glove cut_1.csv,glove_cut,trainee,9,1,3.0,3.0,3.0,3.0,3.0,3.0,3.107368361692946,3.0,2.907493650793652,3.0,2.8822222222222225,3.0,3.1456528766136067,3.0,3.0324305555555564,3.0,3.07,3.0,18.145167666877985,18.0,6
trainee__participant_10,5,19.0,DVST_XI_7-11_Mar_2024_09_13.46.11_trainee_10_suture_1.csv,suture,trainee,10,1,4.0,3.0,3.0,3.0,3.0,3.0,3.3428651377096306,3.0,3.3174999999999994,3.0,3.3216666666666663,3.0,3.4334577022047967,3.0,3.3525287698412725,3.0,3.347638888888888,3.0,20.11565716531125,18.0,6
trainee__participant_11,1,18.0,DVST_XI_7-11_Mar_2024_09_13.46.11_trainee_11_suture_1.csv,suture,trainee,11,1,3.0,3.0,3.0,3.0,3.0,3.0,3.089908333853367,3.0,3.177666666666667,3.0,3.0299999999999994,3.0,3.147039682539681,3.0,3.062626814509691,3.0,3.150913566105916,3.0,18.658155063675324,18.0,6
trainee__participant_6,5,12.0,DVST_XI_7-11_Mar_2024_09_13.46.11_trainee_6_suture_1.csv,suture,trainee,6,1,2.0,2.0,2.0,2.0,2.0,2.0,3.0827435571828774,3.0,3.0983333333333323,3.0,3.041527777777778,3.0,2.9096320350535048,3.0,3.031045544733051,3.0,3.10138888888889,3.0,18.264671136969433,18.0,6
trainee__participant_7,4,17.0,DVST_XI_7-11_Mar_2024_09_13.46.11_trainee_7_suture_1.csv,suture,trainee,7,1,3.0,3.0,3.0,2.0,3.0,3.0,3.049441319810152,3.0,2.840865057165057,3.0,2.755555555555556,3.0,3.0652537713334556,3.0,2.9888034188034194,3.0,2.858,3.0,17.55791912266764,18.0,6
trainee__participant_8,5,17.0,DVST_XI_7-11_Mar_2024_09_13.46.11_trainee_8_suture_1.csv,suture,trainee,8,1,2.0,3.0,3.0,3.0,3.0,3.0,3.1107591113199673,3.0,3.172166666666667,3.0,3.115138888888889,3.0,3.20658785166103,3.0,3.326042658730159,3.0,3.1065277777777767,3.0,19.03722295504449,18.0,6
trainee__participant_9,4,16.0,DVST_XI_7-11_Mar_2024_09_13.46.11_trainee_9_suture_1.csv,suture,trainee,9,1,3.0,3.0,3.0,4.0,3.0,,3.182235748151578,3.0,2.868764935064935,3.0,2.7455555555555557,3.0,2.9747822787303932,3.0,3.102692307692307,3.0,,,14.874030825194769,15.0,5
trainee__participant_10,5,18.0,DVST_XI_7-11_Mar_2024_10_08.59.30_trainee_10_ring rollercoaster_2.csv,ring_rollercoaster,trainee,10,2,3.0,3.0,3.0,3.0,3.0,3.0,2.9912446813055347,3.0,3.0206666666666657,3.0,2.9722222222222237,3.0,3.0592105621742167,3.0,3.149512926887925,3.0,3.017499999999999,3.0,18.210357059256562,18.0,6
trainee__participant_10,5,22.0,DVST_XI_7-11_Mar_2024_10_08.59.30_trainee_10_sea spikes_2.csv,sea_spikes,trainee,10,2,4.0,4.0,3.0,3.0,4.0,4.0,3.366247852153448,3.0,3.4276666666666675,3.0,3.2915277777777785,3.0,3.1765772459470556,3.0,3.1394434523809513,3.0,3.268333333333333,3.0,19.669796328259235,18.0,6
trainee__participant_11,1,16.0,DVST_XI_7-11_Mar_2024_10_08.59.30_trainee_11_ring rollercoaster_2.csv,ring_rollercoaster,trainee,11,2,2.0,3.0,3.0,2.0,3.0,3.0,2.902830535599664,3.0,2.937666666666666,3.0,2.855624999999999,3.0,2.947936507936508,3.0,3.0329146887710436,3.0,2.9805762005157046,3.0,17.657549599489585,18.0,6
trainee__participant_11,1,18.0,DVST_XI_7-11_Mar_2024_10_08.59.30_trainee_11_sea spikes_2.csv,sea_spikes,trainee,11,2,3.0,3.0,3.0,3.0,3.0,3.0,3.4786629860108826,3.0,3.384333333333334,3.0,3.3329166666666667,3.0,3.2087380952380955,3.0,3.213485419539287,3.0,3.3075789068627106,3.0,19.925715407650976,18.0,6
trainee__participant_6,5,18.0,DVST_XI_7-11_Mar_2024_10_08.59.30_trainee_6_ring rollercoaster_2.csv,ring_rollercoaster,trainee,6,2,3.0,3.0,3.0,3.0,3.0,3.0,3.3805289864101553,3.0,3.7325000000000004,4.0,3.707500000000001,4.0,3.401265181757369,3.0,3.3228168290043287,3.0,3.6549999999999985,4.0,21.199610997171852,21.0,6
trainee__participant_6,5,20.0,DVST_XI_7-11_Mar_2024_10_08.59.30_trainee_6_sea spikes_2.csv,sea_spikes,trainee,6,2,3.0,4.0,4.0,3.0,3.0,3.0,3.6139348834644895,4.0,3.6083000000000003,4.0,3.3855555555555563,3.0,3.2816978159090398,3.0,3.3791210317460343,3.0,3.804722222222222,4.0,21.07333150889734,21.0,6
trainee__participant_7,4,18.0,DVST_XI_7-11_Mar_2024_10_08.59.30_trainee_7_ring rollercoaster_2.csv,ring_rollercoaster,trainee,7,2,3.0,3.0,3.0,3.0,3.0,3.0,3.100818522205113,3.0,3.168266666666667,3.0,3.123333333333334,3.0,3.1150743639417318,3.0,3.1678774928774915,3.0,3.43,3.0,19.105370379024336,18.0,6
trainee__participant_7,4,20.0,DVST_XI_7-11_Mar_2024_10_08.59.30_trainee_7_sea spikes_2.csv,sea_spikes,trainee,7,2,4.0,4.0,3.0,3.0,3.0,3.0,3.2112438516331125,3.0,3.068698268398268,3.0,2.8988888888888886,3.0,3.0443489343443924,3.0,3.011190476190477,3.0,3.122,3.0,18.35637041945514,18.0,6
trainee__participant_8,5,16.0,DVST_XI_7-11_Mar_2024_10_08.59.30_trainee_8_ring rollercoaster_2.csv,ring_rollercoaster,trainee,8,2,2.0,3.0,2.0,3.0,3.0,3.0,2.953823923968754,3.0,2.9789999999999988,3.0,2.953611111111113,3.0,2.76314276664246,3.0,3.170878336940832,3.0,2.99986111111111,3.0,17.82031724977427,18.0,6
trainee__participant_8,5,20.0,DVST_XI_7-11_Mar_2024_10_08.59.30_trainee_8_sea spikes_2.csv,sea_spikes,trainee,8,2,4.0,3.0,3.0,3.0,4.0,3.0,3.145991419989122,3.0,3.2384999999999997,3.0,3.180972222222224,3.0,2.9116246919676994,3.0,3.1026125541125564,3.0,3.097361111111111,3.0,18.67706199940271,18.0,6
trainee__participant_9,4,20.0,DVST_XI_7-11_Mar_2024_10_08.59.30_trainee_9_ring rollercoaster_2.csv,ring_rollercoaster,trainee,9,2,3.0,4.0,3.0,4.0,3.0,3.0,3.0250721401167766,3.0,3.145411976911976,3.0,3.138888888888889,3.0,3.1377589296434247,3.0,3.0463756613756616,3.0,3.166,3.0,18.659507596936727,18.0,6
trainee__participant_9,4,22.0,DVST_XI_7-11_Mar_2024_10_08.59.30_trainee_9_sea spikes_2.csv,sea_spikes,trainee,9,2,4.0,4.0,3.0,4.0,3.0,4.0,3.309915138475511,3.0,3.254700757575757,3.0,3.0866666666666673,3.0,3.091396649509426,3.0,3.0211050061050058,3.0,3.218,3.0,18.98178421833237,18.0,6
trainee__participant_12,4,21.0,DVST_XI_Griffin_16-19_07_2024_16_08.46.09_trainee_12_glove cut_1.csv,glove_cut,trainee,12,1,4.0,4.0,3.0,3.0,4.0,3.0,3.068824189734712,3.0,2.9326854034854044,3.0,3.0305555555555554,3.0,2.8276848945804347,3.0,3.3319835534835525,3.0,2.702,3.0,17.89373359683966,18.0,6
trainee__participant_12,4,16.0,DVST_XI_Griffin_16-19_07_2024_16_08.46.09_trainee_12_ring rollercoaster_1.csv,ring_rollercoaster,trainee,12,1,3.0,2.0,2.0,3.0,3.0,3.0,3.118275783338385,3.0,3.403134199134199,3.0,3.6872222222222226,4.0,3.153874346890929,3.0,3.1390911172161173,3.0,3.37,3.0,19.871597668801854,19.0,6
trainee__participant_12,4,12.0,DVST_XI_Griffin_16-19_07_2024_16_08.46.09_trainee_12_sea spikes_1.csv,sea_spikes,trainee,12,1,3.0,3.0,,2.0,2.0,2.0,3.170007861472337,3.0,3.1184675324675326,3.0,,,2.9392673804184217,3.0,3.1578571428571425,3.0,3.036,3.0,15.421599917215433,15.0,5
trainee__participant_14,2,11.0,DVST_XI_Griffin_16-19_07_2024_16_08.46.09_trainee_14_glove cut_1.csv,glove_cut,trainee,14,1,2.0,1.0,2.0,2.0,2.0,2.0,2.988683333333333,3.0,3.189583333333332,3.0,3.1523333333333334,3.0,2.8825,3.0,3.1865892857142843,3.0,2.9610941962350044,3.0,18.360783481949287,18.0,6
trainee__participant_14,2,16.0,DVST_XI_Griffin_16-19_07_2024_16_08.46.09_trainee_14_ring rollercoaster_1.csv,ring_rollercoaster,trainee,14,1,3.0,2.0,3.0,3.0,2.0,3.0,3.2319924242424234,3.0,3.3147916666666664,3.0,3.4215972222222217,3.0,3.2725,3.0,3.1270178571428557,3.0,3.452188068104418,3.0,19.820087238378587,18.0,6
trainee__participant_14,2,12.0,DVST_XI_Griffin_16-19_07_2024_16_08.46.09_trainee_14_sea spikes_1.csv,sea_spikes,trainee,14,1,2.0,2.0,2.0,2.0,2.0,2.0,2.581275000000001,3.0,2.4235416666666687,2.0,2.2,2.0,2.6858333333333335,3.0,2.4913303571428584,2.0,2.359929394539698,2.0,14.741909751682561,14.0,6
trainee__participant_14,2,15.0,DVST_XI_Griffin_16-19_07_2024_16_08.46.09_trainee_14_suture_1.csv,suture,trainee,14,1,3.0,3.0,2.0,1.0,4.0,2.0,3.197066666666664,3.0,3.443333333333334,3.0,3.3306666666666667,3.0,3.1258333333333335,3.0,3.394267857142858,3.0,3.2190567088905464,3.0,19.710224566033403,18.0,6
trainee__participant_15,3,17.0,DVST_XI_Griffin_16-19_07_2024_16_08.46.09_trainee_15_glove cut_1.csv,glove_cut,trainee,15,1,3.0,3.0,3.0,2.0,4.0,2.0,3.1635068825476504,3.0,3.0848087301587306,3.0,3.058142806267808,3.0,2.671346079692308,3.0,3.286388164124044,3.0,2.9764084645399227,3.0,18.240601127330464,18.0,6
trainee__participant_15,3,18.0,DVST_XI_Griffin_16-19_07_2024_16_08.46.09_trainee_15_ring rollercoaster_1.csv,ring_rollercoaster,trainee,15,1,2.0,3.0,4.0,3.0,3.0,3.0,3.1702648106880362,3.0,3.4128015873015864,3.0,3.1963438644688664,3.0,3.181237259816207,3.0,3.2507518263967223,3.0,3.4371978033155832,3.0,19.648597151987,18.0,6
trainee__participant_15,3,20.0,DVST_XI_Griffin_16-19_07_2024_16_08.46.09_trainee_15_sea spikes_1.csv,sea_spikes,trainee,15,1,4.0,3.0,3.0,4.0,3.0,3.0,3.1661651420062795,3.0,3.2364111111111096,3.0,3.173611111111112,3.0,3.2381547619047617,3.0,3.1515026472960246,3.0,3.433301736644239,3.0,19.399146510073525,18.0,6
trainee__participant_15,3,15.0,DVST_XI_Griffin_16-19_07_2024_16_08.46.09_trainee_15_suture_1.csv,suture,trainee,15,1,2.0,3.0,3.0,3.0,2.0,2.0,2.937166097488942,3.0,3.0149857142857135,3.0,2.833333333333332,3.0,3.118821105625453,3.0,3.646062346807571,4.0,2.948997353457975,3.0,18.49936595099899,19.0,6
trainee__participant_16,4,15.0,DVST_XI_Griffin_16-19_07_2024_16_08.46.09_trainee_16_glove cut_1.csv,glove_cut,trainee,16,1,3.0,2.0,3.0,2.0,2.0,3.0,3.036830380844908,3.0,2.9076724164724164,3.0,2.781666666666667,3.0,2.76054067367278,3.0,3.331161616161616,3.0,2.596,3.0,17.41387175381839,18.0,6
trainee__participant_16,4,20.0,DVST_XI_Griffin_16-19_07_2024_16_08.46.09_trainee_16_ring rollercoaster_1.csv,ring_rollercoaster,trainee,16,1,2.0,4.0,4.0,3.0,4.0,3.0,3.078246832671459,3.0,3.1380865800865805,3.0,3.252777777777778,3.0,3.0012256820710563,3.0,2.9611904761904766,3.0,3.008,3.0,18.439527348797352,18.0,6
trainee__participant_16,4,16.0,DVST_XI_Griffin_16-19_07_2024_16_08.46.09_trainee_16_sea spikes_1.csv,sea_spikes,trainee,16,1,3.0,2.0,3.0,3.0,2.0,3.0,2.887834015059096,3.0,2.745733022533022,3.0,2.8377777777777777,3.0,2.898454591749509,3.0,2.686666666666668,3.0,2.594,3.0,16.650466073786074,18.0,6
trainee__participant_16,4,21.0,DVST_XI_Griffin_16-19_07_2024_16_08.46.09_trainee_16_suture_1.csv,suture,trainee,16,1,3.0,4.0,3.0,4.0,4.0,3.0,2.571701975322368,3.0,2.848193939393939,3.0,2.690555555555556,3.0,2.963224489358995,3.0,2.883333333333333,3.0,2.64,3.0,16.597009292964188,18.0,6
trainee__participant_12,4,16.0,DVST_XI_Griffin_16-19_07_2024_17_12.20.23_trainee_12_camera target_1.csv,camera_target,trainee,12,1,3.0,2.0,3.0,4.0,1.0,3.0,3.3482310690974777,3.0,3.68095238095238,4.0,3.7777777777777777,4.0,3.499710241542276,3.0,3.2655555555555558,3.0,3.594,4.0,21.16622702492547,21.0,6
trainee__participant_13,3,19.0,DVST_XI_Griffin_16-19_07_2024_17_12.20.23_trainee_13_camera target_1.csv,camera_target,trainee,13,1,3.0,4.0,4.0,3.0,2.0,3.0,3.1164487047020644,3.0,3.316133333333334,3.0,3.537718855218855,4.0,3.1786585977375443,3.0,3.1638426598058436,3.0,3.296706040957207,3.0,19.609508191754852,19.0,6
trainee__participant_13,3,23.0,DVST_XI_Griffin_16-19_07_2024_17_12.20.23_trainee_13_glove cut_1.csv,glove_cut,trainee,13,1,4.0,4.0,4.0,3.0,4.0,4.0,3.145703553108599,3.0,2.987033333333333,3.0,3.1082744107744107,3.0,3.1808626336372323,3.0,3.1761125869585802,3.0,3.2173910311828493,3.0,18.815377548995006,18.0,6
trainee__participant_13,3,17.0,DVST_XI_Griffin_16-19_07_2024_17_12.20.23_trainee_13_ring rollercoaster_1.csv,ring_rollercoaster,trainee,13,1,2.0,3.0,4.0,2.0,3.0,3.0,3.335782352822564,3.0,3.5318166666666677,4.0,3.5531196581196567,4.0,3.4767851008640482,3.0,3.3813596896496696,3.0,3.416794460122015,3.0,20.695657928244625,20.0,6
trainee__participant_13,3,17.0,DVST_XI_Griffin_16-19_07_2024_17_12.20.23_trainee_13_sea spikes_1.csv,sea_spikes,trainee,13,1,3.0,3.0,3.0,2.0,3.0,3.0,3.406274635919453,3.0,3.3804928571428574,3.0,3.3524020655270674,3.0,2.9886765174658225,3.0,3.3123223217628825,3.0,3.2298881320972637,3.0,19.67005652991535,18.0,6
trainee__participant_13,3,23.0,DVST_XI_Griffin_16-19_07_2024_17_12.20.23_trainee_13_suture_1.csv,suture,trainee,13,1,4.0,4.0,3.0,4.0,4.0,4.0,3.3843135804591946,3.0,3.1324357142857147,3.0,3.244325396825397,3.0,3.106495655310873,3.0,3.383529503079825,3.0,3.0766136119018412,3.0,19.327713461862846,18.0,6
trainee__participant_14,2,14.0,DVST_XI_Griffin_16-19_07_2024_17_12.20.23_trainee_14_camera target_1.csv,camera_target,trainee,14,1,3.0,2.0,2.0,2.0,3.0,2.0,2.6613392857142864,3.0,2.825,3.0,2.455,2.0,2.9158333333333335,3.0,2.52225892857143,3.0,2.644276694244109,3.0,16.02370824186316,17.0,6
trainee__participant_15,3,18.0,DVST_XI_Griffin_16-19_07_2024_17_12.20.23_trainee_15_camera target_1.csv,camera_target,trainee,15,1,3.0,3.0,3.0,4.0,2.0,3.0,3.3223637686061123,3.0,3.499227777777777,3.0,3.4873611111111122,3.0,3.7122222222222225,4.0,2.9504825958741554,3.0,3.4835194514982897,3.0,20.45517692708967,19.0,6
trainee__participant_16,4,23.0,DVST_XI_Griffin_16-19_07_2024_17_12.20.23_trainee_16_camera target_1.csv,camera_target,trainee,16,1,2.0,4.0,5.0,4.0,4.0,4.0,3.25676646491875,3.0,3.3347757575757564,3.0,3.5233333333333334,4.0,3.336779808308873,3.0,3.1411111111111105,3.0,3.286,3.0,19.878766475247826,19.0,6
trainee__participant_16,4,23.0,DVST_XI_Griffin_16-19_07_2024_17_12.20.23_trainee_16_ring rollercoaster_2.csv,ring_rollercoaster,trainee,16,2,3.0,4.0,4.0,4.0,4.0,4.0,3.254711632584039,3.0,3.2981818181818183,3.0,3.377777777777778,3.0,3.2471393310661893,3.0,3.327777777777776,3.0,3.318,3.0,19.8235883373876,18.0,6
trainee__participant_12,4,28.0,DVST_XI_Griffin_16-19_07_2024_18_08.46.52_trainee_12_suture_2.csv,suture,trainee,12,2,5.0,5.0,5.0,4.0,4.0,5.0,3.6927565111978,4.0,4.096666666666668,4.0,4.6549999999999985,5.0,3.8833885229682137,4.0,4.416666666666668,4.0,4.516,5.0,25.260478367499346,26.0,6
trainee__participant_13,3,21.0,DVST_XI_Griffin_16-19_07_2024_18_08.46.52_trainee_13_sea spikes_2.csv,sea_spikes,trainee,13,2,3.0,4.0,4.0,3.0,3.0,4.0,3.839876606741754,4.0,3.7636333333333343,4.0,3.957222222222223,4.0,3.5017936507936507,4.0,3.7509831109797576,4.0,4.163126671342853,4.0,22.976635595413576,24.0,6
trainee__participant_13,3,28.0,DVST_XI_Griffin_16-19_07_2024_18_08.46.52_trainee_13_suture_2.csv,suture,trainee,13,2,4.0,5.0,5.0,5.0,4.0,5.0,4.103617721663742,4.0,3.6648142857142854,4.0,4.113611111111112,4.0,3.594190629552948,4.0,4.23773944036203,4.0,4.184077440044607,4.0,23.898050628448726,24.0,6
trainee__participant_14,2,20.0,DVST_XI_Griffin_16-19_07_2024_18_08.46.52_trainee_14_sea spikes_2.csv,sea_spikes,trainee,14,2,4.0,4.0,3.0,3.0,3.0,3.0,3.369301190476188,3.0,3.2070833333333337,3.0,3.2894191919191917,3.0,2.8208333333333333,3.0,3.2906547619047593,3.0,3.161298625191228,3.0,19.138590436158033,18.0,6
trainee__participant_14,2,29.0,DVST_XI_Griffin_16-19_07_2024_18_08.46.52_trainee_14_suture_2.csv,suture,trainee,14,2,5.0,4.0,5.0,5.0,5.0,5.0,4.199723809523811,4.0,4.593958333333332,5.0,4.5,4.0,3.7591666666666668,4.0,4.23942559523809,4.0,4.636675569011613,5.0,25.928949973773513,26.0,6
trainee__participant_15,3,23.0,DVST_XI_Griffin_16-19_07_2024_18_08.46.52_trainee_15_sea spikes_2.csv,sea_spikes,trainee,15,2,4.0,4.0,4.0,3.0,4.0,4.0,3.69507153588553,4.0,3.527966666666666,4.0,3.8587500000000015,4.0,3.2974990568427103,3.0,3.675805496758549,4.0,3.7430923968658103,4.0,21.79818515301927,23.0,6
trainee__participant_15,3,26.0,DVST_XI_Griffin_16-19_07_2024_18_08.46.52_trainee_15_suture_2.csv,suture,trainee,15,2,4.0,4.0,5.0,4.0,5.0,4.0,4.050368972980713,4.0,3.582547619047618,4.0,4.005,4.0,3.546607142857143,4.0,4.034709762163274,4.0,4.093127745774328,4.0,23.312361242823076,24.0,6
trainee__participant_16,4,21.0,DVST_XI_Griffin_16-19_07_2024_18_08.46.52_trainee_16_sea spikes_2.csv,sea_spikes,trainee,16,2,4.0,3.0,4.0,3.0,3.0,4.0,3.544763159837153,4.0,3.5035757575757582,4.0,3.535555555555556,4.0,3.1758964364834927,3.0,3.58052380952381,4.0,3.634,4.0,20.97431471897577,23.0,6
trainee__participant_16,4,29.0,DVST_XI_Griffin_16-19_07_2024_18_08.46.52_trainee_16_suture_2.csv,suture,trainee,16,2,5.0,5.0,5.0,4.0,5.0,5.0,3.612928134337263,4.0,4.106666666666669,4.0,4.522222222222221,5.0,3.6745126892219635,4.0,4.2572222222222225,4.0,4.202,4.0,24.37555193467034,25.0,6
trainee__participant_12,4,20.0,DVST_XI_Griffin_16-19_07_2024_19_09.39.41_trainee_12_glove cut_2.csv,glove_cut,trainee,12,2,4.0,4.0,3.0,2.0,4.0,3.0,3.231481338673963,3.0,2.961666666666667,3.0,3.3594444444444447,3.0,2.9793747694159523,3.0,3.2616666666666667,3.0,3.128,3.0,18.921633885867692,18.0,6
trainee__participant_13,3,17.0,DVST_XI_Griffin_16-19_07_2024_19_09.39.41_trainee_13_camera target_2.csv,camera_target,trainee,13,2,4.0,3.0,4.0,3.0,3.0,,3.9100177948312584,4.0,3.5071730158730157,4.0,3.8797222222222256,4.0,3.8141666666666674,4.0,3.8778056184024994,4.0,,,18.988885317995667,20.0,5
trainee__participant_14,2,18.0,DVST_XI_Griffin_16-19_07_2024_19_09.39.41_trainee_14_glove cut_2.csv,glove_cut,trainee,14,2,4.0,3.0,3.0,2.0,3.0,3.0,3.274969841269839,3.0,2.8410416666666687,3.0,2.925,3.0,2.885,3.0,3.371875000000001,3.0,2.860121565786414,3.0,18.15800807372292,18.0,6
trainee__participant_16,4,23.0,DVST_XI_Griffin_16-19_07_2024_19_09.39.41_trainee_16_camera target_2.csv,camera_target,trainee,16,2,4.0,3.0,4.0,4.0,4.0,4.0,3.7149333596277825,4.0,3.178999999999999,3.0,3.935,4.0,3.1273148885948463,3.0,3.2999999999999994,3.0,3.618,4.0,20.874248248222624,21.0,6
trainee__participant_16,4,24.0,DVST_XI_Griffin_16-19_07_2024_19_09.39.41_trainee_16_glove cut_2.csv,glove_cut,trainee,16,2,4.0,4.0,4.0,4.0,4.0,4.0,2.942788766047324,3.0,3.145526515151515,3.0,3.2583333333333337,3.0,3.039971891334903,3.0,3.2426666666666657,3.0,3.058,3.0,18.68728717253374,18.0,6
trainee__participant_17,1,22.0,DVST_XI_Griffin_29_sep-1_oct_2024_01_10.39.05_trainee_17_camera target_2.csv,camera_target,trainee,17,2,4.0,4.0,4.0,4.0,2.0,4.0,3.1716553559090235,3.0,3.4936666666666665,3.0,3.8968749999999996,4.0,3.5401626984126975,4.0,3.4165911191690164,3.0,3.3854971368457107,3.0,20.904447977003112,20.0,6
trainee__participant_18,3,18.0,DVST_XI_Griffin_29_sep-1_oct_2024_01_10.39.05_trainee_18_camera target_2.csv,camera_target,trainee,18,2,2.0,3.0,4.0,2.0,4.0,3.0,3.6033778722685144,4.0,3.7237896825396812,4.0,3.9020085470085473,4.0,3.751769005847953,4.0,3.2532042957535845,3.0,3.592287175729438,4.0,21.826436579147718,23.0,6
trainee__participant_19,2,18.0,DVST_XI_Griffin_29_sep-1_oct_2024_01_10.39.05_trainee_19_camera target_2.csv,camera_target,trainee,19,2,3.0,2.0,3.0,4.0,3.0,3.0,3.012603571428572,3.0,3.1679166666666667,3.0,3.1704166666666667,3.0,3.069166666666667,3.0,2.7616309523809552,3.0,2.9691154353330886,3.0,18.150849959142615,18.0,6
trainee__participant_20,5,14.0,DVST_XI_Griffin_29_sep-1_oct_2024_01_10.39.05_trainee_20_camera target_2.csv,camera_target,trainee,20,2,1.0,3.0,3.0,3.0,2.0,2.0,3.14239817821068,3.0,3.229666666666667,3.0,3.3111111111111096,3.0,2.8841096532846273,3.0,3.031595238095235,3.0,3.3301388888888868,3.0,18.929019736257207,18.0,6
trainee__participant_21,2,23.0,DVST_XI_Griffin_29_sep-1_oct_2024_01_10.39.05_trainee_21_camera target_2.csv,camera_target,trainee,21,2,4.0,4.0,4.0,4.0,3.0,4.0,3.293175757575758,3.0,3.373125,3.0,3.7129166666666666,4.0,3.3316666666666666,3.0,3.2339880952380957,3.0,3.424890913275207,3.0,20.369763099422393,19.0,6
trainee__participant_17,1,23.0,DVST_XI_Griffin_29_sep-1_oct_2024_29_09.07.40_trainee_17_camera target_1.csv,camera_target,trainee,17,1,4.0,4.0,4.0,4.0,3.0,4.0,3.247597822849478,3.0,3.1590000000000003,3.0,2.934166666666666,3.0,3.0788849206349203,3.0,2.866917319599172,3.0,3.063039127810724,3.0,18.349605857560963,18.0,6
trainee__participant_17,1,15.0,DVST_XI_Griffin_29_sep-1_oct_2024_29_09.07.40_trainee_17_suture_1.csv,suture,trainee,17,1,3.0,3.0,2.0,2.0,2.0,3.0,3.2670948724577933,3.0,3.8430000000000013,4.0,3.3506250000000004,3.0,3.5074761904761895,4.0,3.2914111530887666,3.0,3.4718140248793445,3.0,20.731421240902094,20.0,6
trainee__participant_18,3,12.0,DVST_XI_Griffin_29_sep-1_oct_2024_29_09.07.40_trainee_18_suture_1.csv,suture,trainee,18,1,2.0,2.0,2.0,2.0,2.0,2.0,3.025543576052306,3.0,3.101401587301586,3.0,2.785555555555556,3.0,2.7542063492063495,3.0,2.66559361828721,3.0,3.096568234850409,3.0,17.428868921253418,18.0,6
trainee__participant_19,2,17.0,DVST_XI_Griffin_29_sep-1_oct_2024_29_09.07.40_trainee_19_camera target_1.csv,camera_target,trainee,19,1,3.0,3.0,2.0,3.0,3.0,3.0,3.1343346320346313,3.0,2.562291666666667,3.0,2.3866666666666667,2.0,2.9808333333333334,3.0,2.074607142857143,2.0,2.2837420671070054,2.0,15.422475508665446,15.0,6
trainee__participant_19,2,16.0,DVST_XI_Griffin_29_sep-1_oct_2024_29_09.07.40_trainee_19_suture_1.csv,suture,trainee,19,1,3.0,3.0,2.0,3.0,2.0,3.0,2.9232595238095254,3.0,2.73125,3.0,2.3225,2.0,2.58,3.0,2.0299821428571434,2.0,2.3109187800213715,2.0,14.89791044668804,15.0,6
trainee__participant_20,5,15.0,DVST_XI_Griffin_29_sep-1_oct_2024_29_09.07.40_trainee_20_camera target_1.csv,camera_target,trainee,20,1,4.0,2.0,2.0,3.0,2.0,2.0,2.9164709145021646,3.0,2.970333333333332,3.0,2.3709722222222225,2.0,3.0579068721654403,3.0,2.7277285052910014,3.0,2.9926388888888877,3.0,17.03605073640305,17.0,6
trainee__participant_20,5,13.0,DVST_XI_Griffin_29_sep-1_oct_2024_29_09.07.40_trainee_20_suture_1.csv,suture,trainee,20,1,2.0,3.0,2.0,2.0,2.0,2.0,2.940163798007548,3.0,2.8898333333333337,3.0,2.5766666666666667,3.0,2.876090869379663,3.0,2.708353174603177,3.0,2.981388888888888,3.0,16.972496730879275,18.0,6
trainee__participant_21,2,19.0,DVST_XI_Griffin_29_sep-1_oct_2024_29_09.07.40_trainee_21_camera target_1.csv,camera_target,trainee,21,1,4.0,3.0,3.0,3.0,3.0,3.0,3.261699450549452,3.0,3.1958333333333337,3.0,3.0454166666666667,3.0,3.2866666666666666,3.0,2.5286160714285724,3.0,3.0242313148189424,3.0,18.342463503463634,18.0,6
trainee__participant_21,2,18.0,DVST_XI_Griffin_29_sep-1_oct_2024_29_09.07.40_trainee_21_suture_1.csv,suture,trainee,21,1,3.0,3.0,3.0,3.0,3.0,3.0,3.032665750915753,3.0,2.8975000000000013,3.0,2.55,3.0,2.5975,3.0,2.4351845238095255,2.0,2.777602345392633,3.0,16.29045262011791,17.0,6
trainee__participant_17,1,22.0,DVST_XI_Griffin_29_sep-1_oct_2024_30_12.18.00_trainee_17_glove cut_2.csv,glove_cut,trainee,17,2,4.0,3.0,4.0,3.0,5.0,3.0,3.3117876693810766,3.0,3.441666666666666,3.0,3.018541666666666,3.0,3.199611111111111,3.0,3.7941022740115584,4.0,3.2154387262982156,3.0,19.981148114135294,19.0,6
trainee__participant_17,1,22.0,DVST_XI_Griffin_29_sep-1_oct_2024_30_12.18.00_trainee_17_ring rollercoaster_2.csv,ring_rollercoaster,trainee,17,2,4.0,4.0,4.0,3.0,3.0,4.0,3.033385104319402,3.0,3.1766666666666663,3.0,3.416458333333332,3.0,3.242611111111111,3.0,3.351042725464025,3.0,3.3056788359875546,3.0,19.52584277688209,18.0,6
trainee__participant_17,1,22.0,DVST_XI_Griffin_29_sep-1_oct_2024_30_12.18.00_trainee_17_sea spikes_2.csv,sea_spikes,trainee,17,2,4.0,3.0,4.0,3.0,4.0,4.0,3.470968336469,3.0,3.690666666666667,4.0,3.8283333333333327,4.0,3.258166666666667,3.0,3.6085675003693094,4.0,3.836252509822087,4.0,21.692955013327065,22.0,6
trainee__participant_18,3,22.0,DVST_XI_Griffin_29_sep-1_oct_2024_30_12.18.00_trainee_18_glove cut_2.csv,glove_cut,trainee,18,2,3.0,5.0,3.0,3.0,5.0,3.0,3.6108106221508236,4.0,3.400842857142857,3.0,3.660138888888888,4.0,3.403991228070175,3.0,4.167572233677115,4.0,3.650287483819355,4.0,21.893643313749216,22.0,6
trainee__participant_18,3,24.0,DVST_XI_Griffin_29_sep-1_oct_2024_30_12.18.00_trainee_18_ring rollercoaster_2.csv,ring_rollercoaster,trainee,18,2,4.0,4.0,4.0,4.0,4.0,4.0,3.3040478007670786,3.0,3.478880158730159,3.0,3.568009259259256,4.0,3.3821984126984126,3.0,3.5080048570277116,4.0,3.557841484936204,4.0,20.798981973418822,21.0,6
trainee__participant_18,3,22.0,DVST_XI_Griffin_29_sep-1_oct_2024_30_12.18.00_trainee_18_sea spikes_2.csv,sea_spikes,trainee,18,2,4.0,4.0,3.0,3.0,4.0,4.0,3.5786075946934415,4.0,3.3744000000000014,3.0,3.7627777777777784,4.0,3.360678380443086,3.0,3.454364045219306,3.0,3.588468298145207,4.0,21.119296096278823,21.0,6
trainee__participant_18,3,22.0,DVST_XI_Griffin_29_sep-1_oct_2024_30_12.18.00_trainee_18_suture_2.csv,suture,trainee,18,2,4.0,4.0,4.0,3.0,3.0,4.0,3.328447061693367,3.0,3.3339523809523817,3.0,3.320000000000002,3.0,3.1741666666666672,3.0,3.3758242191438237,3.0,3.2882291406605844,3.0,19.820619469116824,18.0,6
trainee__participant_19,2,17.0,DVST_XI_Griffin_29_sep-1_oct_2024_30_12.18.00_trainee_19_glove cut_2.csv,glove_cut,trainee,19,2,2.0,3.0,2.0,3.0,4.0,3.0,3.0035440476190476,3.0,2.6464583333333325,3.0,2.6772685185185185,3.0,2.7616666666666667,3.0,3.627255952380951,4.0,2.750143931327607,3.0,17.466337449846122,19.0,6
trainee__participant_19,2,22.0,DVST_XI_Griffin_29_sep-1_oct_2024_30_12.18.00_trainee_19_ring rollercoaster_2.csv,ring_rollercoaster,trainee,19,2,4.0,3.0,3.0,4.0,4.0,4.0,2.809617857142853,3.0,3.0358333333333336,3.0,3.0483333333333333,3.0,2.9033333333333333,3.0,3.1764464285714302,3.0,2.9554393280682283,3.0,17.929003613782513,18.0,6
trainee__participant_19,2,21.0,DVST_XI_Griffin_29_sep-1_oct_2024_30_12.18.00_trainee_19_sea spikes_2.csv,sea_spikes,trainee,19,2,3.0,3.0,4.0,3.0,4.0,4.0,3.411287554112552,3.0,3.4702083333333325,3.0,3.4545833333333333,3.0,3.0091666666666668,3.0,3.3359999999999963,3.0,3.385803021040066,3.0,20.067048908485948,18.0,6
trainee__participant_20,5,17.0,DVST_XI_Griffin_29_sep-1_oct_2024_30_12.18.00_trainee_20_glove cut_2.csv,glove_cut,trainee,20,2,3.0,2.0,2.0,3.0,5.0,2.0,3.2112092803030317,3.0,3.128333333333334,3.0,2.904166666666666,3.0,2.9798256782572765,3.0,3.5269007936507903,4.0,3.1201388888888895,3.0,18.87057464109999,19.0,6
trainee__participant_20,5,21.0,DVST_XI_Griffin_29_sep-1_oct_2024_30_12.18.00_trainee_20_ring rollercoaster_2.csv,ring_rollercoaster,trainee,20,2,3.0,4.0,4.0,4.0,3.0,3.0,3.195600683170993,3.0,3.348733333333334,3.0,2.953055555555557,3.0,3.187307175683986,3.0,3.1231269841269897,3.0,3.4338888888888883,3.0,19.24171262075975,18.0,6
trainee__participant_20,5,21.0,DVST_XI_Griffin_29_sep-1_oct_2024_30_12.18.00_trainee_20_sea spikes_2.csv,sea_spikes,trainee,20,2,3.0,3.0,4.0,4.0,3.0,4.0,3.576548399517147,4.0,3.523833333333333,4.0,3.4156944444444433,3.0,3.103744398239825,3.0,3.5253730158730163,4.0,3.548472222222224,4.0,20.693665813629988,22.0,6
trainee__participant_21,2,25.0,DVST_XI_Griffin_29_sep-1_oct_2024_30_12.18.00_trainee_21_glove cut_2.csv,glove_cut,trainee,21,2,4.0,4.0,4.0,4.0,5.0,4.0,3.3068952380952363,3.0,3.5297916666666675,4.0,3.4045833333333335,3.0,2.8875,3.0,3.71490476190476,4.0,3.2039627351229005,3.0,20.047637735122898,20.0,6
trainee__participant_21,2,22.0,DVST_XI_Griffin_29_sep-1_oct_2024_30_12.18.00_trainee_21_ring rollercoaster_2.csv,ring_rollercoaster,trainee,21,2,3.0,4.0,3.0,4.0,4.0,4.0,3.1149285714285697,3.0,3.420833333333332,3.0,3.5805000000000002,4.0,3.1175,3.0,3.285041666666669,3.0,3.3158459152930253,3.0,19.834649486721595,19.0,6
trainee__participant_21,2,22.0,DVST_XI_Griffin_29_sep-1_oct_2024_30_12.18.00_trainee_21_sea spikes_2.csv,sea_spikes,trainee,21,2,4.0,3.0,4.0,4.0,3.0,4.0,3.574585714285714,4.0,3.660833333333335,4.0,3.538194444444445,4.0,3.0433333333333334,3.0,3.606738095238092,4.0,3.5833223538864853,4.0,21.007007274521406,23.0,6
trainee__participant_21,2,23.0,DVST_XI_Griffin_29_sep-1_oct_2024_30_12.18.00_trainee_21_suture_2.csv,suture,trainee,21,2,4.0,3.0,4.0,4.0,4.0,4.0,3.459138888888887,3.0,3.5599999999999983,4.0,3.4691666666666667,3.0,3.1691666666666665,3.0,3.5342083333333334,4.0,3.460038606018101,3.0,20.651719161573652,20.0,6
