model,cv_fold,n_train,n_test,inner_best_mae,mae,rmse,r2,spearman_rho
random_forest,1,152,39,2.8361619866766437,3.5638448962706137,4.383179725864145,0.4729863237892534,0.644224767483157
random_forest,2,153,38,2.991957470736527,2.7577984807353544,3.3948494442947466,0.25959407526918465,0.5004749938767631
random_forest,3,153,38,3.0521216870439973,2.314663610357389,3.179642922241064,0.10215089550363454,0.37294282196088074
random_forest,4,153,38,3.0033160143668347,2.7462326790881475,3.3387614425926126,0.1576355858776366,0.4801634115104888
random_forest,5,153,38,3.0047572079890412,3.414177791802081,4.027717312177225,0.49216745268824336,0.7797873413878949
extra_trees,1,152,39,2.7420333260218794,3.4511209128133564,4.195146221220191,0.5172330469215688,0.6538901738177906
extra_trees,2,153,38,2.9224019314905822,2.6147482664332378,3.2168570443092013,0.33519791842125835,0.5598850832795883
extra_trees,3,153,38,2.9475931293365507,2.336664340776183,3.241905660145152,0.06664384166039294,0.4108206875512389
extra_trees,4,153,38,2.8966150954308842,2.554113408521305,3.1116335149588,0.2683453889914149,0.5232549997229686
extra_trees,5,153,38,2.8871440048475194,3.2885563267142213,3.9448143367201234,0.5128578551352291,0.7912015403329111
hist_gradient_boosting,1,152,39,2.899665483435992,3.8776316972615925,4.739235662658493,0.38388761637369007,0.529460784899297
hist_gradient_boosting,2,153,38,3.1199215337314405,2.816669463010589,3.5130964736003913,0.20711719417194718,0.45800778182215096
hist_gradient_boosting,3,153,38,3.2961804788284037,2.573736085879478,3.5022065677494534,-0.08925652014530217,0.3128227213436263
hist_gradient_boosting,4,153,38,2.939211484678286,3.1786670815814064,3.8301774343180655,-0.10857994942439975,0.3561651678786593
hist_gradient_boosting,5,153,38,3.188649112629689,3.5658950206672166,4.267320205428783,0.4299498919030932,0.7426911948165917
