column,count,mean,std,min,1%,5%,25%,50%,75%,95%,99%,max
qc_fk_rows_original,248.0,49873.959677419356,29160.7237054691,1568.0,6298.2300000000005,16395.600000000002,29863.0,43400.5,62334.5,110746.99999999999,140336.77,167603.0
qc_fk_rows,248.0,49868.17741935484,29158.625116021056,1568.0,6294.0,16395.600000000002,29863.0,43396.0,62327.0,110740.99999999999,140335.36000000002,167600.0
qc_fk_rows_removed_missing_timestamp_or_usm,248.0,0.0,0.0,0.0,0.0,0.0,0.0,0.0,0.0,0.0,0.0,0.0
qc_fk_duplicate_timestamp_usm_rows_removed,248.0,5.782258064516129,6.2925448902881085,0.0,0.0,0.0,0.0,3.0,9.0,18.0,28.77000000000001,33.0
qc_fk_duration_seconds,248.0,243.38129032258064,142.2726499757485,7.65,30.7253,79.96050000000001,145.6675,211.81,304.19000000000005,540.5699999999999,684.5909,817.59
qc_fk_valid_xyz_fraction,248.0,1.0,0.0,1.0,1.0,1.0,1.0,1.0,1.0,1.0,1.0,1.0
fk_camera_usms,248.0,1.0,0.0,1.0,1.0,1.0,1.0,1.0,1.0,1.0,1.0,1.0
fk_instrument_usm_count,248.0,3.0,0.0,3.0,3.0,3.0,3.0,3.0,3.0,3.0,3.0,3.0
fk_camera_usm_count,248.0,1.0,0.0,1.0,1.0,1.0,1.0,1.0,1.0,1.0,1.0,1.0
USM0_pose_global_n_samples,248.0,12467.04435483871,7289.656279005264,392.0,1573.5,4098.900000000001,7465.75,10849.0,15581.75,27685.249999999996,35083.840000000004,41900.0
USM0_pose_global_duration_seconds,248.0,243.38129032258064,142.2726499757485,7.65,30.7253,79.96050000000001,145.6675,211.81,304.19000000000005,540.5699999999999,684.5909,817.59
USM0_pose_global_median_dt_seconds,248.0,0.01999999999999814,3.620592872853186e-15,0.0199999999999818,0.0199999999999818,0.019999999999996,0.0199999999999995,0.0199999999999995,0.0199999999999995,0.0199999999999995,0.0199999999999995,0.02
USM0_pose_global_sample_rate_hz,248.0,50.00000000000449,9.095414939975625e-12,49.99999999999996,50.000000000001066,50.000000000001066,50.000000000001066,50.000000000001066,50.000000000001066,50.00000000000995,50.00000000004548,50.00000000004548
USM0_pose_global_max_gap_seconds,248.0,0.0766935483871022,0.07835062658940732,0.0300000000000011,0.0300000000000011,0.039999999999992,0.0400000000000062,0.0499999999999971,0.0600000000000022,0.2530000000000012,0.4112000000000039,0.5400000000000063
USM0_pose_global_raw_path_l2,248.0,1.3824790490698968,0.8299836877061677,0.0,0.11418514725934878,0.3366217068369118,0.831661497814385,1.190257046667987,1.7850401782665943,3.033431810759777,3.9838115546198227,5.141956874400716
USM0_pose_global_path_l2,248.0,1.5555397430533435,0.9332353772657028,5.927193431046882e-15,0.1322334621206723,0.38092413941910835,0.9622272861352631,1.3471108588842082,2.005620637326478,3.3016779858506666,4.357868744395617,7.011332595678066
USM0_pose_global_net_displacement_l2,248.0,0.07286265684637146,0.2722182033758502,2.4827765763866867e-16,0.0030963985834468384,0.009329804412391505,0.018426793179955023,0.03099782860673605,0.051450346641854196,0.1718142907432213,0.24571445222541172,3.3589816304314573
USM0_pose_global_movement_economy,248.0,0.0642659432904433,0.11628495661485762,0.0013681930666923,0.001957826374649801,0.004637551395146946,0.0113248295729811,0.019545372850787397,0.052680397960065704,0.2960305907921678,0.5902407606508192,0.6975173660487348
USM0_pose_global_mean_speed_l2,248.0,0.008202202687695998,0.011298908976651166,3.0105012568534418e-15,0.0012032524838387732,0.0023372961383833755,0.004486912926890375,0.0070142711450113995,0.009536973616020124,0.014640795600621401,0.01973333326794787,0.1689045179024577
USM0_pose_global_rms_speed_l2,248.0,0.038202640997225104,0.12283919908011857,6.4142091111576265e-15,0.003674465568716744,0.011034973425838495,0.01749482772966975,0.024136752974237098,0.034735367764302576,0.05784854592776362,0.08497047267520835,1.660460872871845
USM0_pose_global_max_speed_l2,248.0,0.8381585225800289,3.10154105278811,5.3307355926104513e-14,0.14037572631469658,0.2438724730013373,0.3660465858994146,0.49773324588264484,0.605295878267459,1.0521440992058582,3.843849659767936,39.67552818351205
USM0_pose_global_mean_acceleration_l2,248.0,0.1461987192995788,0.26337743856345386,2.501673382639168e-13,0.015163475752258225,0.040180364343276154,0.0721246797701849,0.11245571209089794,0.16012297586584232,0.2967323431830973,0.4173104454676381,3.941942668837029
USM0_pose_global_max_acceleration_l2,248.0,17.971861375605,59.28480072286193,3.822734049084152e-12,2.999039482224486,5.194415735379464,8.306160035868047,11.07158626696797,14.534968091680707,23.254383498405115,83.58742787623748,686.02595095489
USM0_pose_global_mean_jerk_l2,248.0,6.271644912654374,10.878840112410941,1.002172865262118e-11,0.6358536698322809,1.775816443263143,3.042815374921566,4.860881320031526,6.86235838154205,12.925382567919087,18.067198784319075,161.12090550354122
USM0_pose_global_max_jerk_l2,248.0,928.4075006462374,2923.8070643165,8.238147438979259e-11,153.8542103310569,276.1394150440755,451.43185552040205,603.454297287301,752.2027903268156,1419.8731871930654,4672.623273567606,41262.54931085971
USM0_pose_global_idle_threshold_relative,248.0,0.00139562244963327,0.0008189618061812687,4.788138475230814e-16,7.105427357601002e-16,0.00026786277717032506,0.0008335539843574,0.0013400278720274998,0.0017478289926335,0.002858521549882505,0.003773638446075461,0.0058806159494482
USM0_pose_global_idle_fraction_relative,248.0,0.5900436304709488,0.10747924301236045,0.3140124902419984,0.34481260463738694,0.39825871142155855,0.5178487287813939,0.6014336394390299,0.662676336693977,0.7555935530595459,0.8245361462685131,0.869345579793341
USM0_pose_global_pause_count,248.0,113.5524193548387,81.71856806499157,4.0,11.0,35.7,64.75,98.5,135.25,244.89999999999986,458.7000000000001,678.0
USM0_pose_global_pause_duration_seconds,248.0,135.2846370967736,92.57716368686634,3.730000000000001,12.156099999999995,35.7884999999999,72.31249999999973,111.7349999999998,170.20250000000016,355.6359999999957,441.5831999999941,552.0799999999936
USM0_pose_global_pause_fraction,248.0,0.5486920526368375,0.12691663028649994,0.0350558623994346,0.13933922806773655,0.3387992738866797,0.4843476783997715,0.5598278974317481,0.6362914967035767,0.7308007816410449,0.8034862478368041,0.8636363636363629
USM0_pose_global_jerk_cost,248.0,820061.9781476591,7337369.312064349,4.640772067381196e-20,2752.6084616006237,20846.44152426786,57415.19439186067,107993.24361423196,199869.27586207254,402247.8809062781,2420214.020889948,90112999.82946908
USM0_pose_global_dimensionless_jerk,248.0,1.0562455096910223e+18,9.973103443718343e+18,11169911208.074717,13274498717033.71,417508504501308.56,4947523817487715.0,2.529938138037736e+16,1.0981713347184416e+17,1.902536632858805e+18,1.4512548875453446e+19,1.53493112887555e+20
USM0_pose_global_log_dimensionless_jerk,248.0,-37.67440703609891,2.7291133361373423,-46.48018737273146,-44.0880406780606,-42.08934231866237,-39.23745764306638,-37.76953082980762,-36.137656293487126,-33.663744391761064,-30.067250614504665,-23.136489500853106
USM0_pose_global_x_range_m,248.0,0.09918950365564126,0.18391407014731206,1.7763568394002505e-15,0.007000534609296914,0.01679432532867812,0.0390069072000798,0.06131462945755925,0.12894447825070565,0.18680020133168318,0.29332263635126,2.4180245469478048
USM0_pose_global_y_range_m,248.0,0.1815826212965133,0.12185296695702,4.8572257327350605e-17,0.010584473356774607,0.08707141818939841,0.14703129704027765,0.17542324237282586,0.203106220974775,0.2427026448904738,0.2842098553435803,1.6509768801488578
USM0_pose_global_z_range_m,248.0,0.09231592280822844,0.23597749497416096,1.4432899320127037e-15,0.010111274201691065,0.0265992797544373,0.051165062690416846,0.06752131964803676,0.08878752571116169,0.12590268336235438,0.27292016213440473,3.2946123421638025
USM0_pose_global_workspace_box_volume_m3,248.0,0.05663001112490918,0.6435493055511881,1.2452945337261558e-46,2.451992979638571e-06,7.43152513846121e-05,0.000338977435355925,0.0007813257280899,0.001974562061166725,0.004296415746122596,0.010370796382066871,8.985934448869878
USM0_pose_global_economy_area_xy,248.0,0.0906609316475613,0.049924428526252375,0.0293001699123106,0.030898121444852374,0.03812814129150474,0.055023803677867425,0.0809479606647584,0.11104163920034281,0.17782193522964862,0.2878486923420996,0.3636065219764462
USM0_pose_global_economy_area_xz,248.0,0.06190334928102992,0.05300413915321074,0.0163664220138275,0.01975107462150308,0.02258463426064014,0.03505175420961655,0.0523162937459912,0.07164761261946068,0.11515128916317617,0.3447633075000193,0.4665972381275327
USM0_pose_global_economy_area_yz,248.0,0.09102633071311865,0.05593074709042053,0.0126595875038884,0.030246171556785637,0.04016209559453977,0.0585288422786426,0.07831863520855284,0.10186440056716438,0.18484356169873534,0.3380126113338621,0.4009076640720371
USM0_pose_global_economy_volume,248.0,0.07819018156611625,0.04688686369523143,0.0246832175877818,0.02662378267272277,0.03346653131208526,0.047593296274602945,0.07028067754451531,0.09336700529240698,0.1457886770086892,0.2694535471910528,0.3972059421440553
USM0_pose_global_matrix_valid_fraction,248.0,1.0,0.0,1.0,1.0,1.0,1.0,1.0,1.0,1.0,1.0,1.0
USM0_pose_global_rotation_orthogonality_error_mean,248.0,4.681740545306194e-06,1.3469284226560939e-06,2.4647426602190483e-06,2.6857708839482044e-06,2.8314244922097063e-06,3.7193132568454176e-06,4.5437677787323195e-06,5.22991972828416e-06,7.379157622332095e-06,8.212522666454003e-06,8.331607126998632e-06
USM0_pose_global_rotation_orthogonality_error_max,248.0,7.3128922372516505e-06,1.676714470574756e-06,3.235186281038989e-06,4.441790417293502e-06,5.219034239831845e-06,6.3160914254716755e-06,7.010054608195274e-06,7.67780176165645e-06,1.1271526329655318e-05,1.1847888496464036e-05,1.3119971820501772e-05
USM0_pose_global_rotation_determinant_mean,248.0,0.9999978361243151,1.4822024957476713e-06,0.999993757416238,0.9999938944985293,0.9999942162666572,0.9999978529623743,0.9999982227544003,0.9999986328218065,0.9999993646656634,0.9999997114301916,1.00000020488881
USM0_pose_global_rotation_determinant_std,248.0,1.0098609386227276e-06,1.6827881503246641e-07,2.220446049250313e-16,2.5900029406872294e-07,8.053380890729087e-07,9.549768965163725e-07,1.034978656727494e-06,1.0941788776988665e-06,1.2084053990948058e-06,1.2785028909301004e-06,1.331800985697409e-06
USM0_pose_global_rotation_path_radians,248.0,51.85378796104741,32.59600144118028,0.0,0.9691820782635256,6.784000269648444,29.51862493734843,43.66494181778066,71.84733863669553,117.90245148757445,140.0659804441046,148.01804736288224
USM0_pose_global_mean_angular_speed_rad_s,248.0,0.23659240915290616,0.10922552192462115,0.0,0.00449781495576424,0.07215816515376636,0.16869510561927048,0.23069628342558757,0.29682357733923853,0.43455094123377225,0.5244594616742675,0.6592391382494069
USM0_pose_global_max_angular_speed_rad_s,248.0,23.42450481453405,18.271124152706268,0.0,3.3639997017481926,7.02463382290004,13.149063907013398,19.92903671892647,27.87246216649517,49.37886509159336,91.58628488500413,155.1305934789707
USM0_pose_global_mean_abs_angular_acceleration_rad_s2,248.0,7.262421854724864,4.462080283681219,0.0,0.2821720109643324,2.287148983681734,4.274805811455113,6.338950216200157,9.035846179371235,15.519767843929552,22.223586463375668,32.66166602273692
USM0_pose_global_max_abs_angular_acceleration_rad_s2,248.0,801.750421645427,625.6989565789623,0.0,105.56900539165335,214.0078585993795,452.3640832965861,659.2467447814196,997.5751132571756,1796.7056314523427,3146.0970710027527,5759.624365094292
USM2_pose_global_n_samples,248.0,12467.04435483871,7289.656279005264,392.0,1573.5,4098.900000000001,7465.75,10849.0,15581.75,27685.249999999996,35083.840000000004,41900.0
USM2_pose_global_duration_seconds,248.0,243.38129032258064,142.2726499757485,7.65,30.7253,79.96050000000001,145.6675,211.81,304.19000000000005,540.5699999999999,684.5909,817.59
USM2_pose_global_median_dt_seconds,248.0,0.01999999999999814,3.620592872853186e-15,0.0199999999999818,0.0199999999999818,0.019999999999996,0.0199999999999995,0.0199999999999995,0.0199999999999995,0.0199999999999995,0.0199999999999995,0.02
USM2_pose_global_sample_rate_hz,248.0,50.00000000000449,9.095414939975625e-12,49.99999999999996,50.000000000001066,50.000000000001066,50.000000000001066,50.000000000001066,50.000000000001066,50.00000000000995,50.00000000004548,50.00000000004548
USM2_pose_global_max_gap_seconds,248.0,0.0766935483871022,0.07835062658940732,0.0300000000000011,0.0300000000000011,0.039999999999992,0.0400000000000062,0.0499999999999971,0.0600000000000022,0.2530000000000012,0.4112000000000039,0.5400000000000063
USM2_pose_global_raw_path_l2,248.0,1.459843705434548,0.9205989470349034,0.0004378260874768,0.102859038135073,0.2534525202895804,0.9099873162757788,1.2822119844010547,1.835652312204283,2.9629029103243036,4.037055691590303,8.522502544982325
USM2_pose_global_path_l2,248.0,1.6391281431049907,1.0707452897280885,0.0004780005123466,0.11941652766721962,0.2983390165501998,1.050555515774839,1.4442611073624723,2.0272454044876893,3.332877215471927,4.519243974621984,11.28421090854306
USM2_pose_global_net_displacement_l2,248.0,0.07147697014475739,0.28834953489600235,2.1700393001097672e-06,0.0048214743876622305,0.00885849534384134,0.0192328088327763,0.0297905499373976,0.050330890072856405,0.16206311726017913,0.204649193257702,4.0762942777707005
USM2_pose_global_movement_economy,248.0,0.05764808561926908,0.10114183621874087,0.0023509021694981,0.002729493091001841,0.004562595870926865,0.01143710601572785,0.018561901455869,0.04931377010054955,0.22609272147318735,0.5114044132013268,0.7963067271422378
USM2_pose_global_mean_speed_l2,248.0,0.00886467981926838,0.017526771754126966,1.1916430362761555e-05,0.0007145779366784761,0.00252228285665811,0.0052251224695680255,0.0072460956701708,0.009722047671398774,0.014124210793106664,0.01899633656915735,0.2726779353236058
USM2_pose_global_rms_speed_l2,248.0,0.03808141543791703,0.13997420183108233,7.31056231530021e-05,0.00534353882029647,0.009918714608545546,0.018104575309926173,0.0236229474456554,0.032304134769546695,0.05277768780622992,0.07696558132625868,2.022111786362136
USM2_pose_global_max_speed_l2,248.0,0.7598064964053178,2.7562262069321557,0.0006571239745776,0.1559312592462755,0.239849319272766,0.35587653800350694,0.48158137347076524,0.6105748013381009,0.9953854242680462,2.145617441018204,36.63803115983229
USM2_pose_global_mean_acceleration_l2,248.0,0.15915000094498902,0.4273617276462294,0.0003132943325867,0.012074983918742802,0.04102898482385079,0.0807001059192945,0.1178723667134738,0.15758549637277355,0.2915970752927466,0.4218302000974392,6.641573854954474
USM2_pose_global_max_acceleration_l2,248.0,17.632911198031255,66.12874467606615,0.0190998387124668,3.5963701696516686,5.461192764837425,8.058411545554828,11.062460791230118,14.212995200890962,21.479987091182892,62.6079255059187,893.2871552749586
USM2_pose_global_mean_jerk_l2,248.0,6.8590321686574685,17.98358131837089,0.0113885016823593,0.5055439852272615,1.7107246189634238,3.434382354251083,5.076680518527706,6.822017245733575,12.345090867621467,18.142189579296883,277.0807362820651
USM2_pose_global_max_jerk_l2,248.0,893.696131533177,3034.656739935366,0.5466308777797984,153.64951031018708,274.8308329581301,434.03724249197796,586.0844115422367,745.7502570739094,1189.7270725741187,2336.2749210700276,41153.60967148126
USM2_pose_global_idle_threshold_relative,248.0,0.001448737783819373,0.0012781122103123943,7.593673898641511e-16,8.934141069880523e-16,6.295992308570167e-05,0.000890912935473025,0.0013248351508194501,0.0017982653888218,0.002669217909165529,0.0040065041387032044,0.0170717402692182
USM2_pose_global_idle_fraction_relative,248.0,0.5448407350176787,0.1286201548865337,0.2335552596537949,0.2719530876379593,0.33104388015155733,0.47306270310754545,0.5437138269427847,0.6152758078563707,0.7820870228299917,0.8866958325968516,0.9462813290880888
USM2_pose_global_pause_count,248.0,115.11290322580645,89.65848019958345,3.0,9.88,31.0,63.0,92.0,139.0,299.1999999999998,499.2800000000001,666.0
USM2_pose_global_pause_duration_seconds,248.0,123.02241935483805,88.49027299751923,5.76,13.397499999999992,33.445999999999984,65.49249999999975,97.79999999999978,147.95749999999992,342.4709999999956,438.12459999999834,473.3199999999959
USM2_pose_global_pause_fraction,248.0,0.5003254881139165,0.14010627765473505,0.1813712100518982,0.2117919044673263,0.2771929182456134,0.41847550059141,0.5038443278851502,0.5738190577973258,0.7521608606511002,0.8816953598022091,0.944600133846411
USM2_pose_global_jerk_cost,248.0,1113393.7216325218,11490054.387600373,0.1106378126461202,3946.3592612365037,14983.833827201204,54708.44218472219,96021.37782668961,191266.53220307236,372443.15170710976,908229.1503008787,163015931.67846113
USM2_pose_global_dimensionless_jerk,248.0,2.5999874179234166e+17,9.298819402897148e+17,12668799881.395994,12746986710578.617,453270323071427.8,5242936307778456.0,2.224554593689651e+16,8.084099581097966e+16,1.4441560528539308e+18,5.737632051399498e+18,7.421919268994186e+18
USM2_pose_global_log_dimensionless_jerk,248.0,-37.501594531170156,2.613749818322219,-43.45096935921448,-43.178764498235594,-41.80977834498336,-38.9312323072337,-37.63984994754078,-36.195002553081785,-33.74735923478479,-29.931707644380037,-23.262408105514183
USM2_pose_global_x_range_m,248.0,0.09383848073321262,0.1823934511250021,0.0001132630624138,0.010148726777468798,0.018434180795924567,0.041198390941991646,0.06146767130111515,0.1229627750074133,0.17783355087439348,0.21985828310009675,2.7969170362447464
USM2_pose_global_y_range_m,248.0,0.1966768230730812,0.31105485431111435,1.918376851833825e-05,0.015894249632319613,0.06162837526440515,0.14756676607777564,0.1774062696611058,0.20409495090388416,0.2451204971996462,0.27326480724006996,4.312812445974211
USM2_pose_global_z_range_m,248.0,0.07678643139675516,0.11297355263891876,2.1857108019052163e-06,0.014540334674919473,0.02279539663431818,0.048918678143810346,0.0654799259682434,0.08560778181919232,0.11491250071136293,0.1369797366361088,1.6270118538587872
USM2_pose_global_workspace_box_volume_m3,248.0,0.0513670238069129,0.6491505406495433,4.749139469864833e-15,5.126071709318067e-06,3.2010833384061386e-05,0.00035303226328485,0.0007931617134035,0.0017042146476393002,0.0036788989874777405,0.005360597511757097,9.916110790936758
USM2_pose_global_economy_area_xy,248.0,0.08742027076700257,0.05007984904095717,0.0295682713228949,0.031585431624625036,0.03679380571401057,0.0514110447841231,0.0750013867987018,0.1078313385420627,0.1854718480311992,0.3087996551357969,0.3179780054999225
USM2_pose_global_economy_area_xz,248.0,0.05579426742354231,0.0357242115552203,0.0165077476969159,0.01879070925151302,0.02171592716745931,0.0319561028899508,0.0470406516643063,0.06718531339412005,0.12026630214385098,0.17123295551562367,0.3202926028507153
USM2_pose_global_economy_area_yz,248.0,0.08423507849459362,0.05440763811659298,0.0135467448130805,0.029213844337380494,0.03751759883793792,0.0542810917316929,0.07440883210472779,0.09336924743080643,0.16916563189503608,0.32702884265255233,0.46825048402614
USM2_pose_global_economy_volume,248.0,0.07330140772573737,0.04232597393200282,0.0241580526085683,0.026338448017057415,0.03081146146891706,0.04548790800440668,0.06503530931381346,0.08585887324235585,0.15464982849349185,0.22809425069532305,0.3460296055961775
USM2_pose_global_matrix_valid_fraction,248.0,1.0,0.0,1.0,1.0,1.0,1.0,1.0,1.0,1.0,1.0,1.0
USM2_pose_global_rotation_orthogonality_error_mean,248.0,6.01240765397927e-06,1.733255403744689e-06,3.257576410060422e-06,3.412776951581897e-06,3.812243286229205e-06,4.463435269944011e-06,5.660771315078214e-06,7.74801289240773e-06,8.422605862218715e-06,9.002287262706094e-06,9.647374372709527e-06
USM2_pose_global_rotation_orthogonality_error_max,248.0,8.992628859056867e-06,2.117013846691678e-06,4.837126230814833e-06,6.045878299109872e-06,6.374664498137428e-06,7.012660879097083e-06,8.729792506067226e-06,1.1089465072684216e-05,1.1923744401158972e-05,1.2447807298640909e-05,1.2674027341072256e-05
USM2_pose_global_rotation_determinant_mean,248.0,0.9999963345315993,2.2629026608757252e-06,0.9999926838566078,0.9999932188350277,0.9999935138069056,0.9999941330899583,0.9999957248747338,0.9999986976763311,0.9999991484172005,1.0000001782456547,1.000000520393836
USM2_pose_global_rotation_determinant_std,248.0,1.0048433862490433e-06,1.5229519124196537e-07,2.571235761975948e-16,4.740413779226776e-07,7.767509156161291e-07,9.42814701990144e-07,1.0160459429651692e-06,1.093079146612159e-06,1.1850889481309477e-06,1.3159518433720595e-06,1.343515444619368e-06
USM2_pose_global_rotation_path_radians,248.0,62.963467320781355,39.075559368276046,0.0030191101080051,1.1149311180313821,5.414485007182318,34.3107391992559,57.34853056814085,85.82424571140129,133.32003119715043,167.778193767073,206.06173101541472
USM2_pose_global_mean_angular_speed_rad_s,248.0,0.28579351821061044,0.14221480651439516,8.788017793524669e-05,0.009514398899914605,0.04464313140508868,0.2010714907951331,0.2609067526034593,0.3725944729901378,0.527091702729712,0.7287362173630872,0.7799148132236658
USM2_pose_global_max_angular_speed_rad_s,248.0,28.03852049654589,23.23524963888256,0.0061005929015816,3.668334698814311,6.958194188608886,14.35528370512572,21.052893804372893,34.231894430171685,71.23117022528886,117.52077284348572,170.90897629498568
USM2_pose_global_mean_abs_angular_acceleration_rad_s2,248.0,8.747800945005752,6.038012818775356,0.0031742328471485,0.5180114324310922,1.9140558133956973,4.998144672911834,6.931310608930858,11.123784091932684,22.090349270701104,30.566180235263516,37.19334742389267
USM2_pose_global_max_abs_angular_acceleration_rad_s2,248.0,927.4457268957985,814.1765915123073,0.2240476082572056,100.57840801073368,217.32964681307337,457.17942393146353,707.3268957660398,1126.60047281982,2292.6445845300887,3936.851158886878,7121.207306990029
USM3_pose_global_n_samples,248.0,12467.04435483871,7289.656279005264,392.0,1573.5,4098.900000000001,7465.75,10849.0,15581.75,27685.249999999996,35083.840000000004,41900.0
USM3_pose_global_duration_seconds,248.0,243.38129032258064,142.2726499757485,7.65,30.7253,79.96050000000001,145.6675,211.81,304.19000000000005,540.5699999999999,684.5909,817.59
USM3_pose_global_median_dt_seconds,248.0,0.01999999999999814,3.620592872853186e-15,0.0199999999999818,0.0199999999999818,0.019999999999996,0.0199999999999995,0.0199999999999995,0.0199999999999995,0.0199999999999995,0.0199999999999995,0.02
USM3_pose_global_sample_rate_hz,248.0,50.00000000000449,9.095414939975625e-12,49.99999999999996,50.000000000001066,50.000000000001066,50.000000000001066,50.000000000001066,50.000000000001066,50.00000000000995,50.00000000004548,50.00000000004548
USM3_pose_global_max_gap_seconds,248.0,0.0766935483871022,0.07835062658940732,0.0300000000000011,0.0300000000000011,0.039999999999992,0.0400000000000062,0.0499999999999971,0.0600000000000022,0.2530000000000012,0.4112000000000039,0.5400000000000063
USM3_pose_global_raw_path_l2,248.0,0.39602059095822556,0.40548779877231483,0.0,0.0,0.0,0.1466919432130218,0.288344490318336,0.4993754410741124,1.212631418796943,2.002803418909745,2.558336695837754
USM3_pose_global_path_l2,248.0,0.5081428123621583,0.5285558187802053,4.1390288880220906e-15,4.621353908819005e-15,5.292993637841422e-15,0.1820155267774736,0.370078743478928,0.6614611473597886,1.5445695946821112,2.3947692059414716,3.4860773137625145
USM3_pose_global_net_displacement_l2,248.0,0.04371495598712873,0.06671493761182047,2.0014830212433602e-16,4.715798485557293e-16,7.656867217187831e-16,0.0114992959704558,0.022717436958709,0.0542528221835178,0.1293330352799271,0.3125278349478611,0.7062954575884347
USM3_pose_global_movement_economy,248.0,0.1761448608797587,0.22021379484726622,0.0049599644161693,0.006126064645416922,0.011138455226982848,0.030593411314739773,0.0683703912583338,0.2085593920507418,0.7077027623611604,0.7798165137184869,0.8643227008807834
USM3_pose_global_mean_speed_l2,248.0,0.00273643223187631,0.004208452035967487,1.7926096339668066e-15,1.9265382286470017e-15,2.9000151247267242e-15,0.0006936909619284499,0.0015285008425617,0.0034465552092133997,0.008263857282954343,0.01877845868383163,0.0435853589355825
USM3_pose_global_rms_speed_l2,248.0,0.028210532324931342,0.035151740260511585,4.1723880567828646e-15,4.502417268500101e-15,5.2561226643069835e-15,0.01195516813295,0.02010466227144425,0.035929533903770475,0.07315644346750111,0.14801790258286607,0.3571980793364612
USM3_pose_global_max_speed_l2,248.0,0.9064425532798631,0.9660003106569943,4.522738470482329e-14,4.698949032523956e-14,5.892739687091303e-14,0.40424271366016784,0.6644872037504672,1.0751724430540475,2.7908461929004527,4.467598398171759,8.318007388480599
USM3_pose_global_mean_acceleration_l2,248.0,0.06594740000610923,0.09573952710072282,1.6072482676922185e-13,1.774464047401949e-13,2.213470649718865e-13,0.017386954655318226,0.03792392759086345,0.08767921874012437,0.19836579252288797,0.34373102666785466,1.0486724785712738
USM3_pose_global_max_acceleration_l2,248.0,21.161981511941878,22.84408166864761,2.278696509102843e-12,2.546622206420982e-12,4.0112922206309375e-12,9.411554705979356,15.888798219110285,24.424674761920542,57.56632221875066,108.28380068231473,200.7664510582824
USM3_pose_global_mean_jerk_l2,248.0,2.803491678448072,4.039918100823641,6.706933402505059e-12,7.099078491361655e-12,8.955928171255557e-12,0.7292092390042352,1.6433299213864216,3.6550236966747436,8.316736364777272,14.463449402337904,43.560639366102286
USM3_pose_global_max_jerk_l2,248.0,1048.4180555830392,1245.8587186596912,7.474035914481739e-11,7.862125403448455e-11,1.8834346212726291e-10,437.9264437139164,747.6562497667187,1144.7126305473648,2932.211288066671,5967.241308235581,11877.778469658551
USM3_pose_global_idle_threshold_relative,248.0,6.196321291739323e-05,0.00036921935024108294,3.233018248352212e-16,4.625129447103133e-16,5.250758791644356e-16,2.4007020045228584e-06,8.716700477723137e-06,1.4795652824437993e-05,2.989088808173413e-05,0.0020798478766204656,0.003457984687153
USM3_pose_global_idle_fraction_relative,248.0,0.6785302190101645,0.1810194937920301,0.2135865309318715,0.23535218618165013,0.3225179437428419,0.5720473669512578,0.7218753104383243,0.8130698331390718,0.9161330184159213,0.9429666646038858,0.9492417860151644
USM3_pose_global_pause_count,248.0,119.73790322580645,117.73386518317639,4.0,6.470000000000001,18.35,48.75,82.0,143.25,344.24999999999943,599.1800000000001,677.0
USM3_pose_global_pause_duration_seconds,248.0,152.89379032258003,117.48898534361881,1.019999999999999,4.361899999999997,15.650999999999977,69.85999999999929,133.15999999999988,202.47499999999994,391.4214999999949,569.9992999999952,635.7799999999946
USM3_pose_global_pause_fraction,248.0,0.6072142820563913,0.24243554716812257,0.0092360042129141,0.02442195957099934,0.12402616381561452,0.4424452675286263,0.6747841609190603,0.793098335454944,0.9100286172478935,0.939705124389256,0.9480970177713376
USM3_pose_global_jerk_cost,248.0,281778.46229611797,868200.4281347174,1.4887196881117812e-20,1.6897233184634482e-20,3.1047596856617586e-20,33226.07660194453,86187.58293881082,220191.89756551015,956958.7630789409,4505736.278680662,9941225.608663669
USM3_pose_global_dimensionless_jerk,248.0,6.535112388729261e+19,4.719439892772361e+20,320139932629.83844,21077731320232.504,1903171634438972.2,6.922739019827482e+16,5.785111629506063e+17,2.764147699361021e+18,7.3033755806166974e+19,2.472050803876411e+21,4.776298059642859e+21
USM3_pose_global_log_dimensionless_jerk,248.0,-40.63619631815623,3.3376950310431095,-49.91795273481589,-49.25916751295607,-45.736087814960754,-42.46326379687573,-40.89907974624517,-38.776131817581565,-35.17824563880564,-30.679238071423857,-26.49202402662525
USM3_pose_global_x_range_m,248.0,0.046438944962316125,0.06436319058160345,1.1102230246251563e-15,1.2734258092450546e-15,1.8540724511240117e-15,0.01398895739547905,0.03023749504398935,0.0540898708958878,0.11262949135020901,0.3310552527825635,0.4804265867916942
USM3_pose_global_y_range_m,248.0,0.09649309106437445,0.07781450819583932,4.163336342344337e-17,9.832412661836544e-17,5.551115123125784e-16,0.06340913811617205,0.08864769385895274,0.11486812447288115,0.22664339883926815,0.36097379570261817,0.6662543380328395
USM3_pose_global_z_range_m,248.0,0.04572557009957027,0.05585900522574183,1.2212453270876722e-15,1.3322676295501878e-15,1.5543122344752194e-15,0.023270026121032125,0.03640494611622045,0.05727233653858772,0.09065314660387659,0.3118787088819374,0.5575048748479767
USM3_pose_global_workspace_box_volume_m3,248.0,0.0015554815574869442,0.012252296650733713,7.389659870462903e-47,2.2172400750217626e-46,1.314880497506349e-45,2.5228889904575038e-05,9.837918485844344e-05,0.00025693540417075,0.002163838926601186,0.021536539129361765,0.1784496712596643
USM3_pose_global_economy_area_xy,248.0,0.16252724846687616,0.1021659913738429,0.0451249548040331,0.05327140356766058,0.06112642511609086,0.1044740218715607,0.1427937078290492,0.18326289069969823,0.3371905896580146,0.6112460239326839,0.6517947849765467
USM3_pose_global_economy_area_xz,248.0,0.11323773210181276,0.07455862355210674,0.0159828038629463,0.02774108741742938,0.03304081309316271,0.06692907358629685,0.0905125512062177,0.12842760352016672,0.30072122931521766,0.3355366982063634,0.3809175913721831
USM3_pose_global_economy_area_yz,248.0,0.16139468397449494,0.08709203454901907,0.0143264178479366,0.035928309744265044,0.06032577286118725,0.0972092184342013,0.1501337298353698,0.1982665103385623,0.35120275458600053,0.44594068431013756,0.5126534651508359
USM3_pose_global_economy_volume,248.0,0.13534005876183036,0.05831358642926992,0.0262387563143061,0.0468337980467845,0.055161797228992726,0.094393020114369,0.12793452962068308,0.16939779886927772,0.24317978704381688,0.3122408746736802,0.3961952649211746
USM3_pose_global_matrix_valid_fraction,248.0,1.0,0.0,1.0,1.0,1.0,1.0,1.0,1.0,1.0,1.0,1.0
USM3_pose_global_rotation_orthogonality_error_mean,248.0,6.290880339056251e-06,2.342551560810821e-06,2.5837634713304927e-06,3.007445542478429e-06,3.261715667524079e-06,4.200884124730879e-06,5.525506436657869e-06,8.728849114494146e-06,9.478539192565897e-06,9.82196201752697e-06,1.0692080264960087e-05
USM3_pose_global_rotation_orthogonality_error_max,248.0,7.568898853522427e-06,2.4482844292741804e-06,3.124188596300345e-06,3.898500150854049e-06,4.277800433835427e-06,5.454716221216661e-06,7.03033673482745e-06,1.0163381588992535e-05,1.1054890490597759e-05,1.1582401547045779e-05,1.177645199140954e-05
USM3_pose_global_rotation_determinant_mean,248.0,0.9999957842450328,1.965785912868264e-06,0.9999924344077292,0.9999928414062512,0.9999930711988914,0.9999938455350407,0.9999961229294225,0.9999975492742794,0.9999984783242732,0.9999991665737786,0.9999996095993426
USM3_pose_global_rotation_determinant_std,248.0,6.585762795697717e-07,3.1765599139485374e-07,0.0,0.0,1.1102565617640112e-16,5.560231175422568e-07,6.987445700989742e-07,8.681503470347702e-07,1.0992365831903963e-06,1.2043263489216431e-06,1.5364608543154786e-06
USM3_pose_global_rotation_path_radians,248.0,2.201658882671632,7.941916822304339,0.0,0.0,0.0,0.14805455602110232,0.2954270724667381,0.608223072019058,9.61025943120589,41.869435457259016,70.22452468144496
USM3_pose_global_mean_angular_speed_rad_s,248.0,0.01367552102988919,0.05688845950428656,0.0,0.0,0.0,0.0005821863430760499,0.0013782003085607,0.00322558219474105,0.060577032344777085,0.3183279943476808,0.5519205500325719
USM3_pose_global_max_angular_speed_rad_s,248.0,9.02827702068905,25.298052350359445,0.0,0.0,0.0,0.9184323048691947,2.0529177197833026,5.624239728783197,43.14669660706043,131.55272305570327,238.6900709813801
USM3_pose_global_mean_abs_angular_acceleration_rad_s2,248.0,0.553936340908405,1.9979558055083169,0.0,0.0,0.0,0.028251700463107775,0.0702002671496546,0.17598935580611702,3.239700769983033,12.6756215593953,17.145294559806313
USM3_pose_global_max_abs_angular_acceleration_rad_s2,248.0,296.83626427687636,888.2737148895328,0.0,0.0,0.0,26.357915656887485,64.647097414406,170.8992825001838,1130.680624858699,4512.5165535811175,9092.955085018764
all_psm_pose_global_path_total_m,248.0,3.702810698520493,2.165222299552288,0.0022635515663812,0.39145144666680126,0.9239679788924112,2.3653116998396935,3.3169046244183376,4.740460159640657,7.1773812140722955,9.963108225700688,20.108394394972425
USM0_pose_global_active,248.0,0.9959677419354839,0.06350006350009525,0.0,1.0,1.0,1.0,1.0,1.0,1.0,1.0,1.0
USM2_pose_global_active,248.0,1.0,0.0,1.0,1.0,1.0,1.0,1.0,1.0,1.0,1.0,1.0
USM3_pose_global_active,248.0,0.8911290322580645,0.31210713845467125,0.0,0.0,0.0,1.0,1.0,1.0,1.0,1.0,1.0
active_psm_count,248.0,2.8870967741935485,0.32963425737213164,1.0,2.0,2.0,3.0,3.0,3.0,3.0,3.0,3.0
USM0_USM2_pose_global_alignment_coverage,248.0,0.9998518347888357,0.0004097042500065109,0.9977107974055704,0.9978306539991315,0.9991019641891081,1.0,1.0,1.0,1.0,1.0,1.0
USM0_USM2_pose_global_n_aligned_samples,248.0,12168.665322580646,7113.169908177245,383.0,1537.5,3999.3500000000004,7284.5,10589.0,15210.5,27029.149999999998,34230.78,40881.0
USM0_USM2_pose_global_mean_distance_rel,248.0,0.10133980468718468,0.7840370553023375,0.002830197888687,0.00383511549292758,0.007160270858913445,0.0167610596271407,0.024726236379614,0.036615558485553826,0.10482677060107835,0.37305252061666855,11.207979015320507
USM0_USM2_pose_global_std_distance_rel,248.0,0.011785757212312035,0.043511240732398745,6.592259770044889e-12,0.0015359722048606272,0.00251943951067204,0.00446245886982885,0.0068123315209154,0.009435801859547274,0.018497396606256888,0.037736440157305276,0.5610790870000388
USM0_USM2_pose_global_min_distance_rel,248.0,0.07833285327104114,0.6963480350268786,0.0005112712248118,0.001132643807724048,0.00218386558821506,0.005602082331805825,0.00878171257124215,0.01560122799887945,0.06181126288648852,0.3612799842453462,9.808249631992064
USM0_USM2_pose_global_max_distance_rel,248.0,0.13863602391357518,0.8623157513590525,0.0094956456654378,0.014069900759791148,0.02710103494310028,0.03839252168581163,0.052347826997902455,0.06530476799956987,0.1537675335501549,0.4071031450916298,11.967444911261074
USM0_USM2_pose_global_distance_range_rel,248.0,0.06030317064253398,0.16973029360786865,1.2612060007466394e-10,0.010683716859760608,0.018084270872497595,0.028860107913053025,0.041067338273983,0.053745933190351224,0.08979419978477662,0.22120864999035683,2.15919527926901
USM0_USM2_pose_global_mean_abs_relative_speed,248.0,0.0075972472627792295,0.025478260854599137,1.3555196614951272e-06,0.001371956266101823,0.00230497346989862,0.0040199911909595005,0.0053732105675554,0.0069499570695839,0.010147907119763707,0.01958060827937979,0.3945560066134421
USM0_USM2_pose_global_speed_correlation,248.0,0.65391944565484,0.21760433990972258,-0.0169125305898373,-0.010744534530530784,0.012656852954859247,0.5796396039929897,0.6971480746842866,0.8013727978139357,0.8944846193121121,0.9581503452925046,0.9996781244031336
USM0_USM2_pose_global_simultaneous_active_fraction,248.0,0.2646301214813771,0.09849230483061941,0.0091799805808103,0.017858233493795894,0.10054491136496632,0.2072177005477035,0.2689750834443574,0.3178023020703334,0.43850231549906393,0.501316989978924,0.5131604987136354
USM0_USM2_pose_global_one_arm_only_active_fraction,248.0,0.33006330656056676,0.10811060401887028,0.0212290502793296,0.0834115912142267,0.15014895370621673,0.2497364139009395,0.34430489433102446,0.3981639734540646,0.5011494693869787,0.5547108388941486,0.5802975106253795
USM0_USM2_pose_global_both_idle_fraction,248.0,0.40530657195805603,0.13528402715355342,0.077037037037037,0.1395522372750095,0.18676643710074256,0.31539519564685303,0.4002761663548613,0.4855192125778778,0.633167273648245,0.8145538259475932,0.8540145985401459
USM0_USM2_pose_global_path_length_a_rel,248.0,1.5180842016648075,0.9172011104143384,5.927193431046882e-15,0.12921697682139305,0.37259908454358975,0.9366773398410497,1.3231713583460367,1.9515265977981457,3.2285847673203767,4.268479716830565,6.913819208863373
USM0_USM2_pose_global_path_length_b_rel,248.0,1.5991612351332973,1.034333153198297,0.0004491101372152,0.11498929613322117,0.2890812874099281,1.0153400189841375,1.4082563870334464,1.9980508280689329,3.2494661962346183,4.430986208976374,10.583480520769022
USM0_USM2_pose_global_path_length_imbalance,248.0,0.09331340666291994,0.1360925733951291,0.0002629198523288,0.001008075835058667,0.0023748357816448453,0.01976526623856385,0.05093615446175285,0.1134668532000547,0.3232090887056795,0.6964786104282573,0.9999999999999832
USM0_USM3_pose_global_alignment_coverage,248.0,0.9998518347888357,0.0004097042500065109,0.9977107974055704,0.9978306539991315,0.9991019641891081,1.0,1.0,1.0,1.0,1.0,1.0
USM0_USM3_pose_global_n_aligned_samples,248.0,12168.665322580646,7113.169908177245,383.0,1537.5,3999.3500000000004,7284.5,10589.0,15210.5,27029.149999999998,34230.78,40881.0
USM0_USM3_pose_global_mean_distance_rel,248.0,0.38737306748147554,0.4151644285804589,0.0039142417580568,0.010647239004321924,0.045863461779231895,0.13600006597786515,0.2710015826054021,0.5251749899035126,0.9720951655398059,1.2439576212886652,4.607944490753889
USM0_USM3_pose_global_std_distance_rel,248.0,0.021427232596288467,0.020738897557538796,1.0327372397022865e-17,0.0013690693832839852,0.004388662684725951,0.010640988598006874,0.0173198070849179,0.026810137359203,0.04590534735038168,0.1057524692849406,0.1914823432139576
USM0_USM3_pose_global_min_distance_rel,248.0,0.3399715539141261,0.3973362827283826,0.0014161283339808,0.0035347380996776983,0.014488390508647538,0.08861680398250707,0.2285818687396014,0.4812840746068741,0.928211459466427,1.214376637335963,4.333837582962031
USM0_USM3_pose_global_max_distance_rel,248.0,0.4434208224927088,0.44401926084865084,0.0113715841597688,0.016782356917229384,0.0961015042259916,0.19672889935185323,0.33295484627586547,0.5740610520685918,1.02414163380516,1.3008600811977395,5.165536484267036
USM0_USM3_pose_global_distance_range_rel,248.0,0.10344926857858266,0.08037648649794842,6.730727086790013e-16,0.01026576849481018,0.030640578275853383,0.06460940214032533,0.09077894201929665,0.12483760456066037,0.2144768154245214,0.3035887926096321,0.8316989013050051
USM0_USM3_pose_global_mean_abs_relative_speed,248.0,0.008453809255938274,0.008691257186918154,1.3641846258523953e-15,0.001200813988395799,0.0026184126224831,0.004888099159001425,0.007512538858339151,0.0102131705441026,0.0157270372436004,0.02021525677015227,0.1227005405931684
USM0_USM3_pose_global_speed_correlation,248.0,0.10266471755532042,0.17461954798201595,-0.0468568479074246,-0.022830285795272198,-0.009962154102211549,0.011850260991318825,0.047091342421495846,0.1193591013777345,0.49240535953610565,0.8469982043113464,0.980608399615808
USM0_USM3_pose_global_simultaneous_active_fraction,248.0,0.14315023156292275,0.10506557099165606,0.0,0.000168559098722486,0.030359306324871646,0.07346672157643758,0.11681523077599659,0.1799067420372435,0.36897830223588385,0.503366540564671,0.51734758583205
USM0_USM3_pose_global_one_arm_only_active_fraction,248.0,0.3994667784634423,0.08783557681397466,0.0368715083798882,0.12107753879169211,0.2553263147367695,0.3529177763516038,0.4040377754883612,0.4567293134089194,0.5214942127148229,0.5958527533607311,0.6174585218702866
USM0_USM3_pose_global_both_idle_fraction,248.0,0.45738298997363486,0.14078778228362693,0.1041104110411041,0.1157529397184792,0.21532593019144863,0.37456557607635427,0.4612261833785631,0.5541491849861001,0.6779762638537022,0.7953900202607138,0.8796163069544365
USM0_USM3_pose_global_path_length_a_rel,248.0,1.5180842016648075,0.9172011104143384,5.927193431046882e-15,0.12921697682139305,0.37259908454358975,0.9366773398410497,1.3231713583460367,1.9515265977981457,3.2285847673203767,4.268479716830565,6.913819208863373
USM0_USM3_pose_global_path_length_b_rel,248.0,0.4857537301898389,0.5066842603222562,3.797285666637785e-15,4.5109858999727625e-15,5.111241354702132e-15,0.17523267711150714,0.3514273975877522,0.6315011933436996,1.4913276181292066,2.329355772300956,3.3483137471359155
USM0_USM3_pose_global_path_length_imbalance,248.0,0.568473887502963,0.2506165792606973,0.0001509925429518,0.009557105732928041,0.12382302858285907,0.3953012204450484,0.573287695324497,0.7344481315814995,0.9999999999999867,0.9999999999999942,0.9999999999999964
USM2_USM3_pose_global_alignment_coverage,248.0,0.9998518347888357,0.0004097042500065109,0.9977107974055704,0.9978306539991315,0.9991019641891081,1.0,1.0,1.0,1.0,1.0,1.0
USM2_USM3_pose_global_n_aligned_samples,248.0,12168.665322580646,7113.169908177245,383.0,1537.5,3999.3500000000004,7284.5,10589.0,15210.5,27029.149999999998,34230.78,40881.0
USM2_USM3_pose_global_mean_distance_rel,248.0,0.41843505609505466,0.7935780555041838,0.0037520532549101,0.009990990730417608,0.05740943480007271,0.13452317779178197,0.276284840629188,0.5175478162865761,0.9452358284889557,1.204702804110779,10.860797551455434
USM2_USM3_pose_global_std_distance_rel,248.0,0.02169914269212026,0.016051199074467722,1.227718820336605e-10,0.0015349948929325031,0.005558068517645831,0.012554774695430674,0.0185999154511188,0.0272367749345613,0.04261325758519778,0.07902864358352835,0.1551328344799731
USM2_USM3_pose_global_min_distance_rel,248.0,0.36924257056741505,0.7831434660952369,0.0010771828662102,0.004253151051456439,0.027756122929153432,0.09438594360908135,0.2231964774679632,0.46622031244674456,0.8964919137663467,1.168826398858728,10.720704835293292
USM2_USM3_pose_global_max_distance_rel,248.0,0.47338185801956406,0.8116093185978174,0.0115069687476382,0.019838982122591994,0.09223069747464456,0.19234713735603365,0.33059082746057605,0.5679174770226176,0.9971176452633174,1.2644512103226553,11.122952273419596
USM2_USM3_pose_global_distance_range_rel,248.0,0.10413928745214897,0.05804607637211117,2.350588168553713e-09,0.012211723414941355,0.03423785605359254,0.07001311170322613,0.09599575838536575,0.12431524506375932,0.19233133424942597,0.33146121561568537,0.487565570685236
USM2_USM3_pose_global_mean_abs_relative_speed,248.0,0.009882746117763724,0.018282520140335098,2.018487179439087e-05,0.002038870600451611,0.003047055023488925,0.005721770851363975,0.0081544251265863,0.010559961100738001,0.016403852523802432,0.02235879686269524,0.2811112374227583
USM2_USM3_pose_global_speed_correlation,248.0,0.06552576929968293,0.08428776258024034,-0.0674556631554371,-0.02880485064497976,-0.013259606651006025,0.004654257188640875,0.0423027405305552,0.10842183195449433,0.22002892882546213,0.2723636658509448,0.7612945336338859
USM2_USM3_pose_global_simultaneous_active_fraction,248.0,0.15727068570931416,0.12041063945625147,0.0,7.487653337580004e-05,0.016696816741005545,0.07693089798384492,0.13234609980801404,0.20106853636573124,0.42645481821605563,0.5491898326041625,0.629715088282504
USM2_USM3_pose_global_one_arm_only_active_fraction,248.0,0.42198395538216255,0.09471387031937598,0.0156424581005586,0.14866365925629996,0.2661347402756618,0.3779931422096343,0.41430151489488254,0.46810790378159906,0.5913319885640358,0.6823303708828056,0.7209369857709805
USM2_USM3_pose_global_both_idle_fraction,248.0,0.42074535890852316,0.142609153710973,0.0866773675762439,0.10824269182965035,0.1901115868515408,0.33315389599571504,0.4226936340424974,0.49763304775036005,0.6478345745432467,0.8309737487147084,0.8632146709816613
USM2_USM3_pose_global_path_length_a_rel,248.0,1.5991612351332973,1.034333153198297,0.0004491101372152,0.11498929613322117,0.2890812874099281,1.0153400189841375,1.4082563870334464,1.9980508280689329,3.2494661962346183,4.430986208976374,10.583480520769022
USM2_USM3_pose_global_path_length_b_rel,248.0,0.4857537301898389,0.5066842603222562,3.797285666637785e-15,4.5109858999727625e-15,5.111241354702132e-15,0.17523267711150714,0.3514273975877522,0.6315011933436996,1.4913276181292066,2.329355772300956,3.3483137471359155
USM2_USM3_pose_global_path_length_imbalance,248.0,0.6086320630167903,0.23722480635831894,0.001156721984394,0.05914995912116184,0.2263435456965026,0.4307414285329597,0.6171613299699314,0.7728287315169934,0.9999999999999895,0.9999999999999951,0.9999999999999964
active_pair_usm_a,248.0,0.016129032258064516,0.17924135980472458,0.0,0.0,0.0,0.0,0.0,0.0,0.0,0.0,2.0
active_pair_usm_b,248.0,2.056451612903226,0.2312584601306586,2.0,2.0,2.0,2.0,2.0,2.0,3.0,3.0,3.0
active_pair_alignment_coverage,248.0,0.9998518347888357,0.0004097042500065109,0.9977107974055704,0.9978306539991315,0.9991019641891081,1.0,1.0,1.0,1.0,1.0,1.0
active_pair_n_aligned_samples,248.0,12168.665322580646,7113.169908177245,383.0,1537.5,3999.3500000000004,7284.5,10589.0,15210.5,27029.149999999998,34230.78,40881.0
active_pair_mean_distance_rel,248.0,0.09946023119611239,0.7863188121969572,0.002830197888687,0.00383511549292758,0.007160270858913445,0.01665032897280165,0.024454389608423152,0.036154808600259755,0.057614208893726745,0.7138446237809591,11.207979015320507
active_pair_std_distance_rel,248.0,0.011878677027380614,0.04359835456284469,1.2902841426165638e-10,0.0015359722048606272,0.002475644582253775,0.00446245886982885,0.0068294743231699494,0.00939748284493045,0.018497396606256888,0.0493812790391564,0.5610790870000388
active_pair_min_distance_rel,248.0,0.07614155384815997,0.6990807223380836,0.0005112712248118,0.001132643807724048,0.00218386558821506,0.005534133487717875,0.008774873032421901,0.015495085399998224,0.0313899041236134,0.7013665551863999,9.808249631992064
active_pair_max_distance_rel,248.0,0.1368766104642257,0.8641448079399614,0.0094956456654378,0.014069900759791148,0.026766203840240775,0.0381339895572823,0.05230008394718215,0.06530476799956987,0.1303311648078743,0.7726614606997222,11.967444911261074
active_pair_distance_range_rel,248.0,0.060735056616065666,0.16989935757630767,2.4704118750662474e-09,0.010683716859760608,0.017669868017424734,0.029246258736619228,0.04149350727769495,0.053745933190351224,0.0918241766202924,0.2229600192696672,2.15919527926901
active_pair_mean_abs_relative_speed,248.0,0.007513977035698211,0.025446857937086065,2.031601897895548e-05,0.001371956266101823,0.0023787846777115753,0.0040358771045866495,0.00546996567974735,0.0069499570695839,0.009785290763338459,0.012035038873906135,0.3945560066134421
active_pair_speed_correlation,248.0,0.6804398809161637,0.1759446810301031,-0.0169125305898373,0.004004689046063747,0.3937536185573659,0.5888496853685298,0.7037632691224978,0.8028951043573289,0.901327666200708,0.9581503452925046,0.9861376644225358
active_pair_simultaneous_active_fraction,248.0,0.27095746240670077,0.09582956594212329,0.0108327408089004,0.02857420978289508,0.10851061494623895,0.21072504683684226,0.2714637255031339,0.3266168914636566,0.4487188988128902,0.5068405936032341,0.5131604987136354
active_pair_one_arm_only_active_fraction,248.0,0.32568516238982875,0.10387123274997888,0.0320226041911937,0.11719816072876234,0.1632575281045883,0.24085992728170583,0.3397423683827123,0.39247017298672443,0.4878493024925805,0.5404573134056385,0.5600739371534196
active_pair_both_idle_fraction,248.0,0.4033573752034704,0.13492645244480625,0.077037037037037,0.1395522372750095,0.18301075677481837,0.31227826840247963,0.3900912525585268,0.4855192125778778,0.633167273648245,0.7833451743937571,0.8540145985401459
active_pair_path_length_a_rel,248.0,1.519094039115699,0.9169817022349864,5.927193431046882e-15,0.12921697682139305,0.37259908454358975,0.9366773398410497,1.3231713583460367,1.9515265977981457,3.2285847673203767,4.268479716830565,6.913819208863373
active_pair_path_length_b_rel,248.0,1.664511577580735,1.017490426700775,0.0011453105508247,0.14562333930687496,0.4989480288377383,1.1263722041599968,1.4746479781991282,2.0276927174709187,3.301557209195604,4.430986208976374,10.583480520769022
active_pair_path_length_imbalance,248.0,0.0826792617419879,0.11302653487981777,0.0001509925429518,0.00079236140274023,0.00221547690382967,0.0175945218091533,0.0495843866630902,0.1051952301933801,0.26116483703310245,0.5500527056842244,0.9999999999999832
n_label_records,248.0,1.0,0.0,1.0,1.0,1.0,1.0,1.0,1.0,1.0,1.0,1.0
target_score_std,0.0,,,,,,,,,,,
n_unique_target_scores,248.0,1.0,0.0,1.0,1.0,1.0,1.0,1.0,1.0,1.0,1.0,1.0
label_disagreement_flag,248.0,0.0,0.0,0.0,0.0,0.0,0.0,0.0,0.0,0.0,0.0,0.0
percentage_score_std,0.0,,,,,,,,,,,
mgears_depth_perception,248.0,3.3024193548387095,0.9005588646910712,1.0,1.0,2.0,3.0,3.0,4.0,5.0,5.0,5.0
mgears_depth_perception_std,0.0,,,,,,,,,,,
mgears_dexterity_with_multiple_wristed_instruments,248.0,3.3266129032258065,0.8829109813375502,1.0,2.0,2.0,3.0,3.0,4.0,5.0,5.0,5.0
mgears_dexterity_with_multiple_wristed_instruments_std,0.0,,,,,,,,,,,
mgears_efficiency_flow_of_operation,247.0,3.251012145748988,0.9292825429154087,1.0,1.0,2.0,3.0,3.0,4.0,5.0,5.0,5.0
mgears_efficiency_flow_of_operation_std,0.0,,,,,,,,,,,
mgears_force_sensitivity_and_tissue_handling,248.0,3.2580645161290325,0.8428884956290082,1.0,2.0,2.0,3.0,3.0,4.0,5.0,5.0,5.0
mgears_force_sensitivity_and_tissue_handling_std,0.0,,,,,,,,,,,
mgears_autonomy,0.0,,,,,,,,,,,
mgears_autonomy_std,0.0,,,,,,,,,,,
mgears_master_manipulator_workspace_robotic_control,248.0,3.2338709677419355,0.9142052230002862,1.0,1.0,2.0,3.0,3.0,4.0,5.0,5.0,5.0
mgears_master_manipulator_workspace_robotic_control_std,0.0,,,,,,,,,,,
mgears_basic_energy_skills,0.0,,,,,,,,,,,
mgears_basic_energy_skills_std,0.0,,,,,,,,,,,
mgears_overall_performance_quality_of_the_final_product,246.0,3.292682926829268,0.8401331995176758,1.0,2.0,2.0,3.0,3.0,4.0,5.0,5.0,5.0
mgears_overall_performance_quality_of_the_final_product_std,0.0,,,,,,,,,,,
n_applicable_mgears_domains,248.0,5.987903225806452,0.10953914644973574,5.0,5.470000000000001,6.0,6.0,6.0,6.0,6.0,6.0,6.0
mgears_domain_score_sum,248.0,19.625,4.486653622550435,7.0,10.47,13.0,16.0,19.0,23.0,28.649999999999977,29.53,30.0
target_minus_domain_sum,248.0,0.0,0.0,0.0,0.0,0.0,0.0,0.0,0.0,0.0,0.0,0.0
inferred_max_score,248.0,30.80645917385977,1.8427081994318943,29.999999997857145,29.999999999999996,30.0,30.0,30.0,30.000000000000007,35.0,35.00000000000001,35.00000000000001
