participant_id,count,mean,std,min,median,max
1,15,19.2,3.8209946349085597,13.0,19.0,26.0
2,15,18.533333333333335,3.356585566713094,13.0,19.0,25.0
3,15,20.2,4.522957313212547,12.0,21.0,28.0
4,10,20.6,3.747591819348052,14.0,22.5,24.0
5,15,20.2,6.166731016395269,7.0,21.0,30.0
6,12,19.416666666666668,4.52183255959016,12.0,19.0,26.0
7,12,20.25,4.692837869853088,15.0,19.5,29.0
8,12,19.75,5.894913061275798,10.0,19.0,29.0
9,12,22.5,5.728715546977509,14.0,21.0,29.0
10,12,22.75,6.210328640110907,14.0,22.0,30.0
11,7,16.571428571428573,2.9920529661723827,10.0,18.0,18.0
12,8,19.0,4.69041575982343,12.0,19.5,28.0
13,9,20.77777777777778,3.7006005518624194,17.0,21.0,28.0
14,8,16.875,5.718079098038832,11.0,15.5,29.0
15,7,19.571428571428573,3.7796447300922718,15.0,18.0,26.0
16,10,21.5,4.006938426723769,15.0,22.0,29.0
17,6,21.0,2.9664793948382653,15.0,22.0,23.0
18,7,19.857142857142858,4.0178174601214955,12.0,22.0,24.0
19,6,18.5,2.4289915602982237,16.0,17.5,22.0
20,6,16.833333333333332,3.488074922742725,13.0,16.0,21.0
21,7,21.714285714285715,2.4299715851758235,18.0,22.0,25.0
31,3,14.666666666666666,1.5275252316519468,13.0,15.0,16.0
32,4,16.0,3.1622776601683795,13.0,15.5,20.0
33,6,19.5,2.4289915602982237,16.0,19.5,23.0
34,4,14.5,2.5166114784235836,12.0,14.0,18.0
35,5,17.6,2.3021728866442674,15.0,18.0,21.0
36,3,17.666666666666668,1.5275252316519465,16.0,18.0,19.0
37,2,17.5,2.1213203435596424,16.0,17.5,19.0
38,2,20.0,2.8284271247461903,18.0,20.0,22.0
39,2,20.5,2.1213203435596424,19.0,20.5,22.0
40,2,24.0,0.0,24.0,24.0,24.0
41,2,19.5,0.7071067811865476,19.0,19.5,20.0
42,2,17.5,2.1213203435596424,16.0,17.5,19.0
