column,dtype,n_missing,missing_fraction,n_unique_nonmissing,flag_high_missingness
mgears_autonomy,float64,239,1.0,0,True
mgears_autonomy_std,float64,239,1.0,0,True
mgears_basic_energy_skills,float64,239,1.0,0,True
mgears_basic_energy_skills_std,float64,239,1.0,0,True
mgears_depth_perception_std,float64,239,1.0,0,True
mgears_dexterity_with_multiple_wristed_instruments_std,float64,239,1.0,0,True
mgears_efficiency_flow_of_operation_std,float64,239,1.0,0,True
mgears_force_sensitivity_and_tissue_handling_std,float64,239,1.0,0,True
mgears_master_manipulator_workspace_robotic_control_std,float64,239,1.0,0,True
mgears_overall_performance_quality_of_the_final_product_std,float64,239,1.0,0,True
percentage_score_std,float64,239,1.0,0,True
target_score_std,float64,239,1.0,0,True
mgears_overall_performance_quality_of_the_final_product,float64,2,0.008368200836820083,5,False
mgears_efficiency_flow_of_operation,float64,1,0.0041841004184100415,5,False
USM0_USM2_pose_global_alignment_coverage,float64,0,0.0,56,False
USM0_USM2_pose_global_both_idle_fraction,float64,0,0.0,239,False
USM0_USM2_pose_global_distance_range_rel,float64,0,0.0,239,False
USM0_USM2_pose_global_max_distance_rel,float64,0,0.0,239,False
USM0_USM2_pose_global_mean_abs_relative_speed,float64,0,0.0,239,False
USM0_USM2_pose_global_mean_distance_rel,float64,0,0.0,239,False
USM0_USM2_pose_global_min_distance_rel,float64,0,0.0,239,False
USM0_USM2_pose_global_n_aligned_samples,int64,0,0.0,236,False
USM0_USM2_pose_global_one_arm_only_active_fraction,float64,0,0.0,239,False
USM0_USM2_pose_global_path_length_a_rel,float64,0,0.0,239,False
USM0_USM2_pose_global_path_length_b_rel,float64,0,0.0,239,False
USM0_USM2_pose_global_path_length_imbalance,float64,0,0.0,239,False
USM0_USM2_pose_global_simultaneous_active_fraction,float64,0,0.0,239,False
USM0_USM2_pose_global_speed_correlation,float64,0,0.0,239,False
USM0_USM2_pose_global_std_distance_rel,float64,0,0.0,239,False
USM0_USM3_pose_global_alignment_coverage,float64,0,0.0,56,False
USM0_USM3_pose_global_both_idle_fraction,float64,0,0.0,239,False
USM0_USM3_pose_global_distance_range_rel,float64,0,0.0,239,False
USM0_USM3_pose_global_max_distance_rel,float64,0,0.0,239,False
USM0_USM3_pose_global_mean_abs_relative_speed,float64,0,0.0,239,False
USM0_USM3_pose_global_mean_distance_rel,float64,0,0.0,239,False
USM0_USM3_pose_global_min_distance_rel,float64,0,0.0,239,False
USM0_USM3_pose_global_n_aligned_samples,int64,0,0.0,236,False
USM0_USM3_pose_global_one_arm_only_active_fraction,float64,0,0.0,239,False
USM0_USM3_pose_global_path_length_a_rel,float64,0,0.0,239,False
USM0_USM3_pose_global_path_length_b_rel,float64,0,0.0,239,False
USM0_USM3_pose_global_path_length_imbalance,float64,0,0.0,237,False
USM0_USM3_pose_global_simultaneous_active_fraction,float64,0,0.0,238,False
USM0_USM3_pose_global_speed_correlation,float64,0,0.0,239,False
USM0_USM3_pose_global_std_distance_rel,float64,0,0.0,239,False
USM0_pose_global_active,int64,0,0.0,2,False
USM0_pose_global_dimensionless_jerk,float64,0,0.0,239,False
USM0_pose_global_duration_seconds,float64,0,0.0,237,False
USM0_pose_global_economy_area_xy,float64,0,0.0,239,False
USM0_pose_global_economy_area_xz,float64,0,0.0,239,False
USM0_pose_global_economy_area_yz,float64,0,0.0,239,False
USM0_pose_global_economy_volume,float64,0,0.0,239,False
USM0_pose_global_idle_fraction_relative,float64,0,0.0,239,False
USM0_pose_global_idle_threshold_relative,float64,0,0.0,238,False
USM0_pose_global_jerk_cost,float64,0,0.0,239,False
USM0_pose_global_log_dimensionless_jerk,float64,0,0.0,239,False
USM0_pose_global_matrix_valid_fraction,float64,0,0.0,1,False
USM0_pose_global_max_abs_angular_acceleration_rad_s2,float64,0,0.0,239,False
USM0_pose_global_max_acceleration_l2,float64,0,0.0,239,False
USM0_pose_global_max_angular_speed_rad_s,float64,0,0.0,239,False
USM0_pose_global_max_gap_seconds,float64,0,0.0,62,False
USM0_pose_global_max_jerk_l2,float64,0,0.0,239,False
USM0_pose_global_max_speed_l2,float64,0,0.0,239,False
USM0_pose_global_mean_abs_angular_acceleration_rad_s2,float64,0,0.0,239,False
USM0_pose_global_mean_acceleration_l2,float64,0,0.0,239,False
USM0_pose_global_mean_angular_speed_rad_s,float64,0,0.0,239,False
USM0_pose_global_mean_jerk_l2,float64,0,0.0,239,False
USM0_pose_global_mean_speed_l2,float64,0,0.0,239,False
USM0_pose_global_median_dt_seconds,float64,0,0.0,4,False
USM0_pose_global_movement_economy,float64,0,0.0,239,False
USM0_pose_global_n_samples,int64,0,0.0,238,False
USM0_pose_global_net_displacement_l2,float64,0,0.0,239,False
USM0_pose_global_path_l2,float64,0,0.0,239,False
USM0_pose_global_pause_count,int64,0,0.0,132,False
USM0_pose_global_pause_duration_seconds,float64,0,0.0,238,False
USM0_pose_global_pause_fraction,float64,0,0.0,239,False
USM0_pose_global_raw_path_l2,float64,0,0.0,239,False
USM0_pose_global_rms_speed_l2,float64,0,0.0,239,False
USM0_pose_global_rotation_determinant_mean,float64,0,0.0,239,False
USM0_pose_global_rotation_determinant_std,float64,0,0.0,239,False
USM0_pose_global_rotation_orthogonality_error_max,float64,0,0.0,239,False
USM0_pose_global_rotation_orthogonality_error_mean,float64,0,0.0,239,False
USM0_pose_global_rotation_path_radians,float64,0,0.0,239,False
USM0_pose_global_sample_rate_hz,float64,0,0.0,4,False
USM0_pose_global_workspace_box_volume_m3,float64,0,0.0,239,False
USM0_pose_global_x_range_m,float64,0,0.0,239,False
USM0_pose_global_y_range_m,float64,0,0.0,239,False
USM0_pose_global_z_range_m,float64,0,0.0,239,False
USM2_USM3_pose_global_alignment_coverage,float64,0,0.0,56,False
USM2_USM3_pose_global_both_idle_fraction,float64,0,0.0,239,False
USM2_USM3_pose_global_distance_range_rel,float64,0,0.0,239,False
USM2_USM3_pose_global_max_distance_rel,float64,0,0.0,239,False
USM2_USM3_pose_global_mean_abs_relative_speed,float64,0,0.0,239,False
USM2_USM3_pose_global_mean_distance_rel,float64,0,0.0,239,False
USM2_USM3_pose_global_min_distance_rel,float64,0,0.0,239,False
USM2_USM3_pose_global_n_aligned_samples,int64,0,0.0,236,False
USM2_USM3_pose_global_one_arm_only_active_fraction,float64,0,0.0,239,False
USM2_USM3_pose_global_path_length_a_rel,float64,0,0.0,239,False
USM2_USM3_pose_global_path_length_b_rel,float64,0,0.0,239,False
USM2_USM3_pose_global_path_length_imbalance,float64,0,0.0,235,False
USM2_USM3_pose_global_simultaneous_active_fraction,float64,0,0.0,237,False
USM2_USM3_pose_global_speed_correlation,float64,0,0.0,239,False
USM2_USM3_pose_global_std_distance_rel,float64,0,0.0,239,False
USM2_pose_global_active,int64,0,0.0,1,False
USM2_pose_global_dimensionless_jerk,float64,0,0.0,239,False
USM2_pose_global_duration_seconds,float64,0,0.0,237,False
USM2_pose_global_economy_area_xy,float64,0,0.0,239,False
USM2_pose_global_economy_area_xz,float64,0,0.0,239,False
USM2_pose_global_economy_area_yz,float64,0,0.0,239,False
USM2_pose_global_economy_volume,float64,0,0.0,239,False
USM2_pose_global_idle_fraction_relative,float64,0,0.0,239,False
USM2_pose_global_idle_threshold_relative,float64,0,0.0,237,False
USM2_pose_global_jerk_cost,float64,0,0.0,239,False
USM2_pose_global_log_dimensionless_jerk,float64,0,0.0,239,False
USM2_pose_global_matrix_valid_fraction,float64,0,0.0,1,False
USM2_pose_global_max_abs_angular_acceleration_rad_s2,float64,0,0.0,239,False
USM2_pose_global_max_acceleration_l2,float64,0,0.0,239,False
USM2_pose_global_max_angular_speed_rad_s,float64,0,0.0,239,False
USM2_pose_global_max_gap_seconds,float64,0,0.0,62,False
USM2_pose_global_max_jerk_l2,float64,0,0.0,239,False
USM2_pose_global_max_speed_l2,float64,0,0.0,239,False
USM2_pose_global_mean_abs_angular_acceleration_rad_s2,float64,0,0.0,239,False
USM2_pose_global_mean_acceleration_l2,float64,0,0.0,239,False
USM2_pose_global_mean_angular_speed_rad_s,float64,0,0.0,239,False
USM2_pose_global_mean_jerk_l2,float64,0,0.0,239,False
USM2_pose_global_mean_speed_l2,float64,0,0.0,239,False
USM2_pose_global_median_dt_seconds,float64,0,0.0,4,False
USM2_pose_global_movement_economy,float64,0,0.0,239,False
USM2_pose_global_n_samples,int64,0,0.0,238,False
USM2_pose_global_net_displacement_l2,float64,0,0.0,239,False
USM2_pose_global_path_l2,float64,0,0.0,239,False
USM2_pose_global_pause_count,int64,0,0.0,141,False
USM2_pose_global_pause_duration_seconds,float64,0,0.0,239,False
USM2_pose_global_pause_fraction,float64,0,0.0,239,False
USM2_pose_global_raw_path_l2,float64,0,0.0,239,False
USM2_pose_global_rms_speed_l2,float64,0,0.0,239,False
USM2_pose_global_rotation_determinant_mean,float64,0,0.0,239,False
USM2_pose_global_rotation_determinant_std,float64,0,0.0,239,False
USM2_pose_global_rotation_orthogonality_error_max,float64,0,0.0,239,False
USM2_pose_global_rotation_orthogonality_error_mean,float64,0,0.0,239,False
USM2_pose_global_rotation_path_radians,float64,0,0.0,239,False
USM2_pose_global_sample_rate_hz,float64,0,0.0,4,False
USM2_pose_global_workspace_box_volume_m3,float64,0,0.0,239,False
USM2_pose_global_x_range_m,float64,0,0.0,239,False
USM2_pose_global_y_range_m,float64,0,0.0,239,False
USM2_pose_global_z_range_m,float64,0,0.0,239,False
USM3_pose_global_active,int64,0,0.0,2,False
USM3_pose_global_dimensionless_jerk,float64,0,0.0,239,False
USM3_pose_global_duration_seconds,float64,0,0.0,237,False
USM3_pose_global_economy_area_xy,float64,0,0.0,239,False
USM3_pose_global_economy_area_xz,float64,0,0.0,239,False
USM3_pose_global_economy_area_yz,float64,0,0.0,239,False
USM3_pose_global_economy_volume,float64,0,0.0,239,False
USM3_pose_global_idle_fraction_relative,float64,0,0.0,239,False
USM3_pose_global_idle_threshold_relative,float64,0,0.0,226,False
USM3_pose_global_jerk_cost,float64,0,0.0,239,False
USM3_pose_global_log_dimensionless_jerk,float64,0,0.0,239,False
USM3_pose_global_matrix_valid_fraction,float64,0,0.0,1,False
USM3_pose_global_max_abs_angular_acceleration_rad_s2,float64,0,0.0,226,False
USM3_pose_global_max_acceleration_l2,float64,0,0.0,239,False
USM3_pose_global_max_angular_speed_rad_s,float64,0,0.0,224,False
USM3_pose_global_max_gap_seconds,float64,0,0.0,62,False
USM3_pose_global_max_jerk_l2,float64,0,0.0,239,False
USM3_pose_global_max_speed_l2,float64,0,0.0,239,False
USM3_pose_global_mean_abs_angular_acceleration_rad_s2,float64,0,0.0,226,False
USM3_pose_global_mean_acceleration_l2,float64,0,0.0,239,False
USM3_pose_global_mean_angular_speed_rad_s,float64,0,0.0,226,False
USM3_pose_global_mean_jerk_l2,float64,0,0.0,239,False
USM3_pose_global_mean_speed_l2,float64,0,0.0,239,False
USM3_pose_global_median_dt_seconds,float64,0,0.0,4,False
USM3_pose_global_movement_economy,float64,0,0.0,239,False
USM3_pose_global_n_samples,int64,0,0.0,238,False
USM3_pose_global_net_displacement_l2,float64,0,0.0,239,False
USM3_pose_global_path_l2,float64,0,0.0,239,False
USM3_pose_global_pause_count,int64,0,0.0,154,False
USM3_pose_global_pause_duration_seconds,float64,0,0.0,239,False
USM3_pose_global_pause_fraction,float64,0,0.0,239,False
USM3_pose_global_raw_path_l2,float64,0,0.0,221,False
USM3_pose_global_rms_speed_l2,float64,0,0.0,239,False
USM3_pose_global_rotation_determinant_mean,float64,0,0.0,239,False
USM3_pose_global_rotation_determinant_std,float64,0,0.0,223,False
USM3_pose_global_rotation_orthogonality_error_max,float64,0,0.0,239,False
USM3_pose_global_rotation_orthogonality_error_mean,float64,0,0.0,239,False
USM3_pose_global_rotation_path_radians,float64,0,0.0,226,False
USM3_pose_global_sample_rate_hz,float64,0,0.0,4,False
USM3_pose_global_workspace_box_volume_m3,float64,0,0.0,239,False
USM3_pose_global_x_range_m,float64,0,0.0,230,False
USM3_pose_global_y_range_m,float64,0,0.0,234,False
USM3_pose_global_z_range_m,float64,0,0.0,227,False
active_pair_alignment_coverage,float64,0,0.0,56,False
active_pair_both_idle_fraction,float64,0,0.0,239,False
active_pair_distance_range_rel,float64,0,0.0,239,False
active_pair_max_distance_rel,float64,0,0.0,239,False
active_pair_mean_abs_relative_speed,float64,0,0.0,239,False
active_pair_mean_distance_rel,float64,0,0.0,239,False
active_pair_min_distance_rel,float64,0,0.0,239,False
active_pair_n_aligned_samples,int64,0,0.0,236,False
active_pair_one_arm_only_active_fraction,float64,0,0.0,239,False
active_pair_path_length_a_rel,float64,0,0.0,239,False
active_pair_path_length_b_rel,float64,0,0.0,239,False
active_pair_path_length_imbalance,float64,0,0.0,239,False
active_pair_simultaneous_active_fraction,float64,0,0.0,239,False
active_pair_speed_correlation,float64,0,0.0,239,False
active_pair_std_distance_rel,float64,0,0.0,239,False
active_pair_usm_a,int64,0,0.0,2,False
active_pair_usm_b,int64,0,0.0,2,False
active_psm_count,int64,0,0.0,3,False
all_psm_pose_global_path_total_m,float64,0,0.0,239,False
file_name,str,0,0.0,239,False
fk_camera_usm_count,int64,0,0.0,1,False
fk_camera_usms,int64,0,0.0,1,False
fk_file_name,str,0,0.0,239,False
fk_instrument_usm_count,int64,0,0.0,1,False
fk_instrument_usms,str,0,0.0,1,False
inferred_max_score,float64,0,0.0,7,False
label_disagreement_flag,int64,0,0.0,1,False
label_recording_id,str,0,0.0,239,False
label_source_files,str,0,0.0,239,False
mgears_depth_perception,float64,0,0.0,5,False
mgears_dexterity_with_multiple_wristed_instruments,float64,0,0.0,5,False
mgears_domain_score_sum,float64,0,0.0,22,False
mgears_force_sensitivity_and_tissue_handling,float64,0,0.0,5,False
mgears_master_manipulator_workspace_robotic_control,float64,0,0.0,5,False
n_applicable_mgears_domains,int64,0,0.0,2,False
n_label_records,int64,0,0.0,1,False
n_unique_target_scores,int64,0,0.0,1,False
participant_id,int64,0,0.0,33,False
percentage_score,float64,0,0.0,35,False
qc_fk_duplicate_timestamp_usm_rows_removed,int64,0,0.0,10,False
qc_fk_duration_seconds,float64,0,0.0,237,False
qc_fk_roles_present,str,0,0.0,1,False
qc_fk_rows,int64,0,0.0,238,False
qc_fk_rows_original,int64,0,0.0,239,False
qc_fk_rows_removed_missing_timestamp_or_usm,int64,0,0.0,1,False
qc_fk_timestamp_unit_inferred,str,0,0.0,1,False
qc_fk_usms_present,str,0,0.0,1,False
qc_fk_valid_xyz_fraction,float64,0,0.0,1,False
recording_id,str,0,0.0,239,False
role,str,0,0.0,2,False
session_datetime,str,0,0.0,22,False
session_datetime_raw,str,0,0.0,22,False
session_licence,str,0,0.0,9,False
session_licence_raw,str,0,0.0,9,False
target_fraction,float64,0,0.0,35,False
target_minus_domain_sum,float64,0,0.0,1,False
target_score,float64,0,0.0,22,False
task,str,0,0.0,5,False
task_clean,str,0,0.0,5,False
trial,int64,0,0.0,2,False
