column,n_nonmissing,n_unique_nonmissing,most_common_fraction,status
qc_fk_rows_original,239,239,0.0041841004184100415,variable
qc_fk_rows,239,238,0.008368200836820083,variable
qc_fk_rows_removed_missing_timestamp_or_usm,239,1,1.0,constant
qc_fk_duplicate_timestamp_usm_rows_removed,239,10,0.29707112970711297,variable
qc_fk_duration_seconds,239,237,0.008368200836820083,variable
qc_fk_valid_xyz_fraction,239,1,1.0,constant
fk_camera_usms,239,1,1.0,constant
fk_instrument_usm_count,239,1,1.0,constant
fk_camera_usm_count,239,1,1.0,constant
USM0_pose_global_n_samples,239,238,0.008368200836820083,variable
USM0_pose_global_duration_seconds,239,237,0.008368200836820083,variable
USM0_pose_global_median_dt_seconds,239,4,0.7698744769874477,variable
USM0_pose_global_sample_rate_hz,239,4,0.7698744769874477,variable
USM0_pose_global_max_gap_seconds,239,62,0.16317991631799164,variable
USM0_pose_global_raw_path_l2,239,239,0.0041841004184100415,variable
USM0_pose_global_path_l2,239,239,0.0041841004184100415,variable
USM0_pose_global_net_displacement_l2,239,239,0.0041841004184100415,variable
USM0_pose_global_movement_economy,239,239,0.0041841004184100415,variable
USM0_pose_global_mean_speed_l2,239,239,0.0041841004184100415,variable
USM0_pose_global_rms_speed_l2,239,239,0.0041841004184100415,variable
USM0_pose_global_max_speed_l2,239,239,0.0041841004184100415,variable
USM0_pose_global_mean_acceleration_l2,239,239,0.0041841004184100415,variable
USM0_pose_global_max_acceleration_l2,239,239,0.0041841004184100415,variable
USM0_pose_global_mean_jerk_l2,239,239,0.0041841004184100415,variable
USM0_pose_global_max_jerk_l2,239,239,0.0041841004184100415,variable
USM0_pose_global_idle_threshold_relative,239,238,0.008368200836820083,variable
USM0_pose_global_idle_fraction_relative,239,239,0.0041841004184100415,variable
USM0_pose_global_pause_count,239,132,0.02092050209205021,variable
USM0_pose_global_pause_duration_seconds,239,238,0.008368200836820083,variable
USM0_pose_global_pause_fraction,239,239,0.0041841004184100415,variable
USM0_pose_global_jerk_cost,239,239,0.0041841004184100415,variable
USM0_pose_global_dimensionless_jerk,239,239,0.0041841004184100415,variable
USM0_pose_global_log_dimensionless_jerk,239,239,0.0041841004184100415,variable
USM0_pose_global_x_range_m,239,239,0.0041841004184100415,variable
USM0_pose_global_y_range_m,239,239,0.0041841004184100415,variable
USM0_pose_global_z_range_m,239,239,0.0041841004184100415,variable
USM0_pose_global_workspace_box_volume_m3,239,239,0.0041841004184100415,variable
USM0_pose_global_economy_area_xy,239,239,0.0041841004184100415,variable
USM0_pose_global_economy_area_xz,239,239,0.0041841004184100415,variable
USM0_pose_global_economy_area_yz,239,239,0.0041841004184100415,variable
USM0_pose_global_economy_volume,239,239,0.0041841004184100415,variable
USM0_pose_global_matrix_valid_fraction,239,1,1.0,constant
USM0_pose_global_rotation_orthogonality_error_mean,239,239,0.0041841004184100415,variable
USM0_pose_global_rotation_orthogonality_error_max,239,239,0.0041841004184100415,variable
USM0_pose_global_rotation_determinant_mean,239,239,0.0041841004184100415,variable
USM0_pose_global_rotation_determinant_std,239,239,0.0041841004184100415,variable
USM0_pose_global_rotation_path_radians,239,239,0.0041841004184100415,variable
USM0_pose_global_mean_angular_speed_rad_s,239,239,0.0041841004184100415,variable
USM0_pose_global_max_angular_speed_rad_s,239,239,0.0041841004184100415,variable
USM0_pose_global_mean_abs_angular_acceleration_rad_s2,239,239,0.0041841004184100415,variable
USM0_pose_global_max_abs_angular_acceleration_rad_s2,239,239,0.0041841004184100415,variable
USM2_pose_global_n_samples,239,238,0.008368200836820083,variable
USM2_pose_global_duration_seconds,239,237,0.008368200836820083,variable
USM2_pose_global_median_dt_seconds,239,4,0.7698744769874477,variable
USM2_pose_global_sample_rate_hz,239,4,0.7698744769874477,variable
USM2_pose_global_max_gap_seconds,239,62,0.16317991631799164,variable
USM2_pose_global_raw_path_l2,239,239,0.0041841004184100415,variable
USM2_pose_global_path_l2,239,239,0.0041841004184100415,variable
USM2_pose_global_net_displacement_l2,239,239,0.0041841004184100415,variable
USM2_pose_global_movement_economy,239,239,0.0041841004184100415,variable
USM2_pose_global_mean_speed_l2,239,239,0.0041841004184100415,variable
USM2_pose_global_rms_speed_l2,239,239,0.0041841004184100415,variable
USM2_pose_global_max_speed_l2,239,239,0.0041841004184100415,variable
USM2_pose_global_mean_acceleration_l2,239,239,0.0041841004184100415,variable
USM2_pose_global_max_acceleration_l2,239,239,0.0041841004184100415,variable
USM2_pose_global_mean_jerk_l2,239,239,0.0041841004184100415,variable
USM2_pose_global_max_jerk_l2,239,239,0.0041841004184100415,variable
USM2_pose_global_idle_threshold_relative,239,237,0.008368200836820083,variable
USM2_pose_global_idle_fraction_relative,239,239,0.0041841004184100415,variable
USM2_pose_global_pause_count,239,141,0.02510460251046025,variable
USM2_pose_global_pause_duration_seconds,239,239,0.0041841004184100415,variable
USM2_pose_global_pause_fraction,239,239,0.0041841004184100415,variable
USM2_pose_global_jerk_cost,239,239,0.0041841004184100415,variable
USM2_pose_global_dimensionless_jerk,239,239,0.0041841004184100415,variable
USM2_pose_global_log_dimensionless_jerk,239,239,0.0041841004184100415,variable
USM2_pose_global_x_range_m,239,239,0.0041841004184100415,variable
USM2_pose_global_y_range_m,239,239,0.0041841004184100415,variable
USM2_pose_global_z_range_m,239,239,0.0041841004184100415,variable
USM2_pose_global_workspace_box_volume_m3,239,239,0.0041841004184100415,variable
USM2_pose_global_economy_area_xy,239,239,0.0041841004184100415,variable
USM2_pose_global_economy_area_xz,239,239,0.0041841004184100415,variable
USM2_pose_global_economy_area_yz,239,239,0.0041841004184100415,variable
USM2_pose_global_economy_volume,239,239,0.0041841004184100415,variable
USM2_pose_global_matrix_valid_fraction,239,1,1.0,constant
USM2_pose_global_rotation_orthogonality_error_mean,239,239,0.0041841004184100415,variable
USM2_pose_global_rotation_orthogonality_error_max,239,239,0.0041841004184100415,variable
USM2_pose_global_rotation_determinant_mean,239,239,0.0041841004184100415,variable
USM2_pose_global_rotation_determinant_std,239,239,0.0041841004184100415,variable
USM2_pose_global_rotation_path_radians,239,239,0.0041841004184100415,variable
USM2_pose_global_mean_angular_speed_rad_s,239,239,0.0041841004184100415,variable
USM2_pose_global_max_angular_speed_rad_s,239,239,0.0041841004184100415,variable
USM2_pose_global_mean_abs_angular_acceleration_rad_s2,239,239,0.0041841004184100415,variable
USM2_pose_global_max_abs_angular_acceleration_rad_s2,239,239,0.0041841004184100415,variable
USM3_pose_global_n_samples,239,238,0.008368200836820083,variable
USM3_pose_global_duration_seconds,239,237,0.008368200836820083,variable
USM3_pose_global_median_dt_seconds,239,4,0.7698744769874477,variable
USM3_pose_global_sample_rate_hz,239,4,0.7698744769874477,variable
USM3_pose_global_max_gap_seconds,239,62,0.16317991631799164,variable
USM3_pose_global_raw_path_l2,239,221,0.0794979079497908,variable
USM3_pose_global_path_l2,239,239,0.0041841004184100415,variable
USM3_pose_global_net_displacement_l2,239,239,0.0041841004184100415,variable
USM3_pose_global_movement_economy,239,239,0.0041841004184100415,variable
USM3_pose_global_mean_speed_l2,239,239,0.0041841004184100415,variable
USM3_pose_global_rms_speed_l2,239,239,0.0041841004184100415,variable
USM3_pose_global_max_speed_l2,239,239,0.0041841004184100415,variable
USM3_pose_global_mean_acceleration_l2,239,239,0.0041841004184100415,variable
USM3_pose_global_max_acceleration_l2,239,239,0.0041841004184100415,variable
USM3_pose_global_mean_jerk_l2,239,239,0.0041841004184100415,variable
USM3_pose_global_max_jerk_l2,239,239,0.0041841004184100415,variable
USM3_pose_global_idle_threshold_relative,239,226,0.02092050209205021,variable
USM3_pose_global_idle_fraction_relative,239,239,0.0041841004184100415,variable
USM3_pose_global_pause_count,239,154,0.016736401673640166,variable
USM3_pose_global_pause_duration_seconds,239,239,0.0041841004184100415,variable
USM3_pose_global_pause_fraction,239,239,0.0041841004184100415,variable
USM3_pose_global_jerk_cost,239,239,0.0041841004184100415,variable
USM3_pose_global_dimensionless_jerk,239,239,0.0041841004184100415,variable
USM3_pose_global_log_dimensionless_jerk,239,239,0.0041841004184100415,variable
USM3_pose_global_x_range_m,239,230,0.016736401673640166,variable
USM3_pose_global_y_range_m,239,234,0.012552301255230125,variable
USM3_pose_global_z_range_m,239,227,0.02092050209205021,variable
USM3_pose_global_workspace_box_volume_m3,239,239,0.0041841004184100415,variable
USM3_pose_global_economy_area_xy,239,239,0.0041841004184100415,variable
USM3_pose_global_economy_area_xz,239,239,0.0041841004184100415,variable
USM3_pose_global_economy_area_yz,239,239,0.0041841004184100415,variable
USM3_pose_global_economy_volume,239,239,0.0041841004184100415,variable
USM3_pose_global_matrix_valid_fraction,239,1,1.0,constant
USM3_pose_global_rotation_orthogonality_error_mean,239,239,0.0041841004184100415,variable
USM3_pose_global_rotation_orthogonality_error_max,239,239,0.0041841004184100415,variable
USM3_pose_global_rotation_determinant_mean,239,239,0.0041841004184100415,variable
USM3_pose_global_rotation_determinant_std,239,223,0.029288702928870293,variable
USM3_pose_global_rotation_path_radians,239,226,0.058577405857740586,variable
USM3_pose_global_mean_angular_speed_rad_s,239,226,0.058577405857740586,variable
USM3_pose_global_max_angular_speed_rad_s,239,224,0.058577405857740586,variable
USM3_pose_global_mean_abs_angular_acceleration_rad_s2,239,226,0.058577405857740586,variable
USM3_pose_global_max_abs_angular_acceleration_rad_s2,239,226,0.058577405857740586,variable
all_psm_pose_global_path_total_m,239,239,0.0041841004184100415,variable
USM0_pose_global_active,239,2,0.99581589958159,near_constant
USM2_pose_global_active,239,1,1.0,constant
USM3_pose_global_active,239,2,0.8870292887029289,variable
active_psm_count,239,3,0.8870292887029289,variable
USM0_USM2_pose_global_alignment_coverage,239,56,0.7698744769874477,variable
USM0_USM2_pose_global_n_aligned_samples,239,236,0.008368200836820083,variable
USM0_USM2_pose_global_mean_distance_rel,239,239,0.0041841004184100415,variable
USM0_USM2_pose_global_std_distance_rel,239,239,0.0041841004184100415,variable
USM0_USM2_pose_global_min_distance_rel,239,239,0.0041841004184100415,variable
USM0_USM2_pose_global_max_distance_rel,239,239,0.0041841004184100415,variable
USM0_USM2_pose_global_distance_range_rel,239,239,0.0041841004184100415,variable
USM0_USM2_pose_global_mean_abs_relative_speed,239,239,0.0041841004184100415,variable
USM0_USM2_pose_global_speed_correlation,239,239,0.0041841004184100415,variable
USM0_USM2_pose_global_simultaneous_active_fraction,239,239,0.0041841004184100415,variable
USM0_USM2_pose_global_one_arm_only_active_fraction,239,239,0.0041841004184100415,variable
USM0_USM2_pose_global_both_idle_fraction,239,239,0.0041841004184100415,variable
USM0_USM2_pose_global_path_length_a_rel,239,239,0.0041841004184100415,variable
USM0_USM2_pose_global_path_length_b_rel,239,239,0.0041841004184100415,variable
USM0_USM2_pose_global_path_length_imbalance,239,239,0.0041841004184100415,variable
USM0_USM3_pose_global_alignment_coverage,239,56,0.7698744769874477,variable
USM0_USM3_pose_global_n_aligned_samples,239,236,0.008368200836820083,variable
USM0_USM3_pose_global_mean_distance_rel,239,239,0.0041841004184100415,variable
USM0_USM3_pose_global_std_distance_rel,239,239,0.0041841004184100415,variable
USM0_USM3_pose_global_min_distance_rel,239,239,0.0041841004184100415,variable
USM0_USM3_pose_global_max_distance_rel,239,239,0.0041841004184100415,variable
USM0_USM3_pose_global_distance_range_rel,239,239,0.0041841004184100415,variable
USM0_USM3_pose_global_mean_abs_relative_speed,239,239,0.0041841004184100415,variable
USM0_USM3_pose_global_speed_correlation,239,239,0.0041841004184100415,variable
USM0_USM3_pose_global_simultaneous_active_fraction,239,238,0.008368200836820083,variable
USM0_USM3_pose_global_one_arm_only_active_fraction,239,239,0.0041841004184100415,variable
USM0_USM3_pose_global_both_idle_fraction,239,239,0.0041841004184100415,variable
USM0_USM3_pose_global_path_length_a_rel,239,239,0.0041841004184100415,variable
USM0_USM3_pose_global_path_length_b_rel,239,239,0.0041841004184100415,variable
USM0_USM3_pose_global_path_length_imbalance,239,237,0.012552301255230125,variable
USM2_USM3_pose_global_alignment_coverage,239,56,0.7698744769874477,variable
USM2_USM3_pose_global_n_aligned_samples,239,236,0.008368200836820083,variable
USM2_USM3_pose_global_mean_distance_rel,239,239,0.0041841004184100415,variable
USM2_USM3_pose_global_std_distance_rel,239,239,0.0041841004184100415,variable
USM2_USM3_pose_global_min_distance_rel,239,239,0.0041841004184100415,variable
USM2_USM3_pose_global_max_distance_rel,239,239,0.0041841004184100415,variable
USM2_USM3_pose_global_distance_range_rel,239,239,0.0041841004184100415,variable
USM2_USM3_pose_global_mean_abs_relative_speed,239,239,0.0041841004184100415,variable
USM2_USM3_pose_global_speed_correlation,239,239,0.0041841004184100415,variable
USM2_USM3_pose_global_simultaneous_active_fraction,239,237,0.012552301255230125,variable
USM2_USM3_pose_global_one_arm_only_active_fraction,239,239,0.0041841004184100415,variable
USM2_USM3_pose_global_both_idle_fraction,239,239,0.0041841004184100415,variable
USM2_USM3_pose_global_path_length_a_rel,239,239,0.0041841004184100415,variable
USM2_USM3_pose_global_path_length_b_rel,239,239,0.0041841004184100415,variable
USM2_USM3_pose_global_path_length_imbalance,239,235,0.012552301255230125,variable
active_pair_usm_a,239,2,0.99581589958159,near_constant
active_pair_usm_b,239,2,0.9456066945606695,variable
active_pair_alignment_coverage,239,56,0.7698744769874477,variable
active_pair_n_aligned_samples,239,236,0.008368200836820083,variable
active_pair_mean_distance_rel,239,239,0.0041841004184100415,variable
active_pair_std_distance_rel,239,239,0.0041841004184100415,variable
active_pair_min_distance_rel,239,239,0.0041841004184100415,variable
active_pair_max_distance_rel,239,239,0.0041841004184100415,variable
active_pair_distance_range_rel,239,239,0.0041841004184100415,variable
active_pair_mean_abs_relative_speed,239,239,0.0041841004184100415,variable
active_pair_speed_correlation,239,239,0.0041841004184100415,variable
active_pair_simultaneous_active_fraction,239,239,0.0041841004184100415,variable
active_pair_one_arm_only_active_fraction,239,239,0.0041841004184100415,variable
active_pair_both_idle_fraction,239,239,0.0041841004184100415,variable
active_pair_path_length_a_rel,239,239,0.0041841004184100415,variable
active_pair_path_length_b_rel,239,239,0.0041841004184100415,variable
active_pair_path_length_imbalance,239,239,0.0041841004184100415,variable
n_label_records,239,1,1.0,constant
target_score_std,0,0,,all_missing
n_unique_target_scores,239,1,1.0,constant
label_disagreement_flag,239,1,1.0,constant
percentage_score_std,0,0,,all_missing
mgears_depth_perception,239,5,0.37656903765690375,variable
mgears_depth_perception_std,0,0,,all_missing
mgears_dexterity_with_multiple_wristed_instruments,239,5,0.45188284518828453,variable
mgears_dexterity_with_multiple_wristed_instruments_std,0,0,,all_missing
mgears_efficiency_flow_of_operation,238,5,0.40336134453781514,variable
mgears_efficiency_flow_of_operation_std,0,0,,all_missing
mgears_force_sensitivity_and_tissue_handling,239,5,0.41422594142259417,variable
mgears_force_sensitivity_and_tissue_handling_std,0,0,,all_missing
mgears_autonomy,0,0,,all_missing
mgears_autonomy_std,0,0,,all_missing
mgears_master_manipulator_workspace_robotic_control,239,5,0.4393305439330544,variable
mgears_master_manipulator_workspace_robotic_control_std,0,0,,all_missing
mgears_basic_energy_skills,0,0,,all_missing
mgears_basic_energy_skills_std,0,0,,all_missing
mgears_overall_performance_quality_of_the_final_product,237,5,0.48945147679324896,variable
mgears_overall_performance_quality_of_the_final_product_std,0,0,,all_missing
n_applicable_mgears_domains,239,2,0.9874476987447699,variable
mgears_domain_score_sum,239,22,0.11297071129707113,variable
target_minus_domain_sum,239,1,1.0,constant
inferred_max_score,239,7,0.47280334728033474,variable
