domain,fold,best_inner_cv_mae,best_params
mgears_depth_perception,1,0.5983114912213561,"{""model__bootstrap"": true, ""model__max_depth"": 15, ""model__max_features"": 0.5, ""model__min_samples_leaf"": 1, ""model__min_samples_split"": 2, ""model__n_estimators"": 500}"
mgears_depth_perception,2,0.6382618532806952,"{""model__bootstrap"": false, ""model__max_depth"": 20, ""model__max_features"": ""sqrt"", ""model__min_samples_leaf"": 3, ""model__min_samples_split"": 2, ""model__n_estimators"": 500}"
mgears_depth_perception,3,0.6526388021491867,"{""model__bootstrap"": true, ""model__max_depth"": 15, ""model__max_features"": 1.0, ""model__min_samples_leaf"": 3, ""model__min_samples_split"": 3, ""model__n_estimators"": 500}"
mgears_depth_perception,4,0.6123677257666083,"{""model__bootstrap"": true, ""model__max_depth"": null, ""model__max_features"": 0.5, ""model__min_samples_leaf"": 4, ""model__min_samples_split"": 3, ""model__n_estimators"": 1200}"
mgears_depth_perception,5,0.6541716471902405,"{""model__bootstrap"": true, ""model__max_depth"": null, ""model__max_features"": ""sqrt"", ""model__min_samples_leaf"": 2, ""model__min_samples_split"": 2, ""model__n_estimators"": 800}"
mgears_dexterity_with_multiple_wristed_instruments,1,0.5088411722829497,"{""model__bootstrap"": false, ""model__max_depth"": 6, ""model__max_features"": 1.0, ""model__min_samples_leaf"": 2, ""model__min_samples_split"": 2, ""model__n_estimators"": 800}"
mgears_dexterity_with_multiple_wristed_instruments,2,0.5355307222889156,"{""model__bootstrap"": false, ""model__max_depth"": null, ""model__max_features"": 0.5, ""model__min_samples_leaf"": 1, ""model__min_samples_split"": 4, ""model__n_estimators"": 800}"
mgears_dexterity_with_multiple_wristed_instruments,3,0.5700849403900438,"{""model__bootstrap"": false, ""model__max_depth"": null, ""model__max_features"": ""sqrt"", ""model__min_samples_leaf"": 3, ""model__min_samples_split"": 4, ""model__n_estimators"": 500}"
mgears_dexterity_with_multiple_wristed_instruments,4,0.5474806594978121,"{""model__bootstrap"": false, ""model__max_depth"": 15, ""model__max_features"": 0.5, ""model__min_samples_leaf"": 1, ""model__min_samples_split"": 4, ""model__n_estimators"": 500}"
mgears_dexterity_with_multiple_wristed_instruments,5,0.5799273421605238,"{""model__bootstrap"": false, ""model__max_depth"": 20, ""model__max_features"": ""sqrt"", ""model__min_samples_leaf"": 3, ""model__min_samples_split"": 4, ""model__n_estimators"": 300}"
mgears_efficiency_flow_of_operation,1,0.5400678881448413,"{""model__bootstrap"": false, ""model__max_depth"": null, ""model__max_features"": 0.5, ""model__min_samples_leaf"": 2, ""model__min_samples_split"": 2, ""model__n_estimators"": 800}"
mgears_efficiency_flow_of_operation,2,0.5455984693877551,"{""model__bootstrap"": false, ""model__max_depth"": 20, ""model__max_features"": 0.5, ""model__min_samples_leaf"": 1, ""model__min_samples_split"": 3, ""model__n_estimators"": 500}"
mgears_efficiency_flow_of_operation,3,0.5581943470602524,"{""model__bootstrap"": false, ""model__max_depth"": 15, ""model__max_features"": 0.75, ""model__min_samples_leaf"": 4, ""model__min_samples_split"": 6, ""model__n_estimators"": 800}"
mgears_efficiency_flow_of_operation,4,0.5447036047752435,"{""model__bootstrap"": false, ""model__max_depth"": 15, ""model__max_features"": 1.0, ""model__min_samples_leaf"": 2, ""model__min_samples_split"": 3, ""model__n_estimators"": 300}"
mgears_efficiency_flow_of_operation,5,0.5924032914237123,"{""model__bootstrap"": false, ""model__max_depth"": 15, ""model__max_features"": 0.75, ""model__min_samples_leaf"": 4, ""model__min_samples_split"": 3, ""model__n_estimators"": 800}"
mgears_force_sensitivity_and_tissue_handling,1,0.548425537410921,"{""model__bootstrap"": true, ""model__max_depth"": 6, ""model__max_features"": 1.0, ""model__min_samples_leaf"": 2, ""model__min_samples_split"": 3, ""model__n_estimators"": 300}"
mgears_force_sensitivity_and_tissue_handling,2,0.5736229308390024,"{""model__bootstrap"": false, ""model__max_depth"": null, ""model__max_features"": ""sqrt"", ""model__min_samples_leaf"": 1, ""model__min_samples_split"": 2, ""model__n_estimators"": 1200}"
mgears_force_sensitivity_and_tissue_handling,3,0.6024793248493163,"{""model__bootstrap"": false, ""model__max_depth"": null, ""model__max_features"": ""sqrt"", ""model__min_samples_leaf"": 3, ""model__min_samples_split"": 2, ""model__n_estimators"": 500}"
mgears_force_sensitivity_and_tissue_handling,4,0.6269233621704708,"{""model__bootstrap"": true, ""model__max_depth"": 10, ""model__max_features"": ""sqrt"", ""model__min_samples_leaf"": 1, ""model__min_samples_split"": 2, ""model__n_estimators"": 800}"
mgears_force_sensitivity_and_tissue_handling,5,0.599606772138884,"{""model__bootstrap"": false, ""model__max_depth"": 10, ""model__max_features"": 1.0, ""model__min_samples_leaf"": 1, ""model__min_samples_split"": 6, ""model__n_estimators"": 300}"
mgears_master_manipulator_workspace_robotic_control,1,0.5865893265205224,"{""model__bootstrap"": false, ""model__max_depth"": 6, ""model__max_features"": 0.75, ""model__min_samples_leaf"": 2, ""model__min_samples_split"": 6, ""model__n_estimators"": 1200}"
mgears_master_manipulator_workspace_robotic_control,2,0.5601633001474403,"{""model__bootstrap"": false, ""model__max_depth"": 20, ""model__max_features"": 0.5, ""model__min_samples_leaf"": 4, ""model__min_samples_split"": 4, ""model__n_estimators"": 1200}"
mgears_master_manipulator_workspace_robotic_control,3,0.619957513727211,"{""model__bootstrap"": false, ""model__max_depth"": 10, ""model__max_features"": ""sqrt"", ""model__min_samples_leaf"": 1, ""model__min_samples_split"": 4, ""model__n_estimators"": 500}"
mgears_master_manipulator_workspace_robotic_control,4,0.625195987835083,"{""model__bootstrap"": false, ""model__max_depth"": 20, ""model__max_features"": ""sqrt"", ""model__min_samples_leaf"": 1, ""model__min_samples_split"": 4, ""model__n_estimators"": 300}"
mgears_master_manipulator_workspace_robotic_control,5,0.5815494351058493,"{""model__bootstrap"": false, ""model__max_depth"": 10, ""model__max_features"": 0.5, ""model__min_samples_leaf"": 1, ""model__min_samples_split"": 2, ""model__n_estimators"": 500}"
mgears_overall_performance_quality_of_the_final_product,1,0.46318861489210994,"{""model__bootstrap"": false, ""model__max_depth"": 6, ""model__max_features"": 0.5, ""model__min_samples_leaf"": 1, ""model__min_samples_split"": 4, ""model__n_estimators"": 1200}"
mgears_overall_performance_quality_of_the_final_product,2,0.4952374748947823,"{""model__bootstrap"": false, ""model__max_depth"": 6, ""model__max_features"": 0.5, ""model__min_samples_leaf"": 1, ""model__min_samples_split"": 3, ""model__n_estimators"": 1200}"
mgears_overall_performance_quality_of_the_final_product,3,0.5506536278427071,"{""model__bootstrap"": false, ""model__max_depth"": 10, ""model__max_features"": 0.75, ""model__min_samples_leaf"": 3, ""model__min_samples_split"": 3, ""model__n_estimators"": 800}"
mgears_overall_performance_quality_of_the_final_product,4,0.5122786139455783,"{""model__bootstrap"": false, ""model__max_depth"": null, ""model__max_features"": 1.0, ""model__min_samples_leaf"": 1, ""model__min_samples_split"": 2, ""model__n_estimators"": 500}"
mgears_overall_performance_quality_of_the_final_product,5,0.5300456632653061,"{""model__bootstrap"": false, ""model__max_depth"": 20, ""model__max_features"": 1.0, ""model__min_samples_leaf"": 1, ""model__min_samples_split"": 3, ""model__n_estimators"": 1200}"
