model,feature,folds_present,mean_importance,std_importance,max_importance
extra_trees,numeric__USM0_pose_global_rotation_determinant_mean,5,0.08199500770206813,0.022679466411074017,0.11837644684414944
extra_trees,numeric__USM0_pose_global_n_samples,5,0.05860366905578259,0.005571711683791725,0.06838498238756953
extra_trees,numeric__USM2_pose_global_pause_duration_seconds,5,0.05338374310047535,0.011486634123602369,0.0637914864599759
extra_trees,numeric__USM3_pose_global_pause_duration_seconds,5,0.04856676451376292,0.009394767648773481,0.060293416214078986
extra_trees,numeric__USM0_pose_global_pause_duration_seconds,5,0.044406048805545745,0.005798472102077388,0.05408104125155623
extra_trees,numeric__USM0_pose_global_log_dimensionless_jerk,5,0.02436669430275091,0.0037584612161800897,0.02773649220131467
extra_trees,numeric__active_pair_simultaneous_active_fraction,4,0.02260672227291978,0.0024434077478274587,0.025659219765804982
extra_trees,numeric__USM2_pose_global_rotation_determinant_mean,5,0.02251756408861755,0.008004397387891509,0.034817429731200764
extra_trees,numeric__USM2_pose_global_mean_abs_angular_acceleration_rad_s2,5,0.02209202353212094,0.011253124035058744,0.04164382367618669
extra_trees,numeric__USM2_pose_global_pause_count,5,0.021689114019776426,0.0071520155400252045,0.03306640742815782
extra_trees,numeric__USM3_pose_global_pause_fraction,5,0.020592084275658555,0.008026560357488362,0.028386852677886536
extra_trees,numeric__USM2_pose_global_log_dimensionless_jerk,4,0.01989976159338187,0.001762832085758853,0.02196072552179779
extra_trees,numeric__USM3_pose_global_rotation_determinant_mean,5,0.019647100595338286,0.003917591685463741,0.023481595125689342
extra_trees,numeric__USM2_pose_global_mean_angular_speed_rad_s,5,0.017807382660217176,0.008735419971712427,0.030816313289771212
extra_trees,numeric__USM0_pose_global_mean_acceleration_l2,1,0.015079895071562077,,0.015079895071562077
extra_trees,numeric__USM0_pose_global_mean_abs_angular_acceleration_rad_s2,5,0.013236435619516323,0.004283170069428241,0.020605131461995104
extra_trees,numeric__USM3_pose_global_idle_fraction_relative,5,0.013195215234090526,0.0038242353705448453,0.019900963199246387
extra_trees,numeric__USM2_pose_global_mean_acceleration_l2,1,0.01253095600342288,,0.01253095600342288
extra_trees,numeric__USM0_USM2_pose_global_simultaneous_active_fraction,5,0.012137253735945305,0.004213077607439431,0.019482836750886696
extra_trees,numeric__USM0_USM3_pose_global_simultaneous_active_fraction,5,0.011764344031947187,0.0019828133006399656,0.013396772480459162
extra_trees,numeric__USM3_pose_global_pause_count,5,0.011659437542945534,0.0033342224626249713,0.015167160053829013
extra_trees,numeric__USM0_pose_global_pause_count,5,0.011563302851903073,0.0024675570661747107,0.015220140735217439
extra_trees,numeric__USM0_pose_global_mean_angular_speed_rad_s,5,0.011083846695355079,0.002487458201459414,0.014105898067611223
extra_trees,numeric__USM2_pose_global_dimensionless_jerk,5,0.010829240125434392,0.0025658272490498143,0.01357140508727088
extra_trees,task__task_clean_suture,5,0.01030769611572082,0.0037224224628739006,0.016212498878411308
extra_trees,numeric__USM0_pose_global_rms_speed_l2,5,0.009520719494012505,0.001950650975726684,0.012078157320458516
extra_trees,numeric__USM0_USM3_pose_global_path_length_imbalance,5,0.008934982496128828,0.0021303942542813094,0.01219114479679057
extra_trees,numeric__USM2_USM3_pose_global_mean_abs_relative_speed,1,0.008624419376612492,,0.008624419376612492
extra_trees,numeric__USM0_USM3_pose_global_both_idle_fraction,5,0.008200852666263725,0.0006622229917083171,0.009053962161038426
extra_trees,numeric__USM0_pose_global_max_speed_l2,5,0.007584163539785087,0.0005258187717419808,0.008456785412248851
extra_trees,numeric__USM3_pose_global_log_dimensionless_jerk,5,0.007476485919454408,0.0019836303998273675,0.009829017747867945
extra_trees,numeric__active_pair_mean_distance_rel,1,0.007175537987654586,,0.007175537987654586
extra_trees,numeric__active_pair_path_length_imbalance,5,0.007131750275123723,0.002162534287319372,0.00952703151563836
extra_trees,numeric__USM2_pose_global_max_speed_l2,1,0.007005342808885596,,0.007005342808885596
extra_trees,numeric__USM0_pose_global_raw_path_l2,5,0.00699042443196933,0.0017530731128895447,0.008993569462793444
extra_trees,numeric__active_pair_one_arm_only_active_fraction,4,0.006915615200390745,0.0012697709759289107,0.008583379595497176
extra_trees,numeric__USM2_USM3_pose_global_simultaneous_active_fraction,5,0.006578322255952828,0.0013889690148010908,0.0083689418405814
extra_trees,numeric__USM0_pose_global_idle_threshold_relative,5,0.006552354061779522,0.0022282278081299477,0.009297847811169418
extra_trees,numeric__USM0_pose_global_mean_speed_l2,5,0.006300101993579142,0.0021961205151651546,0.009784597126384223
extra_trees,numeric__USM0_pose_global_movement_economy,5,0.006237202804010978,0.0014282789650691904,0.007918112350432487
extra_trees,numeric__USM2_USM3_pose_global_path_length_imbalance,5,0.006072084590459859,0.0008866437434483163,0.00695910429451358
extra_trees,numeric__USM2_USM3_pose_global_speed_correlation,5,0.006068015890364678,0.0010372006763814058,0.007047640785348745
extra_trees,numeric__USM2_pose_global_max_angular_speed_rad_s,5,0.005914518013944363,0.0016028432877578805,0.008719765995685781
extra_trees,numeric__USM0_pose_global_dimensionless_jerk,5,0.00546002356799581,0.001393892110880071,0.007352629655762905
extra_trees,numeric__USM0_pose_global_max_jerk_l2,4,0.005452615921720515,0.0005177868998839252,0.006163254034339127
extra_trees,numeric__USM2_pose_global_max_abs_angular_acceleration_rad_s2,5,0.005223528114015529,0.002033170393164078,0.00881302985795436
extra_trees,numeric__USM0_pose_global_rotation_path_radians,5,0.005219144937597505,0.0013843231567938713,0.0070209272062596775
extra_trees,numeric__USM3_pose_global_idle_threshold_relative,5,0.005194741979942598,0.0017808351329447936,0.008109055004344596
extra_trees,numeric__USM0_USM3_pose_global_mean_distance_rel,5,0.005106608094109198,0.001293117595064168,0.00650137492989063
extra_trees,numeric__USM0_pose_global_path_l2,4,0.005054764803068157,0.0012042802551215774,0.006223764477401049
extra_trees,numeric__USM2_pose_global_mean_speed_l2,4,0.004977526296223885,0.0009477748453105775,0.006307202058184425
extra_trees,numeric__USM3_pose_global_economy_area_xy,5,0.004959273141148841,0.00037441419839576374,0.005337097561005103
extra_trees,numeric__USM2_USM3_pose_global_both_idle_fraction,5,0.004940633087449807,0.0009049219723683512,0.005886765989945675
extra_trees,numeric__USM2_pose_global_pause_fraction,5,0.004869155350780646,0.0011723588125973283,0.005867251986678386
extra_trees,numeric__USM3_pose_global_z_range_m,5,0.0048563164335009585,0.0016965445291308846,0.007545969001372708
extra_trees,numeric__USM0_pose_global_idle_fraction_relative,5,0.004842304438789097,0.0011699929226305092,0.006131101158563398
extra_trees,numeric__active_pair_speed_correlation,5,0.004832804854390137,0.0007268358367477672,0.005882524457794004
extra_trees,numeric__USM2_pose_global_idle_fraction_relative,5,0.0047892840917888565,0.0009678645722434865,0.005931488505880909
extra_trees,numeric__USM3_pose_global_active,5,0.004776910179897711,0.003658258751687292,0.011205546517238396
extra_trees,numeric__USM2_USM3_pose_global_mean_distance_rel,5,0.004654259680005058,0.0009746985620806721,0.005975227304494581
extra_trees,numeric__USM0_pose_global_rotation_determinant_std,5,0.0046486133025317984,0.0011669159371656894,0.0059120024452677345
extra_trees,numeric__USM0_USM3_pose_global_speed_correlation,5,0.004555158786097761,0.0014583584360482395,0.007014862455736716
extra_trees,numeric__USM0_USM3_pose_global_mean_abs_relative_speed,5,0.004510650393959648,0.0003127684948167594,0.004887709300010474
extra_trees,numeric__USM0_pose_global_economy_area_yz,5,0.004498313633712067,0.0009638043593987858,0.005766379515249804
extra_trees,numeric__USM2_pose_global_net_displacement_l2,2,0.004487546393325899,0.0007767811415609075,0.005036813606021444
extra_trees,numeric__USM0_USM2_pose_global_std_distance_rel,1,0.004443037945606036,,0.004443037945606036
extra_trees,numeric__USM0_USM2_pose_global_one_arm_only_active_fraction,5,0.00442086437318354,0.0011983369776630323,0.005730019611582627
extra_trees,numeric__USM0_USM3_pose_global_one_arm_only_active_fraction,5,0.0043916699552634785,0.0011272447202889128,0.006032867743260316
extra_trees,numeric__USM2_pose_global_rotation_path_radians,5,0.004281143624114995,0.0010333023746158753,0.005765897518299087
extra_trees,numeric__USM2_USM3_pose_global_distance_range_rel,5,0.004247192397219449,0.00025143803006713985,0.004524848286655159
extra_trees,numeric__USM0_pose_global_net_displacement_l2,5,0.004244887318479021,0.0009967244695709722,0.005366443766901902
extra_trees,numeric__USM2_USM3_pose_global_one_arm_only_active_fraction,5,0.004239492253404817,0.0010813899313225472,0.005538448201346582
extra_trees,numeric__USM0_pose_global_pause_fraction,5,0.004165230617890268,0.00040407172647781095,0.004596879433729003
extra_trees,numeric__USM3_pose_global_rotation_determinant_std,5,0.004124520205093485,0.0007496591608298593,0.005220865856052959
extra_trees,numeric__USM2_USM3_pose_global_std_distance_rel,5,0.004053982370257866,0.0004540389133959676,0.004735819581975048
extra_trees,numeric__USM3_pose_global_dimensionless_jerk,5,0.004000066309458886,0.0011689481121546473,0.005516764278900178
extra_trees,task__task_clean_sea_spikes,5,0.003968402311125648,0.0017301574669410236,0.005766372563480746
extra_trees,numeric__USM2_pose_global_raw_path_l2,5,0.003966669466381095,0.0015933856301648774,0.006627482215637506
extra_trees,numeric__USM0_USM2_pose_global_path_length_imbalance,5,0.0039464037348771654,0.0008739598750961227,0.004908653667192071
extra_trees,numeric__USM2_pose_global_movement_economy,5,0.003940041993234593,0.00044015282896663944,0.004305195440268955
extra_trees,numeric__USM3_pose_global_movement_economy,5,0.003918457783670273,0.0008971020148321391,0.004980027422887727
extra_trees,numeric__USM3_pose_global_mean_acceleration_l2,4,0.003901369411981699,0.0009914932638421887,0.005197031387757734
extra_trees,numeric__all_psm_pose_global_path_total_m,5,0.003841488300588722,0.0005853428647773316,0.004622043644868023
extra_trees,numeric__USM3_pose_global_mean_speed_l2,5,0.0038394917873773374,0.001036741322744709,0.004843204102609088
extra_trees,numeric__USM0_pose_global_max_abs_angular_acceleration_rad_s2,5,0.0038387450717369182,0.0004531030721073767,0.004466523339646232
extra_trees,numeric__USM3_pose_global_rms_speed_l2,5,0.003744363246839893,0.0006851635283874802,0.00444447337953036
extra_trees,numeric__USM0_USM2_pose_global_speed_correlation,5,0.003736127823986461,0.0005119050119345968,0.004359022625308468
extra_trees,numeric__active_pair_mean_abs_relative_speed,1,0.003706638355785955,,0.003706638355785955
extra_trees,numeric__USM3_pose_global_economy_area_yz,5,0.0034953269284157666,0.0010327752103944723,0.005337797130200562
extra_trees,numeric__USM2_pose_global_y_range_m,5,0.00346658109498659,0.0013174495188130303,0.005497498741104308
extra_trees,task__task_clean_camera_target,5,0.0034414122827440543,0.000818907595407013,0.004075586959392103
extra_trees,numeric__USM0_pose_global_economy_area_xy,5,0.003395177536772523,0.00039186427401899143,0.004013685575804419
extra_trees,numeric__USM0_pose_global_max_angular_speed_rad_s,5,0.0033807314963343613,0.00047594977741662666,0.0040108703474514016
extra_trees,numeric__USM0_USM2_pose_global_mean_abs_relative_speed,1,0.003320441262660493,,0.003320441262660493
extra_trees,numeric__USM0_USM3_pose_global_std_distance_rel,5,0.00330047941864386,0.0005451946107364689,0.003959877727307964
extra_trees,numeric__USM2_pose_global_economy_area_yz,5,0.003297966027331329,0.0012469888820367601,0.005454568576626123
extra_trees,numeric__active_pair_path_length_b_rel,5,0.0032966952779571236,0.0006042453746214018,0.004037949208673738
extra_trees,numeric__USM3_pose_global_economy_volume,5,0.0032827505649406057,0.0007755577110687005,0.004137035994420096
extra_trees,numeric__active_pair_both_idle_fraction,4,0.003265963141920022,0.0009494344564433287,0.004391420286410765
extra_trees,numeric__USM0_pose_global_economy_volume,5,0.0031979329530448944,0.0006164022866846315,0.003909579630445765
extra_trees,numeric__USM2_pose_global_rotation_determinant_std,5,0.0031724851112784605,0.00047449149893844043,0.0036432257429807663
extra_trees,numeric__USM3_pose_global_raw_path_l2,5,0.003138764503733544,0.0007895782130183031,0.004219482704451697
extra_trees,numeric__USM2_pose_global_path_l2,4,0.0031074970438422613,0.0004594917024810903,0.003764882587686476
extra_trees,numeric__USM2_pose_global_z_range_m,5,0.00310392274409507,0.0009040934522433724,0.004612563544457131
extra_trees,numeric__USM2_pose_global_economy_volume,5,0.003034660733386035,0.0007153432912160658,0.0036657909573045745
extra_trees,numeric__USM2_pose_global_idle_threshold_relative,5,0.0030326605320604746,0.0003087761567587957,0.00342755352529362
extra_trees,numeric__USM3_pose_global_y_range_m,5,0.002998148996987008,0.0006550493240232847,0.003789824031610825
extra_trees,task__task_clean_ring_rollercoaster,5,0.0029845412536885782,0.0007219677587166863,0.003938770126862493
extra_trees,numeric__USM3_pose_global_mean_angular_speed_rad_s,5,0.0028751506874810135,0.0007629598159994117,0.003515852694066801
extra_trees,numeric__USM3_pose_global_economy_area_xz,5,0.0028687908228050988,0.00043498155812661245,0.0034007822205675787
extra_trees,numeric__USM2_pose_global_economy_area_xy,5,0.0028215969358526935,0.00041621586413121493,0.003293224530923554
extra_trees,numeric__USM0_USM3_pose_global_distance_range_rel,5,0.0028106207346220075,0.000553755340063242,0.0037538280150423405
extra_trees,numeric__USM0_USM2_pose_global_both_idle_fraction,5,0.0026947548330197688,0.0008807037743430741,0.004173023060458913
extra_trees,numeric__USM0_pose_global_max_gap_seconds,5,0.002673892931647396,0.00016553903023927934,0.0028455314160404106
extra_trees,numeric__USM0_pose_global_economy_area_xz,5,0.0026594764480839224,0.00035931025997116244,0.0031861535159562267
extra_trees,numeric__USM3_pose_global_max_speed_l2,5,0.002570675737617943,0.0005620897646225685,0.0034597402024574364
extra_trees,numeric__USM3_pose_global_max_jerk_l2,5,0.0025501954038112057,0.0005568510725000442,0.003160743187488105
extra_trees,numeric__USM3_pose_global_net_displacement_l2,5,0.002512772468317299,0.0005987358911276393,0.00354342874848153
extra_trees,numeric__USM2_pose_global_x_range_m,4,0.0025010620337907624,0.00034795586375250306,0.0030083673464990543
extra_trees,numeric__USM0_pose_global_y_range_m,5,0.0024708215677947294,0.00038843928762216694,0.0029828773192811945
extra_trees,numeric__USM0_pose_global_z_range_m,4,0.002421490692218203,0.00029108562504457156,0.002663273524559778
extra_trees,numeric__USM3_pose_global_max_acceleration_l2,5,0.002410862631574697,0.0005242907458556887,0.0032055509594392274
extra_trees,numeric__USM3_pose_global_max_angular_speed_rad_s,5,0.002343140142288061,0.0005906749133535547,0.0031945604230536914
extra_trees,numeric__USM2_pose_global_economy_area_xz,5,0.0023315498875168305,0.00034907463375568253,0.0028223301654473777
extra_trees,task__task_clean_glove_cut,5,0.002280859747217016,0.0005904326968278427,0.0032599624134779545
extra_trees,numeric__USM3_pose_global_mean_abs_angular_acceleration_rad_s2,5,0.002242534705416716,0.0004551084188785873,0.002743622787193276
extra_trees,numeric__active_psm_count,4,0.002217232916301945,0.0008094631907981383,0.002852950534864273
extra_trees,numeric__USM0_pose_global_x_range_m,5,0.002180014898264804,0.00027186042154759736,0.0025714940020264802
extra_trees,numeric__USM0_USM2_pose_global_alignment_coverage,5,0.0021320894567644234,0.000384622667576995,0.0024510171168164135
extra_trees,numeric__USM3_pose_global_x_range_m,5,0.0018877182854083094,9.616248461057944e-05,0.00198784577349368
extra_trees,numeric__USM3_pose_global_max_abs_angular_acceleration_rad_s2,3,0.0018521781678201225,0.00020277715667025168,0.0020847167061591623
extra_trees,numeric__USM3_pose_global_rotation_path_radians,5,0.001839616909218847,0.0002647951680749843,0.0020813509220934333
extra_trees,numeric__USM3_pose_global_jerk_cost,5,0.0018218650895029816,0.0003487332419997387,0.0023968972745760557
extra_trees,numeric__USM2_pose_global_workspace_box_volume_m3,2,0.0018204809772981087,0.000325861013124426,0.002050899509402709
extra_trees,numeric__USM3_pose_global_workspace_box_volume_m3,4,0.0016530213422346657,0.0004400994455216067,0.002212321309182418
extra_trees,numeric__active_pair_usm_b,5,0.0009001380918713059,0.0010392490694635264,0.002735096081698448
extra_trees,numeric__USM0_pose_global_active,4,6.58282248132908e-05,8.179611026264335e-05,0.00016865908624898263
extra_trees,numeric__active_pair_usm_a,5,3.5637505779904977e-06,7.968788547240919e-06,1.7818752889952488e-05
extra_trees,numeric__USM0_pose_global_median_dt_seconds,5,0.0,0.0,0.0
random_forest,numeric__USM0_pose_global_pause_duration_seconds,5,0.06503238530386034,0.042800646755214514,0.11756352168395193
random_forest,numeric__USM0_pose_global_n_samples,5,0.05023257287947985,0.014518876901670195,0.07240409694936974
random_forest,numeric__USM2_pose_global_pause_duration_seconds,5,0.047179628106906214,0.024535532804936033,0.08399607309783291
random_forest,numeric__USM3_pose_global_pause_duration_seconds,5,0.04287170509445717,0.012191029478656287,0.059745188727332955
random_forest,numeric__active_pair_mean_distance_rel,1,0.039522893593596335,,0.039522893593596335
random_forest,numeric__USM0_pose_global_log_dimensionless_jerk,5,0.02823023335168965,0.010920643408650007,0.03837152898219629
random_forest,numeric__USM0_pose_global_dimensionless_jerk,5,0.028092997975152467,0.008310680234298607,0.03752826148677491
random_forest,numeric__USM2_pose_global_mean_angular_speed_rad_s,5,0.024752817009640903,0.012477092354233443,0.04474914568303752
random_forest,numeric__USM0_pose_global_rotation_determinant_mean,5,0.02223615765120398,0.014102367431994662,0.04663850604256971
random_forest,numeric__active_pair_simultaneous_active_fraction,4,0.021878428253184097,0.008049180011355194,0.03221874767051377
random_forest,numeric__USM2_pose_global_max_speed_l2,1,0.021668265889207,,0.021668265889207
random_forest,numeric__USM0_pose_global_rms_speed_l2,5,0.021455049847008058,0.004701730322146037,0.02859255226803796
random_forest,numeric__USM2_pose_global_dimensionless_jerk,5,0.019775547401012818,0.006453292555594178,0.026896864936819694
random_forest,numeric__USM2_pose_global_log_dimensionless_jerk,4,0.019517434302331493,0.0037598382895959767,0.02242180092998721
random_forest,numeric__USM2_pose_global_mean_abs_angular_acceleration_rad_s2,5,0.018950428813188057,0.012962936204310913,0.041515594886050215
random_forest,numeric__USM3_pose_global_pause_fraction,5,0.016978064668882884,0.0060691652079932525,0.023170534991892013
random_forest,numeric__USM2_pose_global_pause_count,5,0.01618989365401468,0.005968203931768533,0.021776125407689532
random_forest,numeric__USM0_pose_global_pause_count,5,0.015851317636010196,0.005936544884777898,0.021386367640737106
random_forest,numeric__USM0_USM2_pose_global_simultaneous_active_fraction,5,0.013840597509246011,0.00493038809459152,0.022462655223986997
random_forest,numeric__USM0_pose_global_max_speed_l2,5,0.013544204557907499,0.0032195940351284046,0.017769105085153787
random_forest,numeric__USM0_pose_global_mean_acceleration_l2,1,0.013429203950871098,,0.013429203950871098
random_forest,numeric__USM2_pose_global_mean_acceleration_l2,1,0.012909448004507757,,0.012909448004507757
random_forest,numeric__USM3_pose_global_pause_count,5,0.011994510736336252,0.004439661017615117,0.016386456304778994
random_forest,numeric__USM0_pose_global_mean_angular_speed_rad_s,5,0.01150021221333056,0.0033180660607719146,0.01625542831919032
random_forest,numeric__USM2_USM3_pose_global_speed_correlation,5,0.010048738755702268,0.003286962195598407,0.014486371067478852
random_forest,numeric__USM3_pose_global_idle_fraction_relative,5,0.010008094048694757,0.005012968735527195,0.01563645604928414
random_forest,numeric__USM2_USM3_pose_global_mean_abs_relative_speed,1,0.00987665332681518,,0.00987665332681518
random_forest,numeric__USM0_pose_global_mean_abs_angular_acceleration_rad_s2,5,0.00987028117688501,0.0041844161407135405,0.016151848694825128
random_forest,numeric__USM0_USM3_pose_global_path_length_imbalance,5,0.009623490692977795,0.002969379149096301,0.014550905739985956
random_forest,numeric__USM3_pose_global_rotation_determinant_mean,5,0.009450882917480505,0.004961464635290807,0.01804881764941447
random_forest,numeric__USM0_pose_global_max_jerk_l2,4,0.009196656227474748,0.0011722232807910714,0.010553256609201892
random_forest,numeric__USM2_pose_global_idle_fraction_relative,5,0.008646786874092502,0.0036433596578540795,0.014654523184173785
random_forest,numeric__USM0_pose_global_mean_speed_l2,5,0.008542430285829992,0.004493343130812864,0.014449913355154722
random_forest,numeric__USM2_pose_global_pause_fraction,5,0.008320030469641295,0.0023389073588797006,0.011355855073993226
random_forest,numeric__USM2_pose_global_mean_speed_l2,4,0.008139394167927898,0.003929851871803426,0.011804048066129592
random_forest,numeric__USM0_USM3_pose_global_both_idle_fraction,5,0.007970099197417329,0.001879777659990626,0.010779564536200808
random_forest,numeric__USM3_pose_global_dimensionless_jerk,5,0.007891107832936773,0.003163961230119663,0.010992089234062528
random_forest,numeric__USM2_pose_global_rotation_determinant_mean,5,0.007820549767031058,0.003186974151502115,0.010859833156313997
random_forest,numeric__USM0_USM3_pose_global_speed_correlation,5,0.007681346998940758,0.00236476908652221,0.010163918270382842
random_forest,numeric__USM0_USM2_pose_global_std_distance_rel,1,0.0074517094606054235,,0.0074517094606054235
random_forest,numeric__USM0_pose_global_raw_path_l2,5,0.007398372625125558,0.005376421023312665,0.014934327250598341
random_forest,numeric__USM3_pose_global_log_dimensionless_jerk,5,0.007397507421364888,0.0024630858902544846,0.010496256061134985
random_forest,numeric__USM0_USM3_pose_global_mean_abs_relative_speed,5,0.00693350182200605,0.0027344235120821724,0.010406027237579331
random_forest,numeric__active_pair_one_arm_only_active_fraction,4,0.006929785321361036,0.0006586838619069358,0.007722831446677642
random_forest,numeric__USM2_USM3_pose_global_path_length_imbalance,5,0.006917896890857792,0.0014306379693986707,0.00883633259727612
random_forest,numeric__USM0_USM3_pose_global_simultaneous_active_fraction,5,0.006800278399273524,0.0024811795614444743,0.009337605745535209
random_forest,numeric__USM2_pose_global_net_displacement_l2,2,0.00669722166678823,5.0321705371875955e-05,0.006732804485897555
random_forest,numeric__USM3_pose_global_idle_threshold_relative,5,0.006474380276320335,0.001976273092701361,0.009429420089654845
random_forest,numeric__USM0_pose_global_path_l2,4,0.006389898757863,0.0026373139451172415,0.009241450425453322
random_forest,numeric__active_pair_speed_correlation,5,0.006352667647809685,0.0030387985664827267,0.011531799357892161
random_forest,numeric__USM2_pose_global_max_angular_speed_rad_s,5,0.00603028347884208,0.0016211505858635664,0.008350245000756297
random_forest,numeric__USM2_pose_global_max_abs_angular_acceleration_rad_s2,5,0.005878752438321229,0.001884149536767277,0.008543039752502457
random_forest,numeric__USM3_pose_global_rms_speed_l2,5,0.0058416273464736304,0.0021608469883629485,0.008242020964517814
random_forest,numeric__USM2_USM3_pose_global_one_arm_only_active_fraction,5,0.0057982808038283045,0.0012499296016519076,0.0066109217775847835
random_forest,numeric__USM0_USM2_pose_global_speed_correlation,5,0.005791945420729931,0.0014902640599252833,0.008118763057479519
random_forest,numeric__active_pair_path_length_imbalance,5,0.005778263326581736,0.0015607829477886938,0.008166035272095876
random_forest,numeric__USM0_pose_global_net_displacement_l2,5,0.005608888539697538,0.0010024703363577991,0.006481974639733302
random_forest,numeric__USM0_USM3_pose_global_mean_distance_rel,5,0.005445616391320098,0.0022839535955556183,0.009096120462800368
random_forest,numeric__USM0_pose_global_idle_fraction_relative,5,0.005441736042748794,0.0004490725820655223,0.005983278854147629
random_forest,numeric__USM0_pose_global_idle_threshold_relative,5,0.005408503191171603,0.0023011659377674544,0.008649973806264909
random_forest,numeric__active_pair_mean_abs_relative_speed,1,0.005386945062098929,,0.005386945062098929
random_forest,numeric__USM0_pose_global_rotation_path_radians,5,0.005345499571117573,0.001516142219596559,0.007335481303074521
random_forest,numeric__USM0_pose_global_movement_economy,5,0.005305703455394087,0.0010492841316860335,0.006422499043912084
random_forest,numeric__all_psm_pose_global_path_total_m,5,0.005231060185500204,0.0019738887269774453,0.007403585540502228
random_forest,numeric__USM3_pose_global_economy_area_xy,5,0.005222307097636804,0.0010668566201319704,0.0066939772852260436
random_forest,numeric__USM2_USM3_pose_global_simultaneous_active_fraction,5,0.005144664388724425,0.0015046275483618344,0.007070817462671176
random_forest,numeric__USM2_USM3_pose_global_mean_distance_rel,5,0.0051194100668943456,0.0013740682237882043,0.0063512032356752126
random_forest,numeric__USM0_pose_global_max_abs_angular_acceleration_rad_s2,5,0.00510747887091543,0.0012394016454627785,0.007159422156938217
random_forest,numeric__USM0_USM3_pose_global_one_arm_only_active_fraction,5,0.005065819546261692,0.0009339978095784083,0.006482794201247501
random_forest,numeric__USM0_USM2_pose_global_one_arm_only_active_fraction,5,0.0050375544026344116,0.0005478957760257076,0.0057551135463781095
random_forest,numeric__USM0_pose_global_economy_area_yz,5,0.005029784395021511,0.0011871034659502056,0.006589534529825117
random_forest,numeric__USM2_USM3_pose_global_both_idle_fraction,5,0.004875040484896074,0.0015352809606593648,0.006891334312073785
random_forest,numeric__USM2_pose_global_path_l2,4,0.004866098599061099,0.002013522112607414,0.006114321472350508
random_forest,numeric__USM3_pose_global_mean_acceleration_l2,4,0.0048598965176427315,0.0018901971861510843,0.007295578378393012
random_forest,numeric__USM3_pose_global_z_range_m,5,0.004755434874740122,0.0009991934064745671,0.005810641860958044
random_forest,numeric__USM0_pose_global_economy_volume,5,0.004670465204957332,0.0011919428600654831,0.006242433264705311
random_forest,numeric__USM0_pose_global_max_angular_speed_rad_s,5,0.004630374355070517,0.00036267097556196237,0.005048896011060619
random_forest,numeric__USM2_pose_global_economy_area_yz,5,0.004595965626669848,0.001781403739783986,0.0070325328954410375
random_forest,numeric__USM3_pose_global_max_abs_angular_acceleration_rad_s2,3,0.004451325686532587,0.0006402577224748467,0.0049375915735481
random_forest,numeric__USM2_USM3_pose_global_distance_range_rel,5,0.00444950504892164,0.000728485516846104,0.005384375884490672
random_forest,numeric__USM0_pose_global_pause_fraction,5,0.004427378822221767,0.0002777581115547367,0.004653043657548394
random_forest,numeric__USM2_USM3_pose_global_std_distance_rel,5,0.004412333739815191,0.0006244959514147287,0.005476214803303304
random_forest,numeric__active_pair_path_length_b_rel,5,0.004384769482838625,0.002477698142713707,0.006845588757771668
random_forest,numeric__USM2_pose_global_raw_path_l2,5,0.004370267339116586,0.0024562675011830003,0.00678607980585947
random_forest,numeric__USM3_pose_global_mean_speed_l2,5,0.0043232481663718755,0.0013441693096731956,0.0058637212670938615
random_forest,numeric__USM3_pose_global_movement_economy,5,0.004232532862260559,0.0019266240338166602,0.006450581396448188
random_forest,numeric__USM2_pose_global_rotation_path_radians,5,0.004200015444957231,0.0009357455670503128,0.005029146752981032
random_forest,numeric__USM2_pose_global_movement_economy,5,0.004147096711552124,0.0007713949137273626,0.005442095613854427
random_forest,numeric__USM3_pose_global_y_range_m,5,0.003941548441105786,0.0007848075408773436,0.004746477518649663
random_forest,numeric__active_pair_both_idle_fraction,4,0.003921187670861033,0.0010152672488535723,0.005089734833667962
random_forest,numeric__USM3_pose_global_max_angular_speed_rad_s,5,0.0038775175437618624,0.0010972528812265546,0.005178606738820456
random_forest,numeric__USM2_pose_global_y_range_m,5,0.003841210154676704,0.0010573406920040662,0.005714345537626234
random_forest,numeric__USM0_USM2_pose_global_mean_abs_relative_speed,1,0.0037926851866359845,,0.0037926851866359845
random_forest,numeric__USM0_USM2_pose_global_path_length_imbalance,5,0.0037877981959519276,0.0010184564068658132,0.004651629499713439
random_forest,numeric__USM3_pose_global_raw_path_l2,5,0.0036423871416449765,0.0005636572741048295,0.004385170553520008
random_forest,numeric__USM0_pose_global_economy_area_xy,5,0.0036156253013842647,0.0007456186044886319,0.004553018136927564
random_forest,numeric__USM0_pose_global_z_range_m,4,0.0035389323212745693,0.0004559116437687161,0.004134294910805327
random_forest,numeric__USM3_pose_global_mean_angular_speed_rad_s,5,0.003524854738838238,0.0014870392706895067,0.005588249731277387
random_forest,numeric__USM0_pose_global_economy_area_xz,5,0.003488179630809311,0.0006673029418939015,0.004240097923609717
random_forest,numeric__USM3_pose_global_economy_area_yz,5,0.003471003586461114,0.0006999776515330769,0.00465657922972152
random_forest,numeric__USM3_pose_global_net_displacement_l2,5,0.0034435888717502874,0.0006111085564694017,0.004177149354436374
random_forest,numeric__USM3_pose_global_rotation_path_radians,5,0.0033689362210570393,0.0012050999579929825,0.005042636159870986
random_forest,numeric__USM0_USM3_pose_global_std_distance_rel,5,0.0033518417686112523,0.0010004951437945346,0.004693358601276722
random_forest,numeric__USM0_pose_global_x_range_m,5,0.0033264516020661203,0.000850354273804812,0.004228917532725494
random_forest,numeric__USM2_pose_global_economy_area_xy,5,0.003321740093784118,0.0008803799306373442,0.004229094078761815
random_forest,numeric__USM2_pose_global_idle_threshold_relative,5,0.0032969638469472263,0.0013151034690248,0.004813926769398715
random_forest,numeric__USM2_pose_global_z_range_m,5,0.0032828985500145008,0.0007012342241530234,0.004406255034531162
random_forest,numeric__USM0_USM2_pose_global_both_idle_fraction,5,0.003228957276021438,0.0009374323628381503,0.004601889374400553
random_forest,numeric__USM2_pose_global_economy_volume,5,0.0032028866908251326,0.001700503934092325,0.0058151830822879644
random_forest,numeric__USM3_pose_global_max_speed_l2,5,0.003174715757360396,0.0009248992646613607,0.004402197786469568
random_forest,numeric__USM3_pose_global_mean_abs_angular_acceleration_rad_s2,5,0.003083343095779217,0.0010575445298531946,0.00428740182222779
random_forest,numeric__USM2_pose_global_x_range_m,4,0.0030578784632389598,0.00044838089358493344,0.0033817187630744623
random_forest,numeric__USM0_USM3_pose_global_distance_range_rel,5,0.0030375001029766388,0.00047083923187854433,0.003557320266127185
random_forest,numeric__USM3_pose_global_x_range_m,5,0.0030271512135520086,0.0012743184242127652,0.004417011663108884
random_forest,numeric__USM3_pose_global_workspace_box_volume_m3,4,0.0030120163417542774,0.000986177208751784,0.004063733643502828
random_forest,numeric__USM3_pose_global_max_acceleration_l2,5,0.0028937259788460734,0.0009894862185081197,0.003921568752708796
random_forest,numeric__USM0_pose_global_y_range_m,5,0.00279859728216536,0.0006047692135950382,0.0033704475800216556
random_forest,numeric__USM3_pose_global_economy_area_xz,5,0.002793108821612491,0.0008346981939963556,0.003584583607956038
random_forest,numeric__USM3_pose_global_max_jerk_l2,5,0.002774212644829039,0.0009924881949329065,0.004457661866405031
random_forest,numeric__USM3_pose_global_jerk_cost,5,0.0026967783408773263,0.0010004414753814527,0.003571885380955889
random_forest,numeric__USM3_pose_global_economy_volume,5,0.002617037585663687,0.0007285851087870105,0.0033937535731997427
random_forest,numeric__USM2_pose_global_workspace_box_volume_m3,2,0.002366024959392905,0.00043396262848993726,0.002672882876779678
random_forest,numeric__USM2_pose_global_economy_area_xz,5,0.002320856375990791,0.0008737530578480414,0.003586493495275802
random_forest,numeric__USM0_pose_global_max_gap_seconds,5,0.002265384892081751,0.00037913717708644624,0.002810216557289346
random_forest,task__task_clean_suture,5,0.0009072282264594525,0.00045060710053517806,0.0013974327869839675
random_forest,numeric__USM0_USM2_pose_global_alignment_coverage,5,0.0007249798430174644,0.00021296798078055095,0.0010076752794837742
random_forest,numeric__USM3_pose_global_rotation_determinant_std,5,0.0006249815051709152,0.0004165875816112195,0.0011291726175656042
random_forest,task__task_clean_sea_spikes,5,0.00038995808473328255,0.0001567189793133201,0.0005826178595880929
random_forest,numeric__USM0_pose_global_rotation_determinant_std,5,0.00033196192851915905,0.00020003893849487688,0.0005959942672025201
random_forest,task__task_clean_ring_rollercoaster,5,0.0003139240243521032,0.00023572149794057182,0.0005934935837635685
random_forest,task__task_clean_glove_cut,5,0.000312650150901367,0.00012592889684190286,0.000480318601211544
random_forest,task__task_clean_camera_target,5,0.00021980977918879588,9.267708862809035e-05,0.00035749595158331154
random_forest,numeric__USM3_pose_global_active,5,0.0001335761480750259,0.00013258249778097433,0.00032918163010446313
random_forest,numeric__USM2_pose_global_rotation_determinant_std,5,0.00011290941661027277,8.940872901253268e-05,0.00023768122478342175
random_forest,numeric__active_psm_count,4,8.962259287716784e-05,0.00013999919343522387,0.0002953953525077199
random_forest,numeric__active_pair_usm_b,5,4.2468257494480796e-05,6.303611125622745e-05,0.00014545721892561246
random_forest,numeric__USM0_pose_global_active,4,3.6708342124517537e-06,7.341668424903507e-06,1.4683336849807015e-05
random_forest,numeric__USM0_pose_global_median_dt_seconds,5,0.0,0.0,0.0
random_forest,numeric__active_pair_usm_a,5,0.0,0.0,0.0
