model,task_clean,n,mae,mean_residual,median_absolute_error
elastic_net,camera_target,45,3.0412776136756117,0.10906188218136965,2.414344305241883
elastic_net,glove_cut,35,3.0393037607852613,-0.19848335949337473,2.5982625608932786
elastic_net,ring_rollercoaster,33,2.8278777054542297,0.030130938498465213,2.909585630633877
elastic_net,sea_spikes,39,2.1902899120016235,-0.5770808940029767,1.31788064313562
elastic_net,suture,39,3.8265023164308465,1.3646286812363801,3.027014831788428
extra_trees,camera_target,45,2.8268771061692908,-0.20312559210646774,2.7019327309236942
extra_trees,glove_cut,35,2.9296095745117756,-0.3030840157929922,2.7935973522359063
extra_trees,ring_rollercoaster,33,2.781840180895928,-0.08795674825510187,2.689538406552291
extra_trees,sea_spikes,39,2.12893620452627,-0.5671923628681859,1.441616465863465
extra_trees,suture,39,3.168864032261103,1.1556192674598165,2.5067771084337416
hist_gradient_boosting,camera_target,45,3.1579268761272514,-0.22838627520843474,2.659904427110707
hist_gradient_boosting,glove_cut,35,3.0703514096110864,0.07315560359086466,2.725876001669217
hist_gradient_boosting,ring_rollercoaster,33,3.150848322904793,0.25736606093083575,2.904952600336397
hist_gradient_boosting,sea_spikes,39,2.4114373439783767,-0.6105671204825834,1.638480750278294
hist_gradient_boosting,suture,39,3.201399971937768,1.0492581919863164,2.3718100997687017
random_forest,camera_target,45,2.9443997338842083,-0.3560498661633729,2.5252312822719603
random_forest,glove_cut,35,2.820507005124901,-0.15627462626430674,2.699039013195648
random_forest,ring_rollercoaster,33,2.9431092270330796,-0.03167832604618256,2.5432456187315005
random_forest,sea_spikes,39,2.1145392495993027,-0.58665158814863,1.2306784401307418
random_forest,suture,39,3.2006628319498285,1.399446862560568,2.430382140612231
ridge,camera_target,45,2.9481949209246863,0.4095732003099798,2.2674915788763954
ridge,glove_cut,35,3.1653538996680695,0.08611654261065567,2.511948217256858
ridge,ring_rollercoaster,33,2.6916119952673614,-0.01767774184434883,2.692725650264755
ridge,sea_spikes,39,2.130620998482042,-0.42536334136426507,1.2798047882828634
ridge,suture,39,3.896149436537503,1.3699820513985543,3.278312051526143
