experiment,model,cv_fold,inner_best_mae,best_parameters
A_kinematics_all,ridge,1,2.88163865089022,"{""model__alpha"": 100.0}"
A_kinematics_all,ridge,2,2.9308318345321562,"{""model__alpha"": 100.0}"
A_kinematics_all,ridge,3,3.0394045072577267,"{""model__alpha"": 100.0}"
A_kinematics_all,ridge,4,3.046684142328709,"{""model__alpha"": 100.0}"
A_kinematics_all,ridge,5,2.9872592587077573,"{""model__alpha"": 1000.0}"
A_kinematics_all,elastic_net,1,2.9287201231969306,"{""model__alpha"": 1.0, ""model__l1_ratio"": 0.1}"
A_kinematics_all,elastic_net,2,2.9212175573949666,"{""model__alpha"": 1.0, ""model__l1_ratio"": 0.1}"
A_kinematics_all,elastic_net,3,3.1422504966619704,"{""model__alpha"": 1.0, ""model__l1_ratio"": 0.1}"
A_kinematics_all,elastic_net,4,3.015534130907544,"{""model__alpha"": 1.0, ""model__l1_ratio"": 0.1}"
A_kinematics_all,elastic_net,5,3.0577693373032946,"{""model__alpha"": 1.0, ""model__l1_ratio"": 0.1}"
B_kinematics_no_qc,ridge,1,2.82336895755767,"{""model__alpha"": 100.0}"
B_kinematics_no_qc,ridge,2,2.9312461016471905,"{""model__alpha"": 100.0}"
B_kinematics_no_qc,ridge,3,2.9977739539087103,"{""model__alpha"": 100.0}"
B_kinematics_no_qc,ridge,4,3.0168633374519054,"{""model__alpha"": 100.0}"
B_kinematics_no_qc,ridge,5,2.995886365541644,"{""model__alpha"": 1000.0}"
B_kinematics_no_qc,elastic_net,1,2.894100305873832,"{""model__alpha"": 1.0, ""model__l1_ratio"": 0.1}"
B_kinematics_no_qc,elastic_net,2,2.928256690904567,"{""model__alpha"": 1.0, ""model__l1_ratio"": 0.1}"
B_kinematics_no_qc,elastic_net,3,3.1198298627257013,"{""model__alpha"": 1.0, ""model__l1_ratio"": 0.1}"
B_kinematics_no_qc,elastic_net,4,3.0040606694280436,"{""model__alpha"": 1.0, ""model__l1_ratio"": 0.1}"
B_kinematics_no_qc,elastic_net,5,3.03015653252859,"{""model__alpha"": 1.0, ""model__l1_ratio"": 0.1}"
C_kinematics_no_qc_plus_task,ridge,1,2.80504985772205,"{""model__alpha"": 100.0}"
C_kinematics_no_qc_plus_task,ridge,2,2.9120612458181756,"{""model__alpha"": 100.0}"
C_kinematics_no_qc_plus_task,ridge,3,2.9927889056715857,"{""model__alpha"": 100.0}"
C_kinematics_no_qc_plus_task,ridge,4,3.0064554392659795,"{""model__alpha"": 100.0}"
C_kinematics_no_qc_plus_task,ridge,5,2.9943085717826126,"{""model__alpha"": 1000.0}"
C_kinematics_no_qc_plus_task,elastic_net,1,2.886469758558535,"{""model__alpha"": 1.0, ""model__l1_ratio"": 0.1}"
C_kinematics_no_qc_plus_task,elastic_net,2,2.915539595242283,"{""model__alpha"": 1.0, ""model__l1_ratio"": 0.1}"
C_kinematics_no_qc_plus_task,elastic_net,3,3.1156223096521987,"{""model__alpha"": 1.0, ""model__l1_ratio"": 0.1}"
C_kinematics_no_qc_plus_task,elastic_net,4,2.9991616043782376,"{""model__alpha"": 1.0, ""model__l1_ratio"": 0.1}"
C_kinematics_no_qc_plus_task,elastic_net,5,3.027757093907473,"{""model__alpha"": 1.0, ""model__l1_ratio"": 0.1}"
