experiment,model,cv_fold,n_train,n_test,n_numeric_features,task_included,mae,rmse,r2,spearman_rho
A_kinematics_all,ridge,1,152,39,344,False,3.6626934919782284,4.421979630907058,0.46361477843719034,0.6986562663150409
A_kinematics_all,ridge,2,153,38,344,False,2.8721399426122796,3.836111500587821,0.05460937462755466,0.4785812757449812
A_kinematics_all,ridge,3,153,38,344,False,2.9065681992692896,5.33281951861764,-1.525575894354707,0.3294493425766033
A_kinematics_all,ridge,4,153,38,344,False,2.706127801491187,3.252469361223226,0.20061561413026507,0.5219358694715661
A_kinematics_all,ridge,5,153,38,344,False,3.5567281131386452,4.244542607558395,0.4360191429930905,0.7901040212035826
A_kinematics_all,elastic_net,1,152,39,344,False,3.525128229686943,4.061080875259315,0.5475958240427286,0.7298907899438043
A_kinematics_all,elastic_net,2,153,38,344,False,2.8440417570082075,3.679862140651592,0.1300547012347678,0.3387475282801833
A_kinematics_all,elastic_net,3,153,38,344,False,3.922089137456606,9.382530140218993,-6.817836588288938,0.3268067007912295
A_kinematics_all,elastic_net,4,153,38,344,False,2.7167097603301906,3.2882229320651017,0.18294415649251505,0.5209465217830143
A_kinematics_all,elastic_net,5,153,38,344,False,3.65918145582196,4.388255875474916,0.3971816635502011,0.7577272068883921
B_kinematics_no_qc,ridge,1,152,39,338,False,3.6983831106528986,4.502859876305562,0.44381382039311956,0.6801393826002692
B_kinematics_no_qc,ridge,2,153,38,338,False,2.9238745177871253,4.039746022377839,-0.04842404253942156,0.4140003081904286
B_kinematics_no_qc,ridge,3,153,38,338,False,3.0073274106144576,5.730904156173675,-1.916707931969687,0.33275264480832056
B_kinematics_no_qc,ridge,4,153,38,338,False,2.7307205213377226,3.2820618396753765,0.18600309782350777,0.504567321161434
B_kinematics_no_qc,ridge,5,153,38,338,False,3.565586109850807,4.297973456711479,0.4217308466623909,0.7861529523380001
B_kinematics_no_qc,elastic_net,1,152,39,338,False,3.8326943342397133,4.5844905444020085,0.4234652475805605,0.6806480881968289
B_kinematics_no_qc,elastic_net,2,153,38,338,False,2.84944935243749,3.6973853598135036,0.12174974985527842,0.32213470698420804
B_kinematics_no_qc,elastic_net,3,153,38,338,False,4.249220854345029,10.818282540956401,-9.393535204448291,0.29982973256553835
B_kinematics_no_qc,elastic_net,4,153,38,338,False,2.678732032938067,3.2986642125247956,0.17774703084325694,0.5166593484659563
B_kinematics_no_qc,elastic_net,5,153,38,338,False,3.6606431275917486,4.398482569354642,0.39436869081140324,0.7580564626271905
C_kinematics_no_qc_plus_task,ridge,1,152,39,338,True,3.6986422849624594,4.502154745428234,0.4439880000710509,0.6767819256629755
C_kinematics_no_qc_plus_task,ridge,2,153,38,338,True,2.9223139393120965,4.034259139186167,-0.04557798559606163,0.4236819523894075
C_kinematics_no_qc_plus_task,ridge,3,153,38,338,True,2.9934562289740816,5.697162844868396,-1.8824641765369177,0.3220719675924347
C_kinematics_no_qc_plus_task,ridge,4,153,38,338,True,2.729593455582455,3.279548273554531,0.18724941898259528,0.5087445669575418
C_kinematics_no_qc_plus_task,ridge,5,153,38,338,True,3.564025018015439,4.2955177687655635,0.42239145702889136,0.7827506430370818
C_kinematics_no_qc_plus_task,elastic_net,1,152,39,338,True,3.8326943342397133,4.5844905444020085,0.4234652475805605,0.6806480881968289
C_kinematics_no_qc_plus_task,elastic_net,2,153,38,338,True,2.84944935243749,3.6973853598135036,0.12174974985527842,0.32213470698420804
C_kinematics_no_qc_plus_task,elastic_net,3,153,38,338,True,3.804106868352559,8.91322554186899,-6.055315579641204,0.35807796191815305
C_kinematics_no_qc_plus_task,elastic_net,4,153,38,338,True,2.6787320329380666,3.2986642125247956,0.17774703084325694,0.5166593484659563
C_kinematics_no_qc_plus_task,elastic_net,5,153,38,338,True,3.6606431275917486,4.398482569354642,0.39436869081140324,0.7580564626271905
