participant_group,n_operations,mean_target,std_target,min_target,max_target,n_tasks,cv_fold,role
expert__participant_1,5,23.2,2.7748873851023217,20.0,26.0,5,1,expert
expert__participant_8,5,25.4,2.9664793948382653,22.0,29.0,5,1,expert
trainee__participant_11,7,16.571428571428573,2.9920529661723827,10.0,18.0,5,1,trainee
trainee__participant_17,6,21.0,2.9664793948382653,15.0,23.0,5,1,trainee
trainee__participant_2,9,17.11111111111111,3.05959329178097,13.0,22.0,5,1,trainee
trainee__participant_31,3,14.666666666666666,1.5275252316519468,13.0,16.0,3,1,trainee
trainee__participant_36,3,17.666666666666668,1.5275252316519465,16.0,19.0,3,1,trainee
trainee__participant_5,10,17.2,5.006662228138289,7.0,23.0,5,1,trainee
expert__participant_7,5,24.4,4.277849927241487,20.0,29.0,5,2,expert
trainee__participant_14,8,16.875,5.718079098038832,11.0,29.0,5,2,trainee
trainee__participant_19,6,18.5,2.4289915602982237,16.0,22.0,5,2,trainee
trainee__participant_21,7,21.714285714285715,2.4299715851758235,18.0,25.0,5,2,trainee
trainee__participant_34,4,14.5,2.5166114784235836,12.0,18.0,4,2,trainee
trainee__participant_35,5,17.6,2.3021728866442674,15.0,21.0,4,2,trainee
trainee__participant_38,2,20.0,2.8284271247461903,18.0,22.0,2,2,trainee
trainee__participant_4,10,20.6,3.747591819348052,14.0,24.0,5,2,trainee
trainee__participant_42,2,17.5,2.1213203435596424,16.0,19.0,2,2,trainee
expert__participant_6,5,24.0,1.4142135623730951,23.0,26.0,5,3,expert
expert__participant_9,5,28.6,0.5477225575051662,28.0,29.0,5,3,expert
trainee__participant_13,8,20.625,3.9256482631170977,17.0,28.0,5,3,trainee
trainee__participant_15,7,19.571428571428573,3.7796447300922718,15.0,26.0,5,3,trainee
trainee__participant_18,6,20.0,4.3817804600413295,12.0,24.0,5,3,trainee
trainee__participant_3,10,18.0,3.464101615137755,12.0,23.0,5,3,trainee
trainee__participant_32,4,16.0,3.1622776601683795,13.0,20.0,4,3,trainee
trainee__participant_37,2,17.5,2.1213203435596424,16.0,19.0,2,3,trainee
trainee__participant_41,2,19.5,0.7071067811865476,19.0,20.0,2,3,trainee
expert__participant_3,4,24.75,3.304037933599835,21.0,28.0,4,4,expert
expert__participant_5,5,26.2,3.0331501776206204,24.0,30.0,5,4,expert
trainee__participant_12,6,18.833333333333332,5.528712930390459,12.0,28.0,5,4,trainee
trainee__participant_16,10,21.5,4.006938426723769,15.0,29.0,5,4,trainee
trainee__participant_33,6,19.5,2.4289915602982237,16.0,23.0,4,4,trainee
trainee__participant_40,2,24.0,0.0,24.0,24.0,2,4,trainee
trainee__participant_7,7,17.285714285714285,1.8898223650461352,15.0,20.0,5,4,trainee
trainee__participant_9,7,18.142857142857142,2.6095064302514777,14.0,22.0,5,4,trainee
expert__participant_10,5,29.2,0.8366600265340757,28.0,30.0,5,5,expert
expert__participant_2,4,20.5,3.1091263510296048,18.0,25.0,4,5,expert
trainee__participant_1,10,17.2,2.4404006956964164,13.0,20.0,5,5,trainee
trainee__participant_10,6,18.833333333333332,2.9944392908634274,14.0,22.0,4,5,trainee
trainee__participant_20,6,16.833333333333332,3.488074922742725,13.0,21.0,5,5,trainee
trainee__participant_39,2,20.5,2.1213203435596424,19.0,22.0,2,5,trainee
trainee__participant_6,7,16.142857142857142,2.4784787961282104,12.0,20.0,5,5,trainee
trainee__participant_8,7,15.714285714285714,3.498298906339371,10.0,20.0,5,5,trainee
