participant_group,cv_fold
expert__participant_1,1
expert__participant_8,1
trainee__participant_11,1
trainee__participant_17,1
trainee__participant_2,1
trainee__participant_31,1
trainee__participant_36,1
trainee__participant_5,1
expert__participant_7,2
trainee__participant_14,2
trainee__participant_19,2
trainee__participant_21,2
trainee__participant_34,2
trainee__participant_35,2
trainee__participant_38,2
trainee__participant_4,2
trainee__participant_42,2
expert__participant_6,3
expert__participant_9,3
trainee__participant_13,3
trainee__participant_15,3
trainee__participant_18,3
trainee__participant_3,3
trainee__participant_32,3
trainee__participant_37,3
trainee__participant_41,3
expert__participant_3,4
expert__participant_5,4
trainee__participant_12,4
trainee__participant_16,4
trainee__participant_33,4
trainee__participant_40,4
trainee__participant_7,4
trainee__participant_9,4
expert__participant_10,5
expert__participant_2,5
trainee__participant_1,5
trainee__participant_10,5
trainee__participant_20,5
trainee__participant_39,5
trainee__participant_6,5
trainee__participant_8,5
