metric_family,n_features,total_stable_importance,mean_stable_importance,n_stable_features
velocity,47,0.11088612137570102,0.0023592791782064046,20
pause,19,0.10803164930883542,0.005685876279412391,10
distance,13,0.08708259869871221,0.006698661438362478,9
rotation,6,0.07313151517224684,0.01218858586204114,4
jerk,19,0.04824448713850888,0.0025391835336057308,6
idle,17,0.04108008948468845,0.002416475852040497,7
workspace,36,0.03613857106646727,0.0010038491962907575,12
task,5,0.03210034340712569,0.006420068681425138,2
other,63,0.03194032373660308,0.0005069892656603663,7
acceleration,18,0.02197648741437226,0.0012209159674651257,5
path_length,5,0.0219073265681067,0.00438146531362134,3
time,1,0.012811073883895428,0.012811073883895428,1
