model,role,n,mae,mean_residual,median_absolute_error
elastic_net,expert,45,2.830818061928176,2.606097955185332,2.6966560720932264
elastic_net,trainee,194,2.7853260632670023,-0.43339846450766256,2.404717256312556
extra_trees,expert,45,2.9455057929918955,2.520415420011921,2.997245179063377
extra_trees,trainee,194,2.3259946184869373,-0.31062614070692884,1.939587186011229
hist_gradient_boosting,expert,45,3.678685432153139,3.1925636808985263,3.085236689726763
hist_gradient_boosting,trainee,194,2.6888664189747833,-0.2943804377488379,2.4942776385105763
random_forest,expert,45,3.4754355612516967,2.935753726754788,3.3006716784385617
random_forest,trainee,194,2.473859560348111,-0.4686219442176584,1.9602622820999613
ridge,expert,45,4.032095408163658,3.7141140466134175,3.332501588701632
ridge,trainee,194,2.6036904701363106,-0.6162590461586439,2.084938336979201
