model,participant_group,n_operations,participant_mae,participant_rmse,participant_bias
elastic_net,expert__participant_1,5,2.05760653645759,2.285046640065933,1.031881783898637
elastic_net,expert__participant_10,5,3.0130075909028933,3.606839626167437,3.0130075909028933
elastic_net,expert__participant_2,5,1.3897671764393458,2.2949531119647792,0.8718246353942327
elastic_net,expert__participant_3,5,5.860446392783194,6.188285190286125,5.860446392783194
elastic_net,expert__participant_5,5,1.9553952272345925,2.5028749065438656,1.93637915519663
elastic_net,expert__participant_6,5,1.8578680140655393,1.9237714456480337,1.8578680140655393
elastic_net,expert__participant_7,5,2.6734667920235125,3.202322337174254,2.2136691969799416
elastic_net,expert__participant_8,5,2.616107347018054,3.123788014946213,2.616107347018054
elastic_net,expert__participant_9,5,4.053697480428864,4.1421677203022815,4.053697480428864
elastic_net,trainee__participant_1,6,1.2354989722949234,1.5553919223361916,0.8529007779680207
elastic_net,trainee__participant_10,7,4.795348876564623,5.833083558417715,-0.26409435763958944
elastic_net,trainee__participant_11,7,1.7352937195625944,2.005159766401773,-0.8709510370265353
elastic_net,trainee__participant_12,8,3.8214251577682874,4.320582516441419,-1.8164854096980103
elastic_net,trainee__participant_13,9,3.1920273185748487,3.463920240189855,-0.7823800465443534
elastic_net,trainee__participant_14,8,3.0230283119053443,3.6680214328034797,-2.333483150699003
elastic_net,trainee__participant_15,7,2.8319554475300595,2.9705389387380143,-0.01785644770964304
elastic_net,trainee__participant_16,10,3.1917726142183627,3.7104994877920996,2.470064709536234
elastic_net,trainee__participant_17,6,3.8217289518057123,4.795786589537245,0.9479931798776192
elastic_net,trainee__participant_18,7,5.744785551638811,8.98060156597955,-1.8352477866834402
elastic_net,trainee__participant_19,6,2.539982475212867,2.732946737488302,0.8065546084142424
elastic_net,trainee__participant_2,10,2.8971996287699615,3.2645192606221194,0.14063290069598544
elastic_net,trainee__participant_20,6,3.3377802951216413,4.026032834972116,-2.433150090326885
elastic_net,trainee__participant_21,7,2.1620379639542837,2.8620000375819887,2.1620379639542837
elastic_net,trainee__participant_3,10,2.364526483346347,2.8472976249561373,-0.7324936747653936
elastic_net,trainee__participant_31,3,3.3092320833516595,3.388295898942119,-3.3092320833516595
elastic_net,trainee__participant_32,4,4.29665111944671,5.3255505377810275,-4.29665111944671
elastic_net,trainee__participant_33,6,1.621212514982025,1.848358633818052,-0.06822328165969975
elastic_net,trainee__participant_34,4,0.6103876891368203,0.8267885708019613,-0.3115188967822662
elastic_net,trainee__participant_35,5,2.281518661178322,2.4909356802657996,-0.4396140869245497
elastic_net,trainee__participant_36,3,0.9772046499860222,1.0162436076488013,0.17430591561637362
elastic_net,trainee__participant_37,2,4.7131120570140155,4.7274637411296965,-4.7131120570140155
elastic_net,trainee__participant_38,2,4.901281050606546,5.031172631630306,-4.901281050606546
elastic_net,trainee__participant_39,2,2.242768404849512,3.136081163834925,-2.242768404849512
elastic_net,trainee__participant_4,6,2.432688055689338,3.0094155388941712,1.2250857165419198
elastic_net,trainee__participant_40,2,1.7067819973188794,2.005788879595461,1.0536053545502657
elastic_net,trainee__participant_41,2,0.4037116874241722,0.4633593948154133,0.22741768225191628
elastic_net,trainee__participant_42,2,1.8988663946312911,1.9640984045927947,-0.5019850179675913
elastic_net,trainee__participant_5,10,3.199431726177055,3.786646037991196,1.539824518986262
elastic_net,trainee__participant_6,6,2.6687926155305353,3.691492558232915,-2.4328486537732448
elastic_net,trainee__participant_7,7,1.678395434716714,1.940755790492113,-0.1095678973445402
elastic_net,trainee__participant_8,7,1.9459527336737807,2.353290941710568,-1.2970479476719101
elastic_net,trainee__participant_9,7,1.7870692604118037,2.3804255040340094,-0.5124889626184108
extra_trees,expert__participant_1,5,1.7141774201323472,1.9854584187191873,1.0782168646806298
extra_trees,expert__participant_10,5,4.0582113821138295,4.23763025769576,4.0582113821138295
extra_trees,expert__participant_2,5,1.5945758723344838,1.8314915719261196,0.6257549592726889
extra_trees,expert__participant_3,5,5.165386276085888,5.51648775941155,5.165386276085888
extra_trees,expert__participant_5,5,3.5396181384248258,4.100978286488687,3.5396181384248258
extra_trees,expert__participant_6,5,1.2513244662769658,1.6910424369562815,0.983609651141439
extra_trees,expert__participant_7,5,3.298325203252034,3.5899125031155212,1.345008130081301
extra_trees,expert__participant_8,5,2.073548130469368,2.641702376719216,2.073548130469368
extra_trees,expert__participant_9,5,3.814385247837321,3.9312879776409497,3.814385247837321
extra_trees,trainee__participant_1,6,1.6177326412090256,1.77777476595898,0.4159243145969859
extra_trees,trainee__participant_10,7,3.061001250142062,3.58074110606026,0.4439424934651642
extra_trees,trainee__participant_11,7,1.2155413895142095,1.6730612840149361,-0.9540510660188001
extra_trees,trainee__participant_12,8,3.334626093874303,4.131062829722763,-2.152247414478917
extra_trees,trainee__participant_13,9,3.0653620278737397,3.3798699905797127,0.07686092765812486
extra_trees,trainee__participant_14,8,2.6530537711251942,3.486493203613445,-2.052658704166362
extra_trees,trainee__participant_15,7,1.5124796747967473,1.5662010948088594,-0.041875725900118156
extra_trees,trainee__participant_16,10,3.0393780487804936,3.434302943415427,2.5402723577235813
extra_trees,trainee__participant_17,6,2.2404776923906895,2.669007268826962,0.7591395089691689
extra_trees,trainee__participant_18,7,2.2520939267399123,2.7300690925439413,-0.42530028102051803
extra_trees,trainee__participant_19,6,1.30651683903474,2.1242274143811635,1.2689273402280594
extra_trees,trainee__participant_2,10,2.5630387220518616,3.1100083435000565,-0.6155795166364533
extra_trees,trainee__participant_20,6,2.3569587405646444,2.900959525192617,-1.84595732973823
extra_trees,trainee__participant_21,7,2.375042285505245,2.670295989478761,2.375042285505245
extra_trees,trainee__participant_3,10,2.650392201941818,3.055890549179499,-0.8040956737689324
extra_trees,trainee__participant_31,3,2.608950423775269,2.927016210089249,-2.608950423775269
extra_trees,trainee__participant_32,4,4.034491043212855,5.618521587640182,-3.9807822035447646
extra_trees,trainee__participant_33,6,1.6407723577235778,1.746717764480528,0.2945934959349608
extra_trees,trainee__participant_34,4,1.2475139220365965,1.4251898200499356,-0.6657716785998447
extra_trees,trainee__participant_35,5,2.0026178861788617,2.20170963426971,-0.6799674796747965
extra_trees,trainee__participant_36,3,0.7594492981929454,1.188729190693253,0.6408567883819577
extra_trees,trainee__participant_37,2,2.9088976890113223,2.9314361991065216,-2.9088976890113223
extra_trees,trainee__participant_38,2,3.1600039777247506,3.2745955379222784,-3.1600039777247506
extra_trees,trainee__participant_39,2,2.1633604767325743,2.85609679485899,-2.1633604767325743
extra_trees,trainee__participant_4,6,2.592605432321706,3.3189045753310507,1.0061291816234714
extra_trees,trainee__participant_40,2,1.6323170731707288,1.7302937210087705,1.6323170731707288
extra_trees,trainee__participant_41,2,0.5739386430562874,0.573938717490116,0.0002923027655654664
extra_trees,trainee__participant_42,2,2.0995425616547294,2.1783552274081335,-0.5806483691328488
extra_trees,trainee__participant_5,10,3.381165473349244,4.012311957621853,0.5483094669848839
extra_trees,trainee__participant_6,6,2.586594369067432,3.3340759325147142,-2.1561901317503187
extra_trees,trainee__participant_7,7,1.4460859465737508,1.671468517782908,-0.16106852497096266
extra_trees,trainee__participant_8,7,1.5550132428729408,2.107712492490987,-0.7919811551454019
extra_trees,trainee__participant_9,7,1.874333229569927,2.339674677354936,-0.47435077057999514
hist_gradient_boosting,expert__participant_1,5,1.4145837020376129,1.6708038850245834,0.8259443589451486
hist_gradient_boosting,expert__participant_10,5,7.87655514078043,7.914474293561826,7.87655514078043
hist_gradient_boosting,expert__participant_2,5,2.286074443524845,2.4709822052004142,-0.9117675994274637
hist_gradient_boosting,expert__participant_3,5,4.858730710376531,5.488308176698161,4.858730710376531
hist_gradient_boosting,expert__participant_5,5,2.5816538451930375,2.9728942547910497,2.4031788254634727
hist_gradient_boosting,expert__participant_6,5,2.7401785126634217,2.869053683186229,2.7401785126634217
hist_gradient_boosting,expert__participant_7,5,4.502695831510482,5.328728817899465,4.092556475993311
hist_gradient_boosting,expert__participant_8,5,2.7799125119105454,3.0987698845012344,2.7799125119105454
hist_gradient_boosting,expert__participant_9,5,4.067784191381344,4.1116866037485815,4.067784191381344
hist_gradient_boosting,trainee__participant_1,6,2.029868644699951,2.299323457357554,0.544292734776119
hist_gradient_boosting,trainee__participant_10,7,3.8240134764884615,4.2947218459404075,-0.26679623083496684
hist_gradient_boosting,trainee__participant_11,7,2.1604093767042167,2.6965488767093007,-1.3283514768442117
hist_gradient_boosting,trainee__participant_12,8,3.1189773808565455,3.736559589759088,-2.1901234451202
hist_gradient_boosting,trainee__participant_13,9,3.503586361763422,4.008161367646121,-0.5640968641667636
hist_gradient_boosting,trainee__participant_14,8,2.3559746070331054,2.9549107109879693,-1.067632952297483
hist_gradient_boosting,trainee__participant_15,7,2.3587040592134043,2.8420458492965475,0.2293444564802359
hist_gradient_boosting,trainee__participant_16,10,3.360440355047897,4.027832874043208,2.281820889316439
hist_gradient_boosting,trainee__participant_17,6,2.5487934005859287,3.063169581543758,1.0998749918640567
hist_gradient_boosting,trainee__participant_18,7,2.8523078354838174,3.184298576931113,0.195097276009604
hist_gradient_boosting,trainee__participant_19,6,1.7502550534077173,2.2320814853567303,0.9810306483570089
hist_gradient_boosting,trainee__participant_2,10,2.8037272274899503,3.1464512841146397,-0.5624541796046169
hist_gradient_boosting,trainee__participant_20,6,2.866978625286951,3.2048803669027657,-0.6631837120133584
hist_gradient_boosting,trainee__participant_21,7,2.376022288594464,3.1070535210038455,2.089795063511438
hist_gradient_boosting,trainee__participant_3,10,2.9613869837480093,3.298060878052642,-0.7756416232500206
hist_gradient_boosting,trainee__participant_31,3,1.9202776211580126,1.9800654046149515,-1.9202776211580126
hist_gradient_boosting,trainee__participant_32,4,4.405325153164191,6.21280479151091,-4.405325153164191
hist_gradient_boosting,trainee__participant_33,6,1.4351000000201506,1.6826070969075897,-0.2253960602518331
hist_gradient_boosting,trainee__participant_34,4,2.3323995237067225,2.593803413801083,-2.0995268209199156
hist_gradient_boosting,trainee__participant_35,5,2.1148434160844554,2.38003267452822,-1.4102066540600682
hist_gradient_boosting,trainee__participant_36,3,1.3090998855132103,1.5952553326436947,0.954599307464548
hist_gradient_boosting,trainee__participant_37,2,3.013244410909506,3.1783616284831315,-3.013244410909506
hist_gradient_boosting,trainee__participant_38,2,3.003671663548376,3.0109414699084596,-3.003671663548376
hist_gradient_boosting,trainee__participant_39,2,2.817857505097699,3.4684319770067495,-2.817857505097699
hist_gradient_boosting,trainee__participant_4,6,2.4495755525953506,3.5534815033968115,1.7935137441066382
hist_gradient_boosting,trainee__participant_40,2,3.0980375032911116,3.190380592334336,3.0980375032911116
hist_gradient_boosting,trainee__participant_41,2,1.3727027037991562,1.8220409952624885,-1.3727027037991562
hist_gradient_boosting,trainee__participant_42,2,2.780376062473488,3.0269761927161767,1.1967012252416807
hist_gradient_boosting,trainee__participant_5,10,4.1112155656063845,4.886541982481402,1.9240586259304209
hist_gradient_boosting,trainee__participant_6,6,2.593227362267367,3.2111629728065325,-2.593227362267367
hist_gradient_boosting,trainee__participant_7,7,2.1120821548753876,2.2162408837894225,-1.1339872733006966
hist_gradient_boosting,trainee__participant_8,7,2.37473900882994,2.8999715591203246,-0.8939479449188542
hist_gradient_boosting,trainee__participant_9,7,2.014960508932994,2.497437539195837,-0.6736106958769729
random_forest,expert__participant_1,5,1.5139582078231926,1.7041560602011918,0.5028973576639473
random_forest,expert__participant_10,5,5.896218517200305,6.089321341953765,5.896218517200305
random_forest,expert__participant_2,5,1.7267180444255779,1.977428127982208,0.048956664096352395
random_forest,expert__participant_3,5,4.134880203070245,4.690342273112937,4.134880203070245
random_forest,expert__participant_5,5,4.604464209652459,5.115834707304978,4.604464209652459
random_forest,expert__participant_6,5,2.4206780831373074,2.599479030957309,2.4206780831373074
random_forest,expert__participant_7,5,3.528089266221856,3.9098038509339865,1.518887149175616
random_forest,expert__participant_8,5,2.032037076878941,2.716886559026526,1.8729249139414725
random_forest,expert__participant_9,5,5.42187644285539,5.561225057795257,5.42187644285539
random_forest,trainee__participant_1,6,1.8987855611086613,2.182374464922719,0.4164553141950833
random_forest,trainee__participant_10,7,3.3362094326595124,3.9190546988046124,0.09540021558093795
random_forest,trainee__participant_11,7,1.7492371381589897,2.2654896307507157,-1.5661068146518367
random_forest,trainee__participant_12,8,3.4160585048527428,4.100185306545052,-2.0518603431583524
random_forest,trainee__participant_13,9,3.7138276075031444,4.171383732089179,0.39631721536118175
random_forest,trainee__participant_14,8,3.3025974640254825,3.944970184847858,-2.0615727400394546
random_forest,trainee__participant_15,7,1.8927196108948554,2.228327154552258,0.29298908468949947
random_forest,trainee__participant_16,10,3.015042663139833,3.521675252568562,2.639177481313114
random_forest,trainee__participant_17,6,2.3415740109526535,3.0934976058588384,0.5852281358159264
random_forest,trainee__participant_18,7,2.430483607340367,3.0087059389641917,-0.7110541085690427
random_forest,trainee__participant_19,6,1.320668188627522,2.009520432033301,1.0484302288519085
random_forest,trainee__participant_2,10,2.7065868762979073,3.207598651338378,-0.9732323531685964
random_forest,trainee__participant_20,6,2.53504588510904,2.8766185859787656,-1.7125172947909764
random_forest,trainee__participant_21,7,1.901033655062307,2.454992279376272,1.901033655062307
random_forest,trainee__participant_3,10,2.7404869675098995,3.2239841785854155,-1.2829130827115027
random_forest,trainee__participant_31,3,2.707120372665107,3.0610615913178227,-2.707120372665107
random_forest,trainee__participant_32,4,4.407675568325477,5.987688187134603,-4.407675568325477
random_forest,trainee__participant_33,6,1.5002760060452474,1.6230927002341506,-0.23649859849252644
random_forest,trainee__participant_34,4,1.5039235812296798,1.8099596213684719,-1.496325439745993
random_forest,trainee__participant_35,5,2.0677507243094344,2.3592359462432646,-0.8924922108930222
random_forest,trainee__participant_36,3,1.2147770455236515,1.601324452966997,0.8246731850494223
random_forest,trainee__participant_37,2,1.6586289720445462,1.6716926710024929,-1.6586289720445462
random_forest,trainee__participant_38,2,3.6127178356282297,3.6167938534267106,-3.6127178356282297
random_forest,trainee__participant_39,2,2.2772671655829573,2.9494431876197558,-1.8743717276875334
random_forest,trainee__participant_4,6,2.3857691578363127,3.1398978152274184,1.139754802287318
random_forest,trainee__participant_40,2,1.5654472607913856,1.7199505070119896,1.5654472607913856
random_forest,trainee__participant_41,2,0.8144151023738058,1.0388633805056617,0.8144151023738058
random_forest,trainee__participant_42,2,2.141757805029645,2.212220811612884,-0.5538902634347027
random_forest,trainee__participant_5,10,3.3586002723013295,4.190775819927377,0.2957977526991131
random_forest,trainee__participant_6,6,2.9948696147537803,3.826944613994262,-2.8673031174390524
random_forest,trainee__participant_7,7,1.6141669428829637,1.7896206547059983,-0.2808230648600813
random_forest,trainee__participant_8,7,1.8647679232307157,2.23955194395368,-1.084621800563974
random_forest,trainee__participant_9,7,1.6106173172924703,2.1604978327385465,-0.6805804143911806
ridge,expert__participant_1,5,1.8621965460660157,1.950649663330039,0.6533138593382809
ridge,expert__participant_10,5,4.444748171164262,4.67316679784044,4.444748171164262
ridge,expert__participant_2,5,1.3520495034739066,2.041342514782029,0.45916719330858147
ridge,expert__participant_3,5,11.11877389857402,11.555383738097703,11.11877389857402
ridge,expert__participant_5,5,5.227822699542319,5.589985505512039,5.227822699542319
ridge,expert__participant_6,5,1.9026867642023,1.9744058208798156,1.9026867642023
ridge,expert__participant_7,5,2.682893478799028,3.0621073863769572,1.9228262217399206
ridge,expert__participant_8,5,2.7272201841158212,3.2905639730523544,2.7272201841158212
ridge,expert__participant_9,5,4.970467427535251,5.104807579492967,4.970467427535251
ridge,trainee__participant_1,6,1.326333116182117,1.7798043702228035,0.8009916038974018
ridge,trainee__participant_10,7,3.6238977679631827,4.1190207066849105,-0.307147709528671
ridge,trainee__participant_11,7,1.8049594127889783,2.0837785876909103,-1.3107679753499077
ridge,trainee__participant_12,8,3.9587213971246276,4.495212339588561,-1.9169794845756836
ridge,trainee__participant_13,9,3.13565592181579,3.371963146798937,-0.422970119616182
ridge,trainee__participant_14,8,2.606741983972202,3.3975335396423505,-1.6365981120696338
ridge,trainee__participant_15,7,2.7336575982086537,2.932183317915051,0.024242163597371302
ridge,trainee__participant_16,10,3.149897298836604,3.692128276926041,2.4455608427823483
ridge,trainee__participant_17,6,2.9947449382560962,4.277590344365807,1.1880757337011638
ridge,trainee__participant_18,7,5.049779553541726,8.404557214996533,-2.2821669022626585
ridge,trainee__participant_19,6,1.3116690435468692,1.6553783033960805,0.3558912311319551
ridge,trainee__participant_2,10,2.7692063923054535,3.0591936812380904,-0.39395686867383156
ridge,trainee__participant_20,6,2.6751079680022856,3.439855172999015,-1.8620259132206713
ridge,trainee__participant_21,7,1.7973904546732247,2.5273877112222163,1.7911523087037828
ridge,trainee__participant_3,10,2.5475088363908247,3.142991166460476,-1.1870744035529257
ridge,trainee__participant_31,3,3.70511112365865,3.843482296912229,-3.70511112365865
ridge,trainee__participant_32,4,4.339740466540346,5.587538985860083,-4.339740466540346
ridge,trainee__participant_33,6,1.5519762330640958,1.6498973308307885,-0.36392155839869506
ridge,trainee__participant_34,4,0.8464202232918421,1.0402762313436433,-0.8464202232918421
ridge,trainee__participant_35,5,1.961853065232151,2.394742731479147,-0.816745604500251
ridge,trainee__participant_36,3,1.06866755960253,1.2286876732007823,0.20077958522930692
ridge,trainee__participant_37,2,4.871793386300212,4.871793692908555,-4.871793386300212
ridge,trainee__participant_38,2,3.038343872044452,3.163967759627019,-3.038343872044452
ridge,trainee__participant_39,2,2.4342585940457315,3.20494003139866,-2.084712378765028
ridge,trainee__participant_4,6,2.102599460636105,2.867475740171626,1.008415190833557
ridge,trainee__participant_40,2,1.536447206834227,1.70194763375264,0.732089973054892
ridge,trainee__participant_41,2,0.12810168457847657,0.14633131979738034,-0.12810168457847657
ridge,trainee__participant_42,2,1.8587565757012248,2.482730382122759,-1.8587565757012248
ridge,trainee__participant_5,10,3.4128865454838246,4.127093521590826,0.15651124831955626
ridge,trainee__participant_6,6,3.1030751060463815,3.9651061750726675,-2.730996026399726
ridge,trainee__participant_7,7,1.5439599458475937,1.7863427701648293,-0.031434749272365635
ridge,trainee__participant_8,7,2.1031287901112807,2.5302628943942618,-1.481146760318212
ridge,trainee__participant_9,7,1.710750500076082,2.4333221949385333,-0.6980577494697796
