feature_1,feature_2,correlation,abs_correlation
USM0_USM2_pose_global_alignment_coverage,USM0_USM3_pose_global_alignment_coverage,1.0,1.0
USM0_USM2_pose_global_alignment_coverage,USM2_USM3_pose_global_alignment_coverage,1.0,1.0
USM0_USM2_pose_global_alignment_coverage,active_pair_alignment_coverage,1.0,1.0
USM0_USM2_pose_global_n_aligned_samples,USM0_USM3_pose_global_n_aligned_samples,1.0,1.0
USM0_USM2_pose_global_n_aligned_samples,USM2_USM3_pose_global_n_aligned_samples,1.0,1.0
USM0_USM2_pose_global_n_aligned_samples,active_pair_n_aligned_samples,1.0,1.0
USM0_USM2_pose_global_path_length_a_rel,USM0_USM3_pose_global_path_length_a_rel,1.0,1.0
USM0_USM2_pose_global_path_length_b_rel,USM2_USM3_pose_global_path_length_a_rel,1.0,1.0
USM0_USM3_pose_global_alignment_coverage,USM2_USM3_pose_global_alignment_coverage,1.0,1.0
USM0_USM3_pose_global_alignment_coverage,active_pair_alignment_coverage,1.0,1.0
USM0_USM3_pose_global_n_aligned_samples,USM2_USM3_pose_global_n_aligned_samples,1.0,1.0
USM0_USM3_pose_global_n_aligned_samples,active_pair_n_aligned_samples,1.0,1.0
USM0_USM3_pose_global_path_length_b_rel,USM2_USM3_pose_global_path_length_b_rel,1.0,1.0
USM0_pose_global_duration_seconds,USM2_pose_global_duration_seconds,1.0,1.0
USM0_pose_global_duration_seconds,USM3_pose_global_duration_seconds,1.0,1.0
USM0_pose_global_max_gap_seconds,USM2_pose_global_max_gap_seconds,1.0,1.0
USM0_pose_global_max_gap_seconds,USM3_pose_global_max_gap_seconds,1.0,1.0
USM0_pose_global_median_dt_seconds,USM0_pose_global_sample_rate_hz,-1.0,1.0
USM0_pose_global_median_dt_seconds,USM2_pose_global_median_dt_seconds,1.0,1.0
USM0_pose_global_median_dt_seconds,USM2_pose_global_sample_rate_hz,-1.0,1.0
USM0_pose_global_median_dt_seconds,USM3_pose_global_median_dt_seconds,1.0,1.0
USM0_pose_global_median_dt_seconds,USM3_pose_global_sample_rate_hz,-1.0,1.0
USM0_pose_global_n_samples,USM2_pose_global_n_samples,1.0,1.0
USM0_pose_global_n_samples,USM3_pose_global_n_samples,1.0,1.0
USM0_pose_global_sample_rate_hz,USM2_pose_global_sample_rate_hz,1.0,1.0
USM0_pose_global_sample_rate_hz,USM3_pose_global_sample_rate_hz,1.0,1.0
USM2_USM3_pose_global_alignment_coverage,active_pair_alignment_coverage,1.0,1.0
USM2_USM3_pose_global_n_aligned_samples,active_pair_n_aligned_samples,1.0,1.0
USM2_pose_global_duration_seconds,USM3_pose_global_duration_seconds,1.0,1.0
USM2_pose_global_max_gap_seconds,USM3_pose_global_max_gap_seconds,1.0,1.0
USM2_pose_global_median_dt_seconds,USM2_pose_global_sample_rate_hz,-1.0,1.0
USM2_pose_global_median_dt_seconds,USM3_pose_global_median_dt_seconds,1.0,1.0
USM2_pose_global_median_dt_seconds,USM3_pose_global_sample_rate_hz,-1.0,1.0
USM2_pose_global_n_samples,USM3_pose_global_n_samples,1.0,1.0
USM2_pose_global_sample_rate_hz,USM3_pose_global_sample_rate_hz,1.0,1.0
USM3_pose_global_median_dt_seconds,USM3_pose_global_sample_rate_hz,-1.0,1.0
qc_fk_duration_seconds,USM0_pose_global_duration_seconds,1.0,1.0
qc_fk_duration_seconds,USM2_pose_global_duration_seconds,1.0,1.0
qc_fk_duration_seconds,USM3_pose_global_duration_seconds,1.0,1.0
qc_fk_rows,USM0_pose_global_n_samples,1.0,1.0
qc_fk_rows,USM2_pose_global_n_samples,1.0,1.0
qc_fk_rows,USM3_pose_global_n_samples,1.0,1.0
qc_fk_rows_original,USM0_pose_global_n_samples,0.9999999793057752,0.9999999793057752
qc_fk_rows_original,USM2_pose_global_n_samples,0.9999999793057752,0.9999999793057752
qc_fk_rows_original,USM3_pose_global_n_samples,0.9999999793057752,0.9999999793057752
qc_fk_rows_original,qc_fk_rows,0.9999999793057752,0.9999999793057752
USM0_pose_global_duration_seconds,USM0_USM2_pose_global_n_aligned_samples,0.9999998008682288,0.9999998008682288
USM0_pose_global_duration_seconds,USM0_USM3_pose_global_n_aligned_samples,0.9999998008682288,0.9999998008682288
USM0_pose_global_duration_seconds,USM2_USM3_pose_global_n_aligned_samples,0.9999998008682288,0.9999998008682288
USM0_pose_global_duration_seconds,active_pair_n_aligned_samples,0.9999998008682288,0.9999998008682288
USM2_pose_global_duration_seconds,USM0_USM2_pose_global_n_aligned_samples,0.9999998008682288,0.9999998008682288
USM2_pose_global_duration_seconds,USM0_USM3_pose_global_n_aligned_samples,0.9999998008682288,0.9999998008682288
USM2_pose_global_duration_seconds,USM2_USM3_pose_global_n_aligned_samples,0.9999998008682288,0.9999998008682288
USM2_pose_global_duration_seconds,active_pair_n_aligned_samples,0.9999998008682288,0.9999998008682288
USM3_pose_global_duration_seconds,USM0_USM2_pose_global_n_aligned_samples,0.9999998008682288,0.9999998008682288
USM3_pose_global_duration_seconds,USM0_USM3_pose_global_n_aligned_samples,0.9999998008682288,0.9999998008682288
USM3_pose_global_duration_seconds,USM2_USM3_pose_global_n_aligned_samples,0.9999998008682288,0.9999998008682288
USM3_pose_global_duration_seconds,active_pair_n_aligned_samples,0.9999998008682288,0.9999998008682288
qc_fk_duration_seconds,USM0_USM2_pose_global_n_aligned_samples,0.9999998008682288,0.9999998008682288
qc_fk_duration_seconds,USM0_USM3_pose_global_n_aligned_samples,0.9999998008682288,0.9999998008682288
qc_fk_duration_seconds,USM2_USM3_pose_global_n_aligned_samples,0.9999998008682288,0.9999998008682288
qc_fk_duration_seconds,active_pair_n_aligned_samples,0.9999998008682288,0.9999998008682288
qc_fk_rows_original,USM0_USM2_pose_global_n_aligned_samples,0.999999687905362,0.999999687905362
qc_fk_rows_original,USM0_USM3_pose_global_n_aligned_samples,0.999999687905362,0.999999687905362
qc_fk_rows_original,USM2_USM3_pose_global_n_aligned_samples,0.999999687905362,0.999999687905362
qc_fk_rows_original,active_pair_n_aligned_samples,0.999999687905362,0.999999687905362
USM0_pose_global_n_samples,USM0_USM2_pose_global_n_aligned_samples,0.9999996030899807,0.9999996030899807
USM0_pose_global_n_samples,USM0_USM3_pose_global_n_aligned_samples,0.9999996030899807,0.9999996030899807
USM0_pose_global_n_samples,USM2_USM3_pose_global_n_aligned_samples,0.9999996030899807,0.9999996030899807
USM0_pose_global_n_samples,active_pair_n_aligned_samples,0.9999996030899807,0.9999996030899807
USM2_pose_global_n_samples,USM0_USM2_pose_global_n_aligned_samples,0.9999996030899807,0.9999996030899807
USM2_pose_global_n_samples,USM0_USM3_pose_global_n_aligned_samples,0.9999996030899807,0.9999996030899807
USM2_pose_global_n_samples,USM2_USM3_pose_global_n_aligned_samples,0.9999996030899807,0.9999996030899807
USM2_pose_global_n_samples,active_pair_n_aligned_samples,0.9999996030899807,0.9999996030899807
USM3_pose_global_n_samples,USM0_USM2_pose_global_n_aligned_samples,0.9999996030899807,0.9999996030899807
USM3_pose_global_n_samples,USM0_USM3_pose_global_n_aligned_samples,0.9999996030899807,0.9999996030899807
USM3_pose_global_n_samples,USM2_USM3_pose_global_n_aligned_samples,0.9999996030899807,0.9999996030899807
USM3_pose_global_n_samples,active_pair_n_aligned_samples,0.9999996030899807,0.9999996030899807
qc_fk_rows,USM0_USM2_pose_global_n_aligned_samples,0.9999996030899807,0.9999996030899807
qc_fk_rows,USM0_USM3_pose_global_n_aligned_samples,0.9999996030899807,0.9999996030899807
qc_fk_rows,USM2_USM3_pose_global_n_aligned_samples,0.9999996030899807,0.9999996030899807
qc_fk_rows,active_pair_n_aligned_samples,0.9999996030899807,0.9999996030899807
qc_fk_rows_original,USM0_pose_global_duration_seconds,0.9999993161300919,0.9999993161300919
qc_fk_rows_original,USM2_pose_global_duration_seconds,0.9999993161300919,0.9999993161300919
qc_fk_rows_original,USM3_pose_global_duration_seconds,0.9999993161300919,0.9999993161300919
qc_fk_rows_original,qc_fk_duration_seconds,0.9999993161300919,0.9999993161300919
USM0_pose_global_duration_seconds,USM2_pose_global_n_samples,0.9999992154684841,0.9999992154684841
USM0_pose_global_duration_seconds,USM3_pose_global_n_samples,0.9999992154684841,0.9999992154684841
USM0_pose_global_n_samples,USM0_pose_global_duration_seconds,0.9999992154684841,0.9999992154684841
USM0_pose_global_n_samples,USM2_pose_global_duration_seconds,0.9999992154684841,0.9999992154684841
USM0_pose_global_n_samples,USM3_pose_global_duration_seconds,0.9999992154684841,0.9999992154684841
USM2_pose_global_duration_seconds,USM3_pose_global_n_samples,0.9999992154684841,0.9999992154684841
USM2_pose_global_n_samples,USM2_pose_global_duration_seconds,0.9999992154684841,0.9999992154684841
USM2_pose_global_n_samples,USM3_pose_global_duration_seconds,0.9999992154684841,0.9999992154684841
USM3_pose_global_n_samples,USM3_pose_global_duration_seconds,0.9999992154684841,0.9999992154684841
qc_fk_duration_seconds,USM0_pose_global_n_samples,0.9999992154684841,0.9999992154684841
qc_fk_duration_seconds,USM2_pose_global_n_samples,0.9999992154684841,0.9999992154684841
qc_fk_duration_seconds,USM3_pose_global_n_samples,0.9999992154684841,0.9999992154684841
qc_fk_rows,USM0_pose_global_duration_seconds,0.9999992154684841,0.9999992154684841
qc_fk_rows,USM2_pose_global_duration_seconds,0.9999992154684841,0.9999992154684841
qc_fk_rows,USM3_pose_global_duration_seconds,0.9999992154684841,0.9999992154684841
qc_fk_rows,qc_fk_duration_seconds,0.9999992154684841,0.9999992154684841
USM0_pose_global_sample_rate_hz,USM2_pose_global_median_dt_seconds,-0.9999789019045512,0.9999789019045512
USM0_pose_global_sample_rate_hz,USM3_pose_global_median_dt_seconds,-0.9999789019045512,0.9999789019045512
USM2_pose_global_sample_rate_hz,USM3_pose_global_median_dt_seconds,-0.9999789019045512,0.9999789019045512
USM0_USM2_pose_global_path_length_a_rel,active_pair_path_length_a_rel,0.9999251215513967,0.9999251215513967
USM0_USM3_pose_global_path_length_a_rel,active_pair_path_length_a_rel,0.9999251215513967,0.9999251215513967
USM3_pose_global_path_l2,USM0_USM3_pose_global_path_length_b_rel,0.9998780349453286,0.9998780349453286
USM3_pose_global_path_l2,USM2_USM3_pose_global_path_length_b_rel,0.9998780349453286,0.9998780349453286
USM0_pose_global_path_l2,USM0_USM2_pose_global_path_length_a_rel,0.9998407282156787,0.9998407282156787
USM0_pose_global_path_l2,USM0_USM3_pose_global_path_length_a_rel,0.9998407282156787,0.9998407282156787
USM0_pose_global_path_l2,active_pair_path_length_a_rel,0.9997965055876261,0.9997965055876261
USM2_pose_global_path_l2,USM0_USM2_pose_global_path_length_b_rel,0.99956536444218,0.99956536444218
USM2_pose_global_path_l2,USM2_USM3_pose_global_path_length_a_rel,0.99956536444218,0.99956536444218
USM0_USM2_pose_global_mean_distance_rel,USM0_USM2_pose_global_min_distance_rel,0.9995135779945482,0.9995135779945482
USM2_USM3_pose_global_mean_distance_rel,USM2_USM3_pose_global_min_distance_rel,0.9995102970085381,0.9995102970085381
USM0_pose_global_workspace_box_volume_m3,USM2_pose_global_jerk_cost,0.9994844623354945,0.9994844623354945
active_pair_mean_distance_rel,active_pair_min_distance_rel,0.9994225338609035,0.9994225338609035
USM0_pose_global_mean_acceleration_l2,USM0_pose_global_mean_jerk_l2,0.9993919896319031,0.9993919896319031
USM2_pose_global_mean_acceleration_l2,USM2_pose_global_mean_jerk_l2,0.9991798188764792,0.9991798188764792
USM2_USM3_pose_global_mean_distance_rel,USM2_USM3_pose_global_max_distance_rel,0.999129636863552,0.999129636863552
USM2_pose_global_max_speed_l2,USM2_pose_global_max_acceleration_l2,0.9990783097479712,0.9990783097479712
USM2_pose_global_max_acceleration_l2,USM2_pose_global_max_jerk_l2,0.9990582354120554,0.9990582354120554
USM0_USM2_pose_global_min_distance_rel,USM0_USM2_pose_global_max_distance_rel,0.9989482524096437,0.9989482524096437
USM2_pose_global_max_speed_l2,USM2_pose_global_max_jerk_l2,0.9989460102053938,0.9989460102053938
active_pair_min_distance_rel,active_pair_max_distance_rel,0.9986594763740888,0.9986594763740888
USM0_USM2_pose_global_mean_abs_relative_speed,active_pair_mean_abs_relative_speed,0.9986317616738846,0.9986317616738846
USM3_pose_global_mean_acceleration_l2,USM3_pose_global_mean_jerk_l2,0.9982672462460024,0.9982672462460024
USM2_USM3_pose_global_min_distance_rel,USM2_USM3_pose_global_max_distance_rel,0.9979869289544245,0.9979869289544245
USM2_pose_global_jerk_cost,USM0_USM2_pose_global_mean_distance_rel,0.9978866780681862,0.9978866780681862
USM0_USM2_pose_global_mean_distance_rel,USM0_USM2_pose_global_max_distance_rel,0.9978683201170186,0.9978683201170186
active_pair_mean_distance_rel,active_pair_max_distance_rel,0.9978313228868768,0.9978313228868768
USM0_pose_global_workspace_box_volume_m3,USM0_USM2_pose_global_min_distance_rel,0.9977842878093335,0.9977842878093335
USM2_pose_global_jerk_cost,USM0_USM2_pose_global_min_distance_rel,0.9977502408160235,0.9977502408160235
active_pair_std_distance_rel,active_pair_distance_range_rel,0.9977095323215882,0.9977095323215882
USM0_pose_global_workspace_box_volume_m3,USM0_USM2_pose_global_max_distance_rel,0.9976696540522433,0.9976696540522433
USM0_USM3_pose_global_mean_distance_rel,USM0_USM3_pose_global_min_distance_rel,0.9973318676410432,0.9973318676410432
USM0_USM2_pose_global_std_distance_rel,USM0_USM2_pose_global_distance_range_rel,0.9971485831300001,0.9971485831300001
USM0_pose_global_workspace_box_volume_m3,USM0_USM2_pose_global_mean_distance_rel,0.9970536369737146,0.9970536369737146
USM2_pose_global_jerk_cost,USM0_USM2_pose_global_max_distance_rel,0.9966689160730217,0.9966689160730217
USM2_pose_global_rms_speed_l2,USM2_pose_global_jerk_cost,0.9963782583872423,0.9963782583872423
USM2_pose_global_workspace_box_volume_m3,active_pair_mean_abs_relative_speed,0.9962541676622617,0.9962541676622617
USM2_pose_global_mean_speed_l2,USM2_pose_global_mean_acceleration_l2,0.9961358839497642,0.9961358839497642
USM2_pose_global_mean_speed_l2,USM2_pose_global_mean_jerk_l2,0.995775032481744,0.995775032481744
USM0_pose_global_workspace_box_volume_m3,active_pair_max_distance_rel,0.9956974842258141,0.9956974842258141
USM0_USM2_pose_global_max_distance_rel,active_pair_max_distance_rel,0.995573130778773,0.995573130778773
USM0_USM2_pose_global_std_distance_rel,active_pair_std_distance_rel,0.9954240965642606,0.9954240965642606
USM0_USM3_pose_global_mean_distance_rel,USM0_USM3_pose_global_max_distance_rel,0.9953007063684197,0.9953007063684197
USM2_pose_global_jerk_cost,active_pair_mean_distance_rel,0.9951252239943136,0.9951252239943136
USM0_USM2_pose_global_min_distance_rel,active_pair_max_distance_rel,0.9949498747726863,0.9949498747726863
USM2_pose_global_workspace_box_volume_m3,USM0_USM2_pose_global_mean_abs_relative_speed,0.9947669796222636,0.9947669796222636
USM0_USM2_pose_global_mean_distance_rel,active_pair_mean_distance_rel,0.9947367523239459,0.9947367523239459
USM3_pose_global_raw_path_l2,USM0_USM3_pose_global_path_length_b_rel,0.9946725716589628,0.9946725716589628
USM3_pose_global_raw_path_l2,USM2_USM3_pose_global_path_length_b_rel,0.9946725716589628,0.9946725716589628
USM2_pose_global_jerk_cost,active_pair_max_distance_rel,0.9946535413038817,0.9946535413038817
USM0_pose_global_workspace_box_volume_m3,USM2_pose_global_rms_speed_l2,0.9946205907194665,0.9946205907194665
USM0_pose_global_workspace_box_volume_m3,active_pair_mean_distance_rel,0.9943273742074165,0.9943273742074165
USM0_pose_global_rms_speed_l2,USM2_pose_global_max_jerk_l2,0.9943130593867019,0.9943130593867019
USM0_USM2_pose_global_min_distance_rel,active_pair_mean_distance_rel,0.9942984524925339,0.9942984524925339
USM0_pose_global_rms_speed_l2,USM2_pose_global_max_acceleration_l2,0.9942829762390326,0.9942829762390326
USM0_USM2_pose_global_distance_range_rel,active_pair_distance_range_rel,0.994268047010872,0.994268047010872
USM0_pose_global_rms_speed_l2,USM2_pose_global_max_speed_l2,0.9942500874099242,0.9942500874099242
USM0_pose_global_workspace_box_volume_m3,active_pair_min_distance_rel,0.9941077837961746,0.9941077837961746
USM2_pose_global_jerk_cost,active_pair_min_distance_rel,0.9940527877902933,0.9940527877902933
USM3_pose_global_raw_path_l2,USM3_pose_global_path_l2,0.9938550684399511,0.9938550684399511
USM0_USM2_pose_global_mean_distance_rel,active_pair_max_distance_rel,0.9937580017348356,0.9937580017348356
USM2_pose_global_rms_speed_l2,USM0_USM2_pose_global_mean_distance_rel,0.9934877229966286,0.9934877229966286
USM0_USM2_pose_global_min_distance_rel,active_pair_min_distance_rel,0.9931536304442449,0.9931536304442449
USM2_pose_global_max_acceleration_l2,USM0_USM2_pose_global_max_distance_rel,0.9930185466215513,0.9930185466215513
USM0_USM2_pose_global_distance_range_rel,active_pair_std_distance_rel,0.9929876073438443,0.9929876073438443
USM0_USM2_pose_global_std_distance_rel,active_pair_distance_range_rel,0.9928977548081227,0.9928977548081227
USM2_pose_global_rms_speed_l2,USM0_USM2_pose_global_min_distance_rel,0.9927300466147954,0.9927300466147954
USM0_USM2_pose_global_mean_distance_rel,active_pair_min_distance_rel,0.9927007583075571,0.9927007583075571
USM0_pose_global_z_range_m,USM0_USM2_pose_global_max_distance_rel,0.9926757447289558,0.9926757447289558
USM2_pose_global_max_jerk_l2,USM0_USM2_pose_global_max_distance_rel,0.9923817706203384,0.9923817706203384
USM0_pose_global_max_speed_l2,USM0_pose_global_jerk_cost,0.9923685597255046,0.9923685597255046
USM0_USM2_pose_global_max_distance_rel,active_pair_mean_distance_rel,0.9923603944720423,0.9923603944720423
USM2_pose_global_raw_path_l2,USM0_USM2_pose_global_path_length_b_rel,0.9923094976987243,0.9923094976987243
USM2_pose_global_raw_path_l2,USM2_USM3_pose_global_path_length_a_rel,0.9923094976987243,0.9923094976987243
USM0_pose_global_workspace_box_volume_m3,USM2_pose_global_max_jerk_l2,0.9921250963369671,0.9921250963369671
USM0_pose_global_rms_speed_l2,USM0_USM2_pose_global_max_distance_rel,0.9921044995703032,0.9921044995703032
USM0_pose_global_workspace_box_volume_m3,USM2_pose_global_max_acceleration_l2,0.9920585335115717,0.9920585335115717
USM0_USM2_pose_global_max_distance_rel,active_pair_min_distance_rel,0.991922803055195,0.991922803055195
USM0_pose_global_max_speed_l2,USM0_pose_global_max_acceleration_l2,0.9916682743168265,0.9916682743168265
USM0_pose_global_mean_speed_l2,USM0_pose_global_mean_acceleration_l2,0.9913639695744296,0.9913639695744296
USM2_pose_global_max_speed_l2,USM0_USM2_pose_global_max_distance_rel,0.9913292852548421,0.9913292852548421
USM2_pose_global_rms_speed_l2,USM0_USM2_pose_global_max_distance_rel,0.9912724928504522,0.9912724928504522
USM0_pose_global_mean_speed_l2,USM0_pose_global_mean_jerk_l2,0.9911710938126926,0.9911710938126926
USM2_pose_global_mean_jerk_l2,USM2_USM3_pose_global_mean_abs_relative_speed,0.9908251719047246,0.9908251719047246
USM0_pose_global_z_range_m,USM0_USM2_pose_global_min_distance_rel,0.9907816588862205,0.9907816588862205
USM2_pose_global_max_speed_l2,USM0_USM2_pose_global_std_distance_rel,0.9904914002309952,0.9904914002309952
USM0_pose_global_workspace_box_volume_m3,USM2_pose_global_max_speed_l2,0.990400965537543,0.990400965537543
USM2_pose_global_max_jerk_l2,USM2_pose_global_jerk_cost,0.9903359191436044,0.9903359191436044
USM0_pose_global_rms_speed_l2,USM0_pose_global_workspace_box_volume_m3,0.9902949590331417,0.9902949590331417
USM0_pose_global_raw_path_l2,USM0_USM2_pose_global_path_length_a_rel,0.9901311692554196,0.9901311692554196
USM0_pose_global_raw_path_l2,USM0_USM3_pose_global_path_length_a_rel,0.9901311692554196,0.9901311692554196
USM2_pose_global_max_acceleration_l2,USM2_pose_global_jerk_cost,0.9901102211819198,0.9901102211819198
