column,reason
target_score_std,all_missing
percentage_score_std,all_missing
mgears_depth_perception_std,all_missing
mgears_dexterity_with_multiple_wristed_instruments_std,all_missing
mgears_efficiency_flow_of_operation_std,all_missing
mgears_force_sensitivity_and_tissue_handling_std,all_missing
mgears_autonomy,all_missing
mgears_autonomy_std,all_missing
mgears_master_manipulator_workspace_robotic_control_std,all_missing
mgears_basic_energy_skills,all_missing
mgears_basic_energy_skills_std,all_missing
mgears_overall_performance_quality_of_the_final_product_std,all_missing
qc_fk_rows_removed_missing_timestamp_or_usm,constant
qc_fk_valid_xyz_fraction,constant
fk_camera_usms,constant
fk_instrument_usm_count,constant
fk_camera_usm_count,constant
USM0_pose_global_matrix_valid_fraction,constant
USM2_pose_global_matrix_valid_fraction,constant
USM3_pose_global_matrix_valid_fraction,constant
USM2_pose_global_active,constant
n_label_records,constant
n_unique_target_scores,constant
label_disagreement_flag,constant
target_minus_domain_sum,constant
