model,cv_fold,feature,importance
random_forest,1,numeric__USM0_pose_global_pause_duration_seconds,0.04205284073204588
random_forest,1,numeric__USM2_pose_global_pause_duration_seconds,0.03489185379589339
random_forest,1,numeric__USM3_pose_global_pause_duration_seconds,0.031456789172297495
random_forest,1,numeric__USM0_pose_global_n_samples,0.030675559190259667
random_forest,1,numeric__USM2_pose_global_mean_acceleration_l2,0.0258243038192114
random_forest,1,numeric__USM2_pose_global_mean_angular_speed_rad_s,0.023710864357421018
random_forest,1,numeric__USM3_pose_global_pause_fraction,0.022461513236670075
random_forest,1,numeric__USM0_pose_global_log_dimensionless_jerk,0.021026109669815152
random_forest,1,numeric__USM0_pose_global_dimensionless_jerk,0.020938551720977524
random_forest,1,numeric__USM0_pose_global_rms_speed_l2,0.01982690233942255
random_forest,1,numeric__active_pair_mean_distance_rel,0.019364130646934107
random_forest,1,numeric__USM3_pose_global_idle_fraction_relative,0.018802348428543263
random_forest,1,numeric__USM2_pose_global_mean_abs_angular_acceleration_rad_s2,0.018234508892737877
random_forest,1,numeric__USM0_USM2_pose_global_simultaneous_active_fraction,0.01762907571490441
random_forest,1,numeric__USM2_pose_global_pause_count,0.01713626089313013
random_forest,1,numeric__USM0_pose_global_mean_acceleration_l2,0.016472376986603223
random_forest,1,numeric__USM0_pose_global_raw_path_l2,0.015493464729687205
random_forest,1,numeric__active_pair_simultaneous_active_fraction,0.014797017367743939
random_forest,1,numeric__USM2_pose_global_log_dimensionless_jerk,0.014453711011700275
random_forest,1,numeric__USM3_pose_global_pause_count,0.013868379956321439
random_forest,1,numeric__USM2_pose_global_dimensionless_jerk,0.01329633818953536
random_forest,1,numeric__USM0_USM3_pose_global_speed_correlation,0.012489342947060188
random_forest,1,numeric__USM0_pose_global_pause_count,0.01187345097121354
random_forest,1,numeric__USM0_USM3_pose_global_path_length_imbalance,0.011756428317755953
random_forest,1,numeric__USM2_pose_global_mean_speed_l2,0.011653215443409842
random_forest,1,numeric__USM0_USM2_pose_global_std_distance_rel,0.011343746446161469
random_forest,1,numeric__USM2_USM3_pose_global_mean_abs_relative_speed,0.011315380970821154
random_forest,1,numeric__USM0_pose_global_max_speed_l2,0.011310781371774147
random_forest,1,numeric__USM0_pose_global_mean_angular_speed_rad_s,0.010740270932413497
random_forest,1,numeric__USM3_pose_global_idle_threshold_relative,0.010720153390600012
random_forest,1,numeric__all_psm_pose_global_path_total_m,0.010546887278832972
random_forest,1,numeric__USM3_pose_global_rms_speed_l2,0.009664742103409375
random_forest,1,numeric__USM2_pose_global_pause_fraction,0.009245675782634091
random_forest,1,numeric__USM2_USM3_pose_global_speed_correlation,0.00904559983859292
random_forest,1,numeric__USM2_USM3_pose_global_both_idle_fraction,0.008987930125948722
random_forest,1,numeric__active_pair_path_length_b_rel,0.008869362117676418
random_forest,1,numeric__USM0_USM3_pose_global_both_idle_fraction,0.008438052670967701
random_forest,1,numeric__USM2_pose_global_idle_fraction_relative,0.008298070842918323
random_forest,1,numeric__USM0_pose_global_mean_abs_angular_acceleration_rad_s2,0.008080603408617222
random_forest,1,numeric__USM2_USM3_pose_global_simultaneous_active_fraction,0.007790148901618454
random_forest,1,numeric__USM2_pose_global_economy_area_yz,0.007689057902736875
random_forest,1,numeric__USM2_USM3_pose_global_path_length_imbalance,0.0076858222700751586
random_forest,1,numeric__USM2_pose_global_raw_path_l2,0.0075760381801503575
random_forest,1,numeric__USM0_USM3_pose_global_mean_abs_relative_speed,0.007223069378344959
random_forest,1,numeric__USM0_pose_global_mean_speed_l2,0.0067905141006950566
random_forest,1,numeric__USM0_USM3_pose_global_simultaneous_active_fraction,0.006737087880833218
random_forest,1,numeric__USM2_USM3_pose_global_std_distance_rel,0.006654142626828774
random_forest,1,numeric__USM3_pose_global_economy_area_xy,0.0064268275442008575
random_forest,1,numeric__USM3_pose_global_mean_speed_l2,0.0063152248234487705
random_forest,1,numeric__USM3_pose_global_log_dimensionless_jerk,0.006094509733057449
random_forest,1,numeric__USM3_pose_global_mean_angular_speed_rad_s,0.005939761789954615
random_forest,1,numeric__USM0_USM2_pose_global_speed_correlation,0.005933482215023
random_forest,1,numeric__USM3_pose_global_dimensionless_jerk,0.005912101994631193
random_forest,1,numeric__active_pair_one_arm_only_active_fraction,0.00581778660378033
random_forest,1,numeric__USM3_pose_global_mean_abs_angular_acceleration_rad_s2,0.005662451507389715
random_forest,1,numeric__USM2_pose_global_max_abs_angular_acceleration_rad_s2,0.0056426229915103356
random_forest,1,numeric__USM3_pose_global_y_range_m,0.005635673953682993
random_forest,1,numeric__USM0_pose_global_economy_volume,0.005632554076190978
random_forest,1,numeric__USM0_USM3_pose_global_mean_distance_rel,0.005511007687510437
random_forest,1,numeric__USM0_USM3_pose_global_one_arm_only_active_fraction,0.005415456509909879
random_forest,1,numeric__USM0_pose_global_rotation_path_radians,0.005338026008997166
random_forest,1,numeric__USM2_pose_global_idle_threshold_relative,0.0052915086697069595
random_forest,1,numeric__USM2_USM3_pose_global_mean_distance_rel,0.005288652564471584
random_forest,1,numeric__USM2_USM3_pose_global_distance_range_rel,0.005173861193671444
random_forest,1,numeric__USM0_pose_global_idle_threshold_relative,0.0050618243683372
random_forest,1,numeric__USM0_USM2_pose_global_one_arm_only_active_fraction,0.004979787679680023
random_forest,1,numeric__USM0_pose_global_pause_fraction,0.004977541796153121
random_forest,1,numeric__active_pair_path_length_imbalance,0.004945155105638195
random_forest,1,numeric__USM3_pose_global_max_speed_l2,0.00493280014277977
random_forest,1,numeric__USM0_pose_global_idle_fraction_relative,0.004887337883687425
random_forest,1,numeric__USM2_pose_global_movement_economy,0.004873027157315961
random_forest,1,numeric__USM2_pose_global_y_range_m,0.004858840797145708
random_forest,1,numeric__USM3_pose_global_rotation_path_radians,0.004846074184334228
random_forest,1,numeric__USM0_pose_global_y_range_m,0.004775359741826281
random_forest,1,numeric__USM3_pose_global_raw_path_l2,0.004758366052571509
random_forest,1,numeric__USM2_pose_global_economy_volume,0.004714860577069811
random_forest,1,numeric__USM2_pose_global_max_angular_speed_rad_s,0.004701779906227299
random_forest,1,numeric__USM0_pose_global_movement_economy,0.004686650745016937
random_forest,1,numeric__USM0_pose_global_x_range_m,0.004657665809378461
random_forest,1,numeric__USM0_pose_global_economy_area_yz,0.0046221736848483545
random_forest,1,numeric__active_pair_speed_correlation,0.004568875431009435
random_forest,1,numeric__USM0_USM3_pose_global_std_distance_rel,0.0045456817036115486
random_forest,1,numeric__USM3_pose_global_z_range_m,0.004534614865316338
random_forest,1,numeric__USM0_pose_global_net_displacement_l2,0.00451155385727415
random_forest,1,numeric__USM3_pose_global_movement_economy,0.004507159349099133
random_forest,1,numeric__USM3_pose_global_max_angular_speed_rad_s,0.004502606932385002
random_forest,1,numeric__USM2_pose_global_rotation_path_radians,0.00449294531267956
random_forest,1,numeric__USM3_pose_global_max_jerk_l2,0.00448423830077336
random_forest,1,numeric__USM2_USM3_pose_global_one_arm_only_active_fraction,0.004475264973441258
random_forest,1,numeric__USM3_pose_global_max_abs_angular_acceleration_rad_s2,0.004442131304119335
random_forest,1,numeric__USM0_USM3_pose_global_distance_range_rel,0.004372909232729154
random_forest,1,numeric__USM0_pose_global_z_range_m,0.004279322802685699
random_forest,1,numeric__USM3_pose_global_net_displacement_l2,0.004266412311968403
random_forest,1,numeric__USM0_pose_global_max_abs_angular_acceleration_rad_s2,0.004173225285143971
random_forest,1,numeric__USM3_pose_global_max_acceleration_l2,0.004172778090479638
random_forest,1,numeric__USM0_USM2_pose_global_mean_abs_relative_speed,0.004152127701440845
random_forest,1,numeric__USM3_pose_global_jerk_cost,0.004133516001134223
random_forest,1,numeric__USM0_USM2_pose_global_both_idle_fraction,0.004081741251806677
random_forest,1,numeric__USM2_pose_global_z_range_m,0.004060663901316227
random_forest,1,numeric__USM0_USM2_pose_global_path_length_imbalance,0.003823429289095845
random_forest,1,numeric__USM3_pose_global_economy_area_xz,0.003670696209330828
random_forest,1,numeric__USM3_pose_global_economy_area_yz,0.003668276933060409
random_forest,1,numeric__USM3_pose_global_economy_volume,0.0035098851492810926
random_forest,1,numeric__USM2_pose_global_economy_area_xy,0.0034540592080248476
random_forest,1,numeric__USM0_pose_global_economy_area_xz,0.003379404975726862
random_forest,1,numeric__USM3_pose_global_workspace_box_volume_m3,0.003310222189478154
random_forest,1,numeric__USM0_pose_global_max_angular_speed_rad_s,0.00323621713407528
random_forest,1,numeric__USM3_pose_global_x_range_m,0.0031798893438946484
random_forest,1,numeric__USM0_pose_global_economy_area_xy,0.003159389884232469
random_forest,1,numeric__USM2_pose_global_economy_area_xz,0.003100793158925931
random_forest,1,numeric__USM2_pose_global_x_range_m,0.003092120358211396
random_forest,1,numeric__USM0_pose_global_max_gap_seconds,0.0029675952299352
random_forest,1,numeric__USM0_USM2_pose_global_alignment_coverage,0.0014709437056242918
random_forest,1,task__task_clean_suture,0.001293117592936229
random_forest,1,task__task_clean_camera_target,0.0003817343734856568
random_forest,1,numeric__active_psm_count,0.0003674296848239759
random_forest,1,task__task_clean_glove_cut,0.0002870597950117595
random_forest,1,task__task_clean_ring_rollercoaster,0.00027795084181841506
random_forest,1,task__task_clean_sea_spikes,0.00022693107395996688
random_forest,1,numeric__USM3_pose_global_active,0.00010379896224357909
random_forest,1,numeric__active_pair_usm_b,3.205374531554978e-05
random_forest,1,numeric__USM0_pose_global_median_dt_seconds,0.0
random_forest,1,numeric__USM0_pose_global_active,0.0
random_forest,1,numeric__active_pair_usm_a,0.0
random_forest,2,numeric__USM0_pose_global_n_samples,0.09401350584919083
random_forest,2,numeric__USM0_pose_global_pause_duration_seconds,0.058818398875600586
random_forest,2,numeric__USM3_pose_global_pause_duration_seconds,0.058324404201794286
random_forest,2,numeric__USM0_pose_global_rms_speed_l2,0.04157813238271498
random_forest,2,numeric__USM0_pose_global_dimensionless_jerk,0.04133268064674596
random_forest,2,numeric__USM2_pose_global_pause_duration_seconds,0.04006429120252967
random_forest,2,numeric__USM0_pose_global_log_dimensionless_jerk,0.037022212205279036
random_forest,2,numeric__USM2_pose_global_mean_angular_speed_rad_s,0.0296927654167854
random_forest,2,numeric__USM0_pose_global_max_speed_l2,0.028268971382815047
random_forest,2,numeric__USM2_pose_global_dimensionless_jerk,0.02414564676762906
random_forest,2,numeric__USM2_pose_global_mean_abs_angular_acceleration_rad_s2,0.021117914975500675
random_forest,2,numeric__active_pair_simultaneous_active_fraction,0.020548824222574254
random_forest,2,numeric__USM2_pose_global_log_dimensionless_jerk,0.016805524400866884
random_forest,2,numeric__USM2_USM3_pose_global_speed_correlation,0.015704590988759093
random_forest,2,numeric__USM0_pose_global_pause_count,0.015183092744201156
random_forest,2,numeric__USM0_pose_global_mean_abs_angular_acceleration_rad_s2,0.014255144213882097
random_forest,2,numeric__USM2_pose_global_pause_count,0.014111006417562102
random_forest,2,numeric__USM0_USM2_pose_global_simultaneous_active_fraction,0.013873387551740191
random_forest,2,numeric__USM3_pose_global_pause_fraction,0.012825873330706087
random_forest,2,numeric__USM0_USM3_pose_global_speed_correlation,0.010851618648759612
random_forest,2,numeric__USM0_pose_global_max_jerk_l2,0.00979943564725666
random_forest,2,numeric__USM0_pose_global_mean_speed_l2,0.008578704844615237
random_forest,2,numeric__USM2_pose_global_max_angular_speed_rad_s,0.008147135397319278
random_forest,2,numeric__USM0_pose_global_movement_economy,0.008074989942929439
random_forest,2,numeric__USM3_pose_global_pause_count,0.008053170715558708
random_forest,2,numeric__USM3_pose_global_idle_fraction_relative,0.00777728052156534
random_forest,2,numeric__USM2_pose_global_idle_fraction_relative,0.007641883883223493
random_forest,2,numeric__USM2_pose_global_max_abs_angular_acceleration_rad_s2,0.00758197092818527
random_forest,2,numeric__USM2_USM3_pose_global_one_arm_only_active_fraction,0.007496813802981823
random_forest,2,numeric__USM0_USM3_pose_global_both_idle_fraction,0.007314609966299443
random_forest,2,numeric__USM0_pose_global_mean_angular_speed_rad_s,0.007227806276934583
random_forest,2,numeric__USM0_pose_global_net_displacement_l2,0.0070886659952475225
random_forest,2,numeric__active_pair_path_length_imbalance,0.007045358933940143
random_forest,2,numeric__USM0_USM3_pose_global_mean_abs_relative_speed,0.006933108367203763
random_forest,2,numeric__USM0_USM3_pose_global_mean_distance_rel,0.006803963421554788
random_forest,2,numeric__USM0_USM3_pose_global_path_length_imbalance,0.006589615493963753
random_forest,2,numeric__USM3_pose_global_idle_threshold_relative,0.0065686225408826265
random_forest,2,numeric__USM0_pose_global_idle_fraction_relative,0.006335400372277428
random_forest,2,numeric__USM0_pose_global_max_abs_angular_acceleration_rad_s2,0.006212769243203208
random_forest,2,numeric__USM2_USM3_pose_global_mean_distance_rel,0.006164823368795638
random_forest,2,numeric__USM2_pose_global_mean_speed_l2,0.005944451871866389
random_forest,2,numeric__active_pair_one_arm_only_active_fraction,0.005805844221950283
random_forest,2,numeric__USM0_pose_global_rotation_path_radians,0.005797802924286622
random_forest,2,numeric__USM2_pose_global_movement_economy,0.005565110491428166
random_forest,2,numeric__USM3_pose_global_rms_speed_l2,0.005544235101556931
random_forest,2,numeric__USM0_pose_global_max_angular_speed_rad_s,0.0054310514525437205
random_forest,2,numeric__USM3_pose_global_dimensionless_jerk,0.005201355743227921
random_forest,2,numeric__USM2_USM3_pose_global_path_length_imbalance,0.005183749947638166
random_forest,2,numeric__USM0_USM3_pose_global_simultaneous_active_fraction,0.0048113824112639095
random_forest,2,numeric__USM0_pose_global_raw_path_l2,0.004703408811721303
random_forest,2,numeric__USM2_USM3_pose_global_both_idle_fraction,0.0046637621375303995
random_forest,2,numeric__USM0_pose_global_economy_area_yz,0.004545442993865194
random_forest,2,numeric__USM3_pose_global_mean_acceleration_l2,0.004527499299264571
random_forest,2,numeric__USM3_pose_global_log_dimensionless_jerk,0.004406225562550903
random_forest,2,numeric__USM0_pose_global_path_l2,0.004309389609268813
random_forest,2,numeric__USM2_USM3_pose_global_simultaneous_active_fraction,0.004191397195603408
random_forest,2,numeric__USM2_pose_global_economy_area_xy,0.004157278069639219
random_forest,2,numeric__USM2_USM3_pose_global_distance_range_rel,0.00415335987313201
random_forest,2,numeric__USM2_pose_global_y_range_m,0.004132718227529229
random_forest,2,numeric__USM0_pose_global_economy_area_xy,0.004086961395780429
random_forest,2,numeric__USM0_USM3_pose_global_one_arm_only_active_fraction,0.00408491611256096
random_forest,2,numeric__USM0_USM2_pose_global_speed_correlation,0.004043149317856565
random_forest,2,numeric__USM2_USM3_pose_global_std_distance_rel,0.004014151817031331
random_forest,2,numeric__USM3_pose_global_net_displacement_l2,0.003920808738184979
random_forest,2,numeric__USM3_pose_global_economy_area_xy,0.0039000017802644947
random_forest,2,numeric__USM0_pose_global_economy_area_xz,0.003894104011750948
random_forest,2,numeric__USM3_pose_global_z_range_m,0.003869974541815168
random_forest,2,numeric__USM2_pose_global_economy_area_xz,0.003527746796057449
random_forest,2,numeric__USM2_pose_global_economy_volume,0.0034936279076819812
random_forest,2,numeric__USM2_pose_global_idle_threshold_relative,0.003479871663999119
random_forest,2,numeric__USM0_USM3_pose_global_std_distance_rel,0.003473160378710597
random_forest,2,numeric__USM0_pose_global_pause_fraction,0.003455719752356149
random_forest,2,numeric__USM0_pose_global_idle_threshold_relative,0.0034347685940501024
random_forest,2,numeric__all_psm_pose_global_path_total_m,0.0033932592476622215
random_forest,2,numeric__USM0_USM2_pose_global_path_length_imbalance,0.003377890386964601
random_forest,2,numeric__USM2_pose_global_z_range_m,0.0033734497037127232
random_forest,2,numeric__active_pair_path_length_b_rel,0.003323434913807795
random_forest,2,numeric__USM0_USM2_pose_global_one_arm_only_active_fraction,0.0033209580745978
random_forest,2,numeric__active_pair_speed_correlation,0.003316164338078257
random_forest,2,numeric__USM0_USM3_pose_global_distance_range_rel,0.0032611626438747766
random_forest,2,numeric__USM0_pose_global_economy_volume,0.0032317217959095114
random_forest,2,numeric__USM2_pose_global_economy_area_yz,0.003199594358206721
random_forest,2,numeric__USM2_pose_global_path_l2,0.003141154536191514
random_forest,2,numeric__USM2_pose_global_rotation_path_radians,0.003111230691112808
random_forest,2,numeric__USM3_pose_global_rotation_path_radians,0.003103601547903969
random_forest,2,numeric__USM3_pose_global_movement_economy,0.003062239557112333
random_forest,2,numeric__USM3_pose_global_y_range_m,0.0030473725135616073
random_forest,2,numeric__USM3_pose_global_economy_area_yz,0.0029928651240637943
random_forest,2,numeric__USM2_pose_global_raw_path_l2,0.002948190887239539
random_forest,2,numeric__USM0_pose_global_x_range_m,0.0029371930369511004
random_forest,2,numeric__USM2_pose_global_x_range_m,0.002916459930090416
random_forest,2,numeric__USM0_USM2_pose_global_both_idle_fraction,0.002879204271262342
random_forest,2,numeric__USM3_pose_global_mean_angular_speed_rad_s,0.0028659760506329454
random_forest,2,numeric__USM3_pose_global_economy_area_xz,0.002811423164882375
random_forest,2,numeric__USM3_pose_global_max_angular_speed_rad_s,0.0026988862109484247
random_forest,2,numeric__USM3_pose_global_mean_abs_angular_acceleration_rad_s2,0.0025752774788192338
random_forest,2,numeric__USM3_pose_global_raw_path_l2,0.00257401947216315
random_forest,2,numeric__USM3_pose_global_mean_speed_l2,0.00254902207935926
random_forest,2,numeric__USM3_pose_global_max_acceleration_l2,0.002535295681810827
random_forest,2,numeric__USM0_pose_global_max_gap_seconds,0.002475638266311952
random_forest,2,numeric__active_pair_both_idle_fraction,0.0022138617197958567
random_forest,2,numeric__USM3_pose_global_x_range_m,0.002113242604766003
random_forest,2,numeric__USM3_pose_global_max_jerk_l2,0.0020380808814603538
random_forest,2,numeric__USM3_pose_global_jerk_cost,0.001965221886162621
random_forest,2,numeric__USM3_pose_global_economy_volume,0.0019636543757782744
random_forest,2,numeric__USM0_pose_global_y_range_m,0.0018966924060875112
random_forest,2,numeric__USM3_pose_global_max_speed_l2,0.0016628267389373478
random_forest,2,numeric__USM0_USM2_pose_global_alignment_coverage,0.0009890922425320478
random_forest,2,task__task_clean_suture,0.0009628776105029438
random_forest,2,task__task_clean_sea_spikes,0.0005783296399640832
random_forest,2,task__task_clean_glove_cut,0.0003488014528955484
random_forest,2,task__task_clean_ring_rollercoaster,0.0002414901439245876
random_forest,2,task__task_clean_camera_target,0.0002271933955568793
random_forest,2,numeric__USM3_pose_global_active,4.740409486160721e-05
random_forest,2,numeric__USM0_pose_global_median_dt_seconds,0.0
random_forest,2,numeric__USM0_pose_global_active,0.0
random_forest,2,numeric__active_pair_usm_b,0.0
random_forest,2,numeric__active_pair_usm_a,0.0
random_forest,3,numeric__USM0_pose_global_n_samples,0.04292944752158819
random_forest,3,numeric__USM0_pose_global_pause_duration_seconds,0.036472458414368226
random_forest,3,numeric__USM2_pose_global_pause_duration_seconds,0.03456399562755101
random_forest,3,numeric__USM0_pose_global_log_dimensionless_jerk,0.024672383714531454
random_forest,3,numeric__USM3_pose_global_pause_duration_seconds,0.02434721383765554
random_forest,3,numeric__USM2_pose_global_log_dimensionless_jerk,0.02400205514775484
random_forest,3,numeric__USM0_pose_global_dimensionless_jerk,0.023389323882004837
random_forest,3,numeric__active_pair_simultaneous_active_fraction,0.0230155747128393
random_forest,3,numeric__USM2_pose_global_dimensionless_jerk,0.020225429326313053
random_forest,3,numeric__USM2_pose_global_pause_count,0.01771672086081887
random_forest,3,numeric__USM0_pose_global_pause_count,0.017087589056825815
random_forest,3,numeric__USM0_USM2_pose_global_simultaneous_active_fraction,0.016802677666681764
random_forest,3,numeric__USM3_pose_global_pause_count,0.016258576419487556
random_forest,3,numeric__USM0_pose_global_rms_speed_l2,0.016171876816012665
random_forest,3,numeric__USM2_pose_global_mean_angular_speed_rad_s,0.016115033919815006
random_forest,3,numeric__USM2_pose_global_mean_abs_angular_acceleration_rad_s2,0.014498504736071116
random_forest,3,numeric__USM0_pose_global_mean_speed_l2,0.01401699032150191
random_forest,3,numeric__USM0_pose_global_mean_angular_speed_rad_s,0.013820320864280242
random_forest,3,numeric__USM0_pose_global_max_speed_l2,0.012687975944852414
random_forest,3,numeric__USM0_USM3_pose_global_mean_abs_relative_speed,0.01148119762741873
random_forest,3,numeric__USM0_pose_global_mean_abs_angular_acceleration_rad_s2,0.010756299148035924
random_forest,3,numeric__USM3_pose_global_idle_fraction_relative,0.010633705667458157
random_forest,3,numeric__USM0_USM3_pose_global_simultaneous_active_fraction,0.010389718280794508
random_forest,3,numeric__USM0_pose_global_raw_path_l2,0.010028378175244327
random_forest,3,numeric__USM2_pose_global_mean_speed_l2,0.009943462793957584
random_forest,3,numeric__USM0_USM3_pose_global_both_idle_fraction,0.00989243046704024
random_forest,3,numeric__USM2_pose_global_pause_fraction,0.00965204251039196
random_forest,3,numeric__USM2_USM3_pose_global_speed_correlation,0.009525508425577547
random_forest,3,numeric__USM3_pose_global_pause_fraction,0.009466626997752354
random_forest,3,numeric__all_psm_pose_global_path_total_m,0.00927235328650703
random_forest,3,numeric__USM3_pose_global_economy_area_xy,0.009174932000249294
random_forest,3,numeric__USM2_pose_global_idle_fraction_relative,0.009156907159771355
random_forest,3,numeric__active_pair_speed_correlation,0.009064630511281853
random_forest,3,numeric__USM0_pose_global_path_l2,0.008956918290471431
random_forest,3,numeric__USM2_pose_global_raw_path_l2,0.008721257370432672
random_forest,3,numeric__USM0_USM3_pose_global_path_length_imbalance,0.008701964714634608
random_forest,3,numeric__USM0_pose_global_max_jerk_l2,0.008694191565610576
random_forest,3,numeric__USM0_USM3_pose_global_speed_correlation,0.008227281657952652
random_forest,3,numeric__USM2_USM3_pose_global_one_arm_only_active_fraction,0.008210745546080382
random_forest,3,numeric__USM3_pose_global_dimensionless_jerk,0.008072417573723149
random_forest,3,numeric__USM2_USM3_pose_global_both_idle_fraction,0.008047994752855153
random_forest,3,numeric__USM2_pose_global_economy_area_yz,0.00784170495130903
random_forest,3,numeric__USM0_USM3_pose_global_mean_distance_rel,0.007775629893710289
random_forest,3,numeric__USM0_pose_global_pause_fraction,0.00773126758664091
random_forest,3,numeric__USM0_pose_global_economy_area_yz,0.0077204529058281235
random_forest,3,numeric__USM0_pose_global_idle_fraction_relative,0.007657061019542875
random_forest,3,numeric__active_pair_both_idle_fraction,0.007637438124535335
random_forest,3,numeric__USM3_pose_global_rms_speed_l2,0.007486429533516402
random_forest,3,numeric__USM2_USM3_pose_global_simultaneous_active_fraction,0.007330099613012098
random_forest,3,numeric__USM2_USM3_pose_global_mean_distance_rel,0.007021075600900259
random_forest,3,numeric__USM2_USM3_pose_global_path_length_imbalance,0.006985700612200812
random_forest,3,numeric__USM2_pose_global_path_l2,0.006842888826933909
random_forest,3,numeric__USM2_pose_global_net_displacement_l2,0.006835180187666848
random_forest,3,numeric__USM0_pose_global_economy_volume,0.006770111803762513
random_forest,3,numeric__active_pair_path_length_b_rel,0.006683205866354322
random_forest,3,numeric__USM3_pose_global_mean_speed_l2,0.006672678678950438
random_forest,3,numeric__USM3_pose_global_log_dimensionless_jerk,0.006655225318857051
random_forest,3,numeric__USM3_pose_global_mean_acceleration_l2,0.006490860614486258
random_forest,3,numeric__USM0_pose_global_idle_threshold_relative,0.0064777559890650885
random_forest,3,numeric__USM2_pose_global_max_abs_angular_acceleration_rad_s2,0.006420959434632285
random_forest,3,numeric__USM2_pose_global_idle_threshold_relative,0.006288344103558134
random_forest,3,numeric__USM0_pose_global_rotation_path_radians,0.006258983259761645
random_forest,3,numeric__USM0_USM2_pose_global_one_arm_only_active_fraction,0.006213073627182035
random_forest,3,numeric__USM3_pose_global_idle_threshold_relative,0.006125101912577433
random_forest,3,numeric__USM0_USM2_pose_global_speed_correlation,0.006066503606609881
random_forest,3,numeric__USM0_USM3_pose_global_one_arm_only_active_fraction,0.005986682349166439
random_forest,3,numeric__active_pair_one_arm_only_active_fraction,0.005735842560763725
random_forest,3,numeric__USM2_pose_global_max_angular_speed_rad_s,0.0057321376386167315
random_forest,3,numeric__USM0_pose_global_economy_area_xy,0.00570308883601731
random_forest,3,numeric__USM0_pose_global_net_displacement_l2,0.0056842984085853894
random_forest,3,numeric__USM0_pose_global_max_abs_angular_acceleration_rad_s2,0.005633294377758895
random_forest,3,numeric__USM3_pose_global_max_angular_speed_rad_s,0.005416084019888328
random_forest,3,numeric__USM2_pose_global_rotation_path_radians,0.005402136573308674
random_forest,3,numeric__USM3_pose_global_z_range_m,0.005299835440526411
random_forest,3,numeric__USM2_pose_global_movement_economy,0.0051809989438236165
random_forest,3,numeric__active_pair_path_length_imbalance,0.005103886789385897
random_forest,3,numeric__USM3_pose_global_mean_angular_speed_rad_s,0.0050435096217620766
random_forest,3,numeric__USM3_pose_global_economy_volume,0.005024976280173912
random_forest,3,numeric__USM0_USM2_pose_global_both_idle_fraction,0.004835354443920659
random_forest,3,numeric__USM2_pose_global_economy_volume,0.0047688016217009915
random_forest,3,numeric__USM2_USM3_pose_global_distance_range_rel,0.004730245191085089
random_forest,3,numeric__USM3_pose_global_max_speed_l2,0.004583091172660171
random_forest,3,numeric__USM3_pose_global_economy_area_yz,0.004563082837076225
random_forest,3,numeric__USM2_pose_global_workspace_box_volume_m3,0.004556574826317402
random_forest,3,numeric__USM3_pose_global_y_range_m,0.00452757507009388
random_forest,3,numeric__USM0_pose_global_z_range_m,0.004491071872641556
random_forest,3,numeric__USM3_pose_global_mean_abs_angular_acceleration_rad_s2,0.004397979200555611
random_forest,3,numeric__USM0_pose_global_economy_area_xz,0.004365952058975796
random_forest,3,numeric__USM3_pose_global_max_jerk_l2,0.004365421387123469
random_forest,3,numeric__USM2_USM3_pose_global_std_distance_rel,0.0043480715755688714
random_forest,3,numeric__USM2_pose_global_y_range_m,0.0042966171486642024
random_forest,3,numeric__USM0_pose_global_x_range_m,0.0042862007363296374
random_forest,3,numeric__USM0_pose_global_max_angular_speed_rad_s,0.004247461716446728
random_forest,3,numeric__USM3_pose_global_max_acceleration_l2,0.00423283193445492
random_forest,3,numeric__USM0_USM3_pose_global_std_distance_rel,0.00422547146144347
random_forest,3,numeric__USM2_pose_global_z_range_m,0.004220227749737464
random_forest,3,numeric__USM2_pose_global_x_range_m,0.004163942508876796
random_forest,3,numeric__USM0_pose_global_movement_economy,0.004111462110575794
random_forest,3,numeric__USM3_pose_global_jerk_cost,0.00402682671495735
random_forest,3,numeric__USM3_pose_global_rotation_path_radians,0.003984577765163078
random_forest,3,numeric__USM3_pose_global_max_abs_angular_acceleration_rad_s2,0.003880477247247765
random_forest,3,numeric__USM0_USM3_pose_global_distance_range_rel,0.0038661236041247155
random_forest,3,numeric__USM3_pose_global_raw_path_l2,0.0037942752377028237
random_forest,3,numeric__USM3_pose_global_x_range_m,0.0037826820227550395
random_forest,3,numeric__USM3_pose_global_net_displacement_l2,0.0037413932802672504
random_forest,3,numeric__USM3_pose_global_economy_area_xz,0.003733504167277346
random_forest,3,numeric__USM2_pose_global_economy_area_xy,0.003628242267675162
random_forest,3,numeric__USM3_pose_global_movement_economy,0.003604778557580579
random_forest,3,numeric__USM2_pose_global_economy_area_xz,0.0035884663737854715
random_forest,3,numeric__USM3_pose_global_workspace_box_volume_m3,0.0035171280048242985
random_forest,3,numeric__USM0_pose_global_y_range_m,0.0033832219782572045
random_forest,3,numeric__USM0_USM2_pose_global_path_length_imbalance,0.0033017399301697873
random_forest,3,numeric__USM0_pose_global_max_gap_seconds,0.0021555863901597363
random_forest,3,numeric__USM0_USM2_pose_global_alignment_coverage,0.001575654479373332
random_forest,3,task__task_clean_suture,0.0013949978674560025
random_forest,3,task__task_clean_camera_target,0.00073358205260987
random_forest,3,task__task_clean_ring_rollercoaster,0.0004671517156442765
random_forest,3,numeric__USM3_pose_global_active,0.0004564036956691506
random_forest,3,task__task_clean_glove_cut,0.0004531283744807684
random_forest,3,task__task_clean_sea_spikes,0.00038339597008779137
random_forest,3,numeric__active_psm_count,0.00029265628295497415
random_forest,3,numeric__active_pair_usm_b,5.643549446635212e-05
random_forest,3,numeric__active_pair_usm_a,4.833702481576345e-05
random_forest,3,numeric__USM0_pose_global_active,3.2178650678880245e-05
random_forest,3,numeric__USM0_pose_global_median_dt_seconds,0.0
random_forest,4,numeric__USM0_pose_global_n_samples,0.049844808805949076
random_forest,4,numeric__USM3_pose_global_pause_duration_seconds,0.04936916891007929
random_forest,4,numeric__USM2_pose_global_pause_duration_seconds,0.044894500502944516
random_forest,4,numeric__USM0_pose_global_pause_duration_seconds,0.03627499735926412
random_forest,4,numeric__USM0_pose_global_log_dimensionless_jerk,0.03337543035944855
random_forest,4,numeric__USM0_pose_global_dimensionless_jerk,0.032622211117939344
random_forest,4,numeric__USM2_pose_global_pause_count,0.028191543968969356
random_forest,4,numeric__USM2_pose_global_dimensionless_jerk,0.026465036633066222
random_forest,4,numeric__USM2_pose_global_log_dimensionless_jerk,0.02391717988126264
random_forest,4,numeric__USM2_pose_global_mean_angular_speed_rad_s,0.02229508605012153
random_forest,4,numeric__USM3_pose_global_pause_count,0.019260026004853117
random_forest,4,numeric__active_pair_simultaneous_active_fraction,0.017954200244499306
random_forest,4,numeric__USM0_pose_global_rms_speed_l2,0.016519461729195124
random_forest,4,numeric__USM3_pose_global_pause_fraction,0.015428747036819996
random_forest,4,numeric__USM0_pose_global_mean_angular_speed_rad_s,0.015092071744248313
random_forest,4,numeric__USM3_pose_global_idle_fraction_relative,0.014250485201169326
random_forest,4,numeric__USM2_pose_global_mean_abs_angular_acceleration_rad_s2,0.01401367056950436
random_forest,4,numeric__USM2_USM3_pose_global_speed_correlation,0.012755499301357054
random_forest,4,numeric__USM0_pose_global_mean_abs_angular_acceleration_rad_s2,0.012671481297988925
random_forest,4,numeric__USM0_pose_global_pause_count,0.012421864559472529
random_forest,4,numeric__USM0_USM2_pose_global_simultaneous_active_fraction,0.012245221603550701
random_forest,4,numeric__active_pair_speed_correlation,0.010514222689697122
random_forest,4,numeric__USM0_pose_global_raw_path_l2,0.010460795897645495
random_forest,4,numeric__USM0_pose_global_mean_speed_l2,0.009885135218116759
random_forest,4,numeric__USM3_pose_global_dimensionless_jerk,0.00931384288334799
random_forest,4,numeric__USM0_pose_global_max_speed_l2,0.00889954598616007
random_forest,4,numeric__USM0_USM2_pose_global_speed_correlation,0.008574620284145892
random_forest,4,numeric__USM0_pose_global_path_l2,0.008560889042286659
random_forest,4,numeric__USM0_USM3_pose_global_both_idle_fraction,0.008489418700059481
random_forest,4,numeric__USM2_pose_global_economy_area_yz,0.008393619840997174
random_forest,4,numeric__USM2_pose_global_mean_speed_l2,0.00827336877972466
random_forest,4,numeric__USM0_pose_global_net_displacement_l2,0.008236850785310642
random_forest,4,numeric__USM0_USM3_pose_global_speed_correlation,0.007966950879003298
random_forest,4,numeric__all_psm_pose_global_path_total_m,0.007688062473724627
random_forest,4,numeric__USM0_pose_global_economy_area_yz,0.007173679995388419
random_forest,4,numeric__USM0_USM3_pose_global_mean_abs_relative_speed,0.007126293726641541
random_forest,4,numeric__USM3_pose_global_log_dimensionless_jerk,0.0069947768865412825
random_forest,4,numeric__USM2_USM3_pose_global_both_idle_fraction,0.006924188273706791
random_forest,4,numeric__USM2_pose_global_raw_path_l2,0.006890172955004302
random_forest,4,numeric__USM0_pose_global_max_jerk_l2,0.006853249454998048
random_forest,4,numeric__USM0_pose_global_idle_threshold_relative,0.006633359854495538
random_forest,4,numeric__USM3_pose_global_rms_speed_l2,0.006597888771884288
random_forest,4,numeric__USM2_pose_global_idle_fraction_relative,0.006579215211302554
random_forest,4,numeric__USM2_pose_global_pause_fraction,0.006542120047182824
random_forest,4,numeric__USM0_pose_global_movement_economy,0.0064948775952143045
random_forest,4,numeric__USM0_USM3_pose_global_path_length_imbalance,0.006494676418050705
random_forest,4,numeric__active_pair_path_length_imbalance,0.006436778840292797
random_forest,4,numeric__active_pair_path_length_b_rel,0.006399275073789712
random_forest,4,numeric__USM2_pose_global_max_abs_angular_acceleration_rad_s2,0.0063971516512237835
random_forest,4,numeric__USM0_pose_global_idle_fraction_relative,0.006329614330423126
random_forest,4,numeric__USM2_pose_global_economy_area_xy,0.006295538969908662
random_forest,4,numeric__USM3_pose_global_max_angular_speed_rad_s,0.00623565465442559
random_forest,4,numeric__USM2_pose_global_path_l2,0.00620905669661162
random_forest,4,numeric__USM0_pose_global_rotation_path_radians,0.00596694341344629
random_forest,4,numeric__USM3_pose_global_economy_area_xy,0.005880206590647776
random_forest,4,numeric__USM2_pose_global_net_displacement_l2,0.005611032722347343
random_forest,4,numeric__USM0_pose_global_max_abs_angular_acceleration_rad_s2,0.0055646516877513605
random_forest,4,numeric__USM0_pose_global_pause_fraction,0.005551991061794139
random_forest,4,numeric__USM0_pose_global_max_angular_speed_rad_s,0.005473546112828395
random_forest,4,numeric__USM3_pose_global_max_abs_angular_acceleration_rad_s2,0.005344321254445801
random_forest,4,numeric__USM2_USM3_pose_global_simultaneous_active_fraction,0.005135057094869026
random_forest,4,numeric__USM3_pose_global_movement_economy,0.005102398419720019
random_forest,4,numeric__USM3_pose_global_idle_threshold_relative,0.0050870149243930005
random_forest,4,numeric__USM0_USM3_pose_global_simultaneous_active_fraction,0.005077752047004763
random_forest,4,numeric__USM3_pose_global_mean_speed_l2,0.004993805269707819
random_forest,4,numeric__USM2_pose_global_max_angular_speed_rad_s,0.004910262532545913
random_forest,4,numeric__USM0_pose_global_economy_volume,0.004746751355032164
random_forest,4,numeric__USM3_pose_global_economy_area_yz,0.004708294601248163
random_forest,4,numeric__USM0_USM3_pose_global_one_arm_only_active_fraction,0.004601412571264584
random_forest,4,numeric__USM0_USM2_pose_global_path_length_imbalance,0.004520263621970833
random_forest,4,numeric__USM0_USM3_pose_global_mean_distance_rel,0.0045153930882370595
random_forest,4,numeric__USM3_pose_global_mean_acceleration_l2,0.004488596382250496
random_forest,4,numeric__active_pair_one_arm_only_active_fraction,0.004470996554099982
random_forest,4,numeric__USM3_pose_global_net_displacement_l2,0.004459594791950294
random_forest,4,numeric__USM2_USM3_pose_global_one_arm_only_active_fraction,0.004397673360403476
random_forest,4,numeric__active_pair_both_idle_fraction,0.004298672396317999
random_forest,4,numeric__USM3_pose_global_x_range_m,0.004247869176191162
random_forest,4,numeric__USM2_USM3_pose_global_std_distance_rel,0.004157865650156996
random_forest,4,numeric__USM3_pose_global_max_jerk_l2,0.004136408861047684
random_forest,4,numeric__USM0_USM2_pose_global_one_arm_only_active_fraction,0.0041178815179745976
random_forest,4,numeric__USM2_pose_global_economy_volume,0.004046816438815739
random_forest,4,numeric__USM2_USM3_pose_global_path_length_imbalance,0.004034793340936537
random_forest,4,numeric__USM3_pose_global_max_acceleration_l2,0.0040104094195067665
random_forest,4,numeric__USM3_pose_global_y_range_m,0.0039361260154243015
random_forest,4,numeric__USM3_pose_global_jerk_cost,0.003932604789200615
random_forest,4,numeric__USM0_pose_global_economy_area_xy,0.003881306708296384
random_forest,4,numeric__USM2_USM3_pose_global_mean_distance_rel,0.003859473436677389
random_forest,4,numeric__USM3_pose_global_max_speed_l2,0.0037501393934587014
random_forest,4,numeric__USM3_pose_global_rotation_path_radians,0.003736078939480267
random_forest,4,numeric__USM3_pose_global_z_range_m,0.0037309053077602275
random_forest,4,numeric__USM0_USM3_pose_global_distance_range_rel,0.0036725454177097654
random_forest,4,numeric__USM2_pose_global_movement_economy,0.003666973037986932
random_forest,4,numeric__USM3_pose_global_mean_angular_speed_rad_s,0.00363943418055267
random_forest,4,numeric__USM3_pose_global_raw_path_l2,0.003611658340417929
random_forest,4,numeric__USM2_pose_global_rotation_path_radians,0.00360404698024297
random_forest,4,numeric__USM0_USM3_pose_global_std_distance_rel,0.003589967899960898
random_forest,4,numeric__USM2_pose_global_idle_threshold_relative,0.003581832013671641
random_forest,4,numeric__USM3_pose_global_workspace_box_volume_m3,0.003577348789509824
random_forest,4,numeric__USM2_pose_global_economy_area_xz,0.00354947399068207
random_forest,4,numeric__USM2_pose_global_x_range_m,0.003474997541608019
random_forest,4,numeric__USM2_pose_global_z_range_m,0.00336481079661809
random_forest,4,numeric__USM3_pose_global_economy_volume,0.003314210462449619
random_forest,4,numeric__USM0_USM2_pose_global_both_idle_fraction,0.003278114689680871
random_forest,4,numeric__USM0_pose_global_y_range_m,0.0032762277418998806
random_forest,4,numeric__USM2_pose_global_workspace_box_volume_m3,0.003221397380625259
random_forest,4,numeric__USM2_USM3_pose_global_distance_range_rel,0.003205391334411579
random_forest,4,numeric__USM3_pose_global_mean_abs_angular_acceleration_rad_s2,0.0031614567450705664
random_forest,4,numeric__USM2_pose_global_y_range_m,0.0031405361121092648
random_forest,4,numeric__USM0_pose_global_x_range_m,0.003113435643487087
random_forest,4,numeric__USM3_pose_global_economy_area_xz,0.0030193669792391124
random_forest,4,numeric__USM0_pose_global_economy_area_xz,0.0028013488174664703
random_forest,4,numeric__USM0_pose_global_z_range_m,0.0021374836608616635
random_forest,4,task__task_clean_suture,0.0018340018972113575
random_forest,4,numeric__USM0_pose_global_max_gap_seconds,0.0014921128557966506
random_forest,4,numeric__USM0_USM2_pose_global_alignment_coverage,0.0006221049356156695
random_forest,4,task__task_clean_camera_target,0.0005243949070217399
random_forest,4,task__task_clean_sea_spikes,0.0004900696333815862
random_forest,4,task__task_clean_glove_cut,0.0002606140495871154
random_forest,4,numeric__active_psm_count,0.00015834123647402774
random_forest,4,task__task_clean_ring_rollercoaster,0.00015612838180937552
random_forest,4,numeric__USM3_pose_global_active,0.00012891026803934808
random_forest,4,numeric__active_pair_usm_b,0.0001183666805877331
random_forest,4,numeric__USM0_pose_global_median_dt_seconds,0.0
random_forest,4,numeric__USM0_pose_global_active,0.0
random_forest,4,numeric__active_pair_usm_a,0.0
random_forest,5,numeric__USM2_pose_global_pause_duration_seconds,0.03820557626309669
random_forest,5,numeric__USM0_pose_global_n_samples,0.0378029004254603
random_forest,5,numeric__USM0_pose_global_rms_speed_l2,0.03159800614281183
random_forest,5,numeric__USM0_pose_global_pause_duration_seconds,0.030708127733247804
random_forest,5,numeric__USM3_pose_global_pause_duration_seconds,0.03019772640923577
random_forest,5,numeric__USM3_pose_global_pause_fraction,0.02250129406652375
random_forest,5,numeric__USM0_pose_global_mean_abs_angular_acceleration_rad_s2,0.022078475130896787
random_forest,5,numeric__USM2_pose_global_mean_abs_angular_acceleration_rad_s2,0.021754940688883465
random_forest,5,numeric__USM0_pose_global_log_dimensionless_jerk,0.02134770882520094
random_forest,5,numeric__USM0_pose_global_pause_count,0.02067304889171483
random_forest,5,numeric__USM0_pose_global_dimensionless_jerk,0.02060287816569053
random_forest,5,numeric__USM2_pose_global_mean_angular_speed_rad_s,0.020540915420132835
random_forest,5,numeric__USM2_pose_global_pause_count,0.02032058893742941
random_forest,5,numeric__USM0_pose_global_max_speed_l2,0.019703979785469186
random_forest,5,numeric__USM3_pose_global_idle_fraction_relative,0.017370077751738065
random_forest,5,numeric__USM2_pose_global_log_dimensionless_jerk,0.01734160342214989
random_forest,5,numeric__USM0_USM2_pose_global_simultaneous_active_fraction,0.01474953884087017
random_forest,5,numeric__USM3_pose_global_pause_count,0.01415217757328902
random_forest,5,numeric__active_pair_simultaneous_active_fraction,0.013863745807280073
random_forest,5,numeric__USM0_USM3_pose_global_path_length_imbalance,0.013589380171809792
random_forest,5,numeric__USM0_pose_global_mean_angular_speed_rad_s,0.013432332247161794
random_forest,5,numeric__USM0_USM3_pose_global_speed_correlation,0.012888550519167343
random_forest,5,numeric__USM0_pose_global_raw_path_l2,0.01198896387933568
random_forest,5,numeric__USM0_pose_global_max_jerk_l2,0.011850332407929565
random_forest,5,numeric__USM2_pose_global_dimensionless_jerk,0.010934793486827491
random_forest,5,numeric__USM2_USM3_pose_global_mean_distance_rel,0.010758898115593569
random_forest,5,numeric__USM0_pose_global_mean_speed_l2,0.010734166230313823
random_forest,5,numeric__USM2_pose_global_mean_speed_l2,0.010491805535970358
random_forest,5,numeric__USM2_USM3_pose_global_path_length_imbalance,0.010382452250873496
random_forest,5,numeric__USM2_pose_global_pause_fraction,0.009960337836053297
random_forest,5,numeric__USM3_pose_global_mean_angular_speed_rad_s,0.009162237479886386
random_forest,5,numeric__USM2_pose_global_idle_fraction_relative,0.008833787339013048
random_forest,5,numeric__USM2_USM3_pose_global_speed_correlation,0.008692209452257177
random_forest,5,numeric__USM3_pose_global_rotation_path_radians,0.008632696971879407
random_forest,5,numeric__USM0_USM3_pose_global_mean_distance_rel,0.008584097906184716
random_forest,5,numeric__USM2_pose_global_raw_path_l2,0.00829875660711073
random_forest,5,numeric__USM3_pose_global_idle_threshold_relative,0.008092554271247346
random_forest,5,numeric__active_pair_path_length_imbalance,0.007804094891629341
random_forest,5,numeric__USM0_USM3_pose_global_simultaneous_active_fraction,0.007757964357892328
random_forest,5,numeric__USM2_USM3_pose_global_distance_range_rel,0.007559625851640474
random_forest,5,numeric__USM3_pose_global_rms_speed_l2,0.00746286024159011
random_forest,5,numeric__USM0_pose_global_path_l2,0.0071374621947378715
random_forest,5,numeric__USM3_pose_global_mean_abs_angular_acceleration_rad_s2,0.007108749665760596
random_forest,5,numeric__USM2_USM3_pose_global_std_distance_rel,0.007107949334993776
random_forest,5,numeric__USM3_pose_global_mean_speed_l2,0.006827150002927443
random_forest,5,numeric__USM3_pose_global_max_speed_l2,0.006740306034076181
random_forest,5,numeric__USM0_USM3_pose_global_both_idle_fraction,0.006515655183992076
random_forest,5,numeric__USM2_USM3_pose_global_one_arm_only_active_fraction,0.006462250691171846
random_forest,5,numeric__USM0_USM3_pose_global_mean_abs_relative_speed,0.00640403643885272
random_forest,5,numeric__USM3_pose_global_max_angular_speed_rad_s,0.006288985828167431
random_forest,5,numeric__USM0_pose_global_rotation_path_radians,0.0062809033944088415
random_forest,5,numeric__USM0_pose_global_movement_economy,0.006221572745410128
random_forest,5,numeric__active_pair_both_idle_fraction,0.006114139478079142
random_forest,5,numeric__USM0_pose_global_net_displacement_l2,0.006039632239770732
random_forest,5,numeric__USM0_pose_global_idle_fraction_relative,0.006017378294562375
random_forest,5,numeric__USM0_pose_global_pause_fraction,0.005946181595223081
random_forest,5,numeric__USM3_pose_global_z_range_m,0.00591834117424842
random_forest,5,numeric__USM0_pose_global_economy_area_yz,0.005884197561355844
random_forest,5,numeric__USM3_pose_global_dimensionless_jerk,0.005852630236472992
random_forest,5,numeric__USM3_pose_global_economy_area_xy,0.005835259302886939
random_forest,5,numeric__active_pair_one_arm_only_active_fraction,0.0057883803012254
random_forest,5,numeric__active_pair_path_length_b_rel,0.005762119546644415
random_forest,5,numeric__USM2_pose_global_max_abs_angular_acceleration_rad_s2,0.0056478296887425995
random_forest,5,numeric__USM2_pose_global_max_angular_speed_rad_s,0.005629911558705614
random_forest,5,numeric__USM3_pose_global_max_acceleration_l2,0.005625822239654956
random_forest,5,numeric__all_psm_pose_global_path_total_m,0.005623780039714428
random_forest,5,numeric__USM0_pose_global_idle_threshold_relative,0.005380076301715813
random_forest,5,numeric__active_pair_speed_correlation,0.0053214255730391095
random_forest,5,numeric__USM2_USM3_pose_global_both_idle_fraction,0.005240239996824351
random_forest,5,numeric__USM2_pose_global_net_displacement_l2,0.005224396334132127
random_forest,5,numeric__USM0_USM3_pose_global_distance_range_rel,0.004939995639028553
random_forest,5,numeric__USM0_USM2_pose_global_path_length_imbalance,0.0048925472093386746
random_forest,5,numeric__USM2_USM3_pose_global_simultaneous_active_fraction,0.004890755654833013
random_forest,5,numeric__USM3_pose_global_x_range_m,0.004849178907480333
random_forest,5,numeric__USM2_pose_global_path_l2,0.00484732024653899
random_forest,5,numeric__USM0_pose_global_max_angular_speed_rad_s,0.004826313308393726
random_forest,5,numeric__USM3_pose_global_max_jerk_l2,0.004767190711183772
random_forest,5,numeric__USM3_pose_global_max_abs_angular_acceleration_rad_s2,0.004694808305165097
random_forest,5,numeric__USM3_pose_global_raw_path_l2,0.004663424885021961
random_forest,5,numeric__USM0_USM2_pose_global_one_arm_only_active_fraction,0.004654825287525942
random_forest,5,numeric__USM2_pose_global_movement_economy,0.004622927927578813
random_forest,5,numeric__USM3_pose_global_mean_acceleration_l2,0.004522536553914411
random_forest,5,numeric__USM3_pose_global_log_dimensionless_jerk,0.004502399307501832
random_forest,5,numeric__USM3_pose_global_y_range_m,0.00442620306096682
random_forest,5,numeric__USM0_USM3_pose_global_std_distance_rel,0.004373056548379879
random_forest,5,numeric__USM0_pose_global_max_abs_angular_acceleration_rad_s2,0.0043299272984865765
random_forest,5,numeric__USM0_USM3_pose_global_one_arm_only_active_fraction,0.004307547335513978
random_forest,5,numeric__USM2_pose_global_economy_area_yz,0.004296277368362646
random_forest,5,numeric__USM0_pose_global_economy_area_xz,0.004258325708174202
random_forest,5,numeric__USM3_pose_global_movement_economy,0.004257814323576206
random_forest,5,numeric__USM3_pose_global_economy_area_xz,0.004129166553590369
random_forest,5,numeric__USM2_pose_global_x_range_m,0.004099357003695982
random_forest,5,numeric__USM0_pose_global_economy_area_xy,0.00405104863721622
random_forest,5,numeric__USM3_pose_global_jerk_cost,0.0039030646275604354
random_forest,5,numeric__USM0_USM2_pose_global_speed_correlation,0.003889527243796844
random_forest,5,numeric__USM2_pose_global_idle_threshold_relative,0.003777189161585796
random_forest,5,numeric__USM2_pose_global_rotation_path_radians,0.003698190343127023
random_forest,5,numeric__USM0_USM2_pose_global_both_idle_fraction,0.0035865334218803616
random_forest,5,numeric__USM3_pose_global_workspace_box_volume_m3,0.0035656758685795762
random_forest,5,numeric__USM3_pose_global_economy_area_yz,0.003426399077011369
random_forest,5,numeric__USM2_pose_global_y_range_m,0.0033832275182410984
random_forest,5,numeric__USM0_pose_global_economy_volume,0.0033521568789779575
random_forest,5,numeric__USM2_pose_global_economy_area_xy,0.003294647040802002
random_forest,5,numeric__USM2_pose_global_economy_volume,0.0031077503947427856
random_forest,5,numeric__USM0_pose_global_z_range_m,0.0030961010584467257
random_forest,5,numeric__USM2_pose_global_workspace_box_volume_m3,0.003064770696368859
random_forest,5,numeric__USM0_pose_global_y_range_m,0.0030516650039304387
random_forest,5,numeric__USM0_pose_global_x_range_m,0.0030311239311717588
random_forest,5,numeric__USM3_pose_global_economy_volume,0.002692491519524969
random_forest,5,numeric__USM2_pose_global_economy_area_xz,0.002662942466994487
random_forest,5,numeric__USM3_pose_global_net_displacement_l2,0.0025055241561717694
random_forest,5,numeric__USM2_pose_global_z_range_m,0.002476054232941708
random_forest,5,numeric__USM0_pose_global_max_gap_seconds,0.001538397422243994
random_forest,5,task__task_clean_suture,0.0006453528600339687
random_forest,5,task__task_clean_sea_spikes,0.0006443852056129858
random_forest,5,numeric__USM0_USM2_pose_global_alignment_coverage,0.0005801257527560101
random_forest,5,numeric__USM3_pose_global_active,0.0004814554937211266
random_forest,5,numeric__active_psm_count,0.00042185164411146685
random_forest,5,task__task_clean_ring_rollercoaster,0.00028995147528144337
random_forest,5,task__task_clean_glove_cut,0.00019165238471779007
random_forest,5,task__task_clean_camera_target,8.58740282115492e-05
random_forest,5,numeric__USM0_pose_global_median_dt_seconds,0.0
random_forest,5,numeric__active_pair_usm_b,0.0
random_forest,5,numeric__active_pair_usm_a,0.0
extra_trees,1,numeric__USM2_pose_global_pause_duration_seconds,0.06082563807006697
extra_trees,1,numeric__USM0_pose_global_n_samples,0.05106728819570552
extra_trees,1,numeric__USM3_pose_global_pause_duration_seconds,0.04683480146623926
extra_trees,1,numeric__USM3_pose_global_pause_fraction,0.04463347332481596
extra_trees,1,numeric__USM2_pose_global_mean_abs_angular_acceleration_rad_s2,0.03317924332727242
extra_trees,1,numeric__USM0_pose_global_pause_duration_seconds,0.03293849582185655
extra_trees,1,numeric__USM2_pose_global_mean_angular_speed_rad_s,0.02882979015076158
extra_trees,1,numeric__USM2_pose_global_mean_acceleration_l2,0.02708862293785215
extra_trees,1,numeric__USM3_pose_global_idle_fraction_relative,0.021255844724411263
extra_trees,1,numeric__USM0_pose_global_mean_acceleration_l2,0.015533627373565546
extra_trees,1,numeric__USM0_pose_global_raw_path_l2,0.015058964331115388
extra_trees,1,numeric__USM0_USM3_pose_global_path_length_imbalance,0.014440535671599935
extra_trees,1,numeric__USM0_pose_global_pause_count,0.01340616247033164
extra_trees,1,numeric__USM0_USM2_pose_global_simultaneous_active_fraction,0.01284050165765895
extra_trees,1,numeric__USM2_pose_global_log_dimensionless_jerk,0.012503867577388982
extra_trees,1,numeric__USM2_pose_global_pause_count,0.011812637907613971
extra_trees,1,numeric__USM0_pose_global_rms_speed_l2,0.011666380924097422
extra_trees,1,numeric__USM2_pose_global_mean_speed_l2,0.011479340218778887
extra_trees,1,numeric__active_pair_simultaneous_active_fraction,0.011364584527117192
extra_trees,1,numeric__USM2_USM3_pose_global_mean_abs_relative_speed,0.010688954963316726
extra_trees,1,task__task_clean_suture,0.009824901409286541
extra_trees,1,numeric__USM2_USM3_pose_global_simultaneous_active_fraction,0.009807862368529303
extra_trees,1,numeric__USM2_pose_global_raw_path_l2,0.009614750727952738
extra_trees,1,numeric__all_psm_pose_global_path_total_m,0.009276986974253788
extra_trees,1,numeric__USM3_pose_global_rms_speed_l2,0.00889493450890674
extra_trees,1,numeric__USM0_USM3_pose_global_simultaneous_active_fraction,0.008861751872360818
extra_trees,1,numeric__USM0_pose_global_max_speed_l2,0.00878600614445185
extra_trees,1,numeric__active_pair_path_length_b_rel,0.008588979881581199
extra_trees,1,numeric__USM3_pose_global_pause_count,0.008544243755051868
extra_trees,1,numeric__USM0_pose_global_mean_abs_angular_acceleration_rad_s2,0.008411221556440727
extra_trees,1,numeric__USM3_pose_global_economy_area_xy,0.008229688847294072
extra_trees,1,numeric__USM2_USM3_pose_global_path_length_imbalance,0.008047791302340868
extra_trees,1,numeric__USM3_pose_global_idle_threshold_relative,0.007835448003166956
extra_trees,1,numeric__USM0_USM2_pose_global_std_distance_rel,0.007803563537349187
extra_trees,1,numeric__USM2_pose_global_pause_fraction,0.0077860141949015835
extra_trees,1,numeric__USM0_pose_global_mean_angular_speed_rad_s,0.0077557177305420805
extra_trees,1,numeric__active_pair_mean_distance_rel,0.00766900156616557
extra_trees,1,numeric__USM0_USM3_pose_global_both_idle_fraction,0.007653528242729173
extra_trees,1,numeric__USM0_pose_global_log_dimensionless_jerk,0.0073368875898067705
extra_trees,1,numeric__USM2_USM3_pose_global_speed_correlation,0.007309830827704623
extra_trees,1,numeric__USM2_USM3_pose_global_std_distance_rel,0.007183733952503362
extra_trees,1,numeric__USM0_USM3_pose_global_speed_correlation,0.007001775473357655
extra_trees,1,numeric__USM0_pose_global_movement_economy,0.006739397636206587
extra_trees,1,numeric__USM3_pose_global_mean_speed_l2,0.006668222354396993
extra_trees,1,numeric__USM2_USM3_pose_global_distance_range_rel,0.006636678264210172
extra_trees,1,numeric__USM0_USM3_pose_global_mean_abs_relative_speed,0.006541685305045948
extra_trees,1,numeric__USM2_USM3_pose_global_mean_distance_rel,0.006498590419290953
extra_trees,1,numeric__USM0_USM3_pose_global_mean_distance_rel,0.006314794609530884
extra_trees,1,numeric__USM2_pose_global_max_angular_speed_rad_s,0.006290235501237645
extra_trees,1,numeric__USM0_USM2_pose_global_speed_correlation,0.0060968241902972795
extra_trees,1,numeric__USM3_pose_global_movement_economy,0.006089568800647623
extra_trees,1,numeric__USM2_pose_global_idle_fraction_relative,0.005762217813137457
extra_trees,1,numeric__USM2_pose_global_dimensionless_jerk,0.005666442620027707
extra_trees,1,numeric__USM2_pose_global_max_abs_angular_acceleration_rad_s2,0.005643983167023969
extra_trees,1,numeric__USM0_pose_global_mean_speed_l2,0.005588753362447511
extra_trees,1,numeric__USM3_pose_global_z_range_m,0.005540185303641036
extra_trees,1,numeric__USM2_USM3_pose_global_both_idle_fraction,0.005501973204676966
extra_trees,1,numeric__active_pair_one_arm_only_active_fraction,0.005464883745044701
extra_trees,1,numeric__USM3_pose_global_log_dimensionless_jerk,0.005421795130050292
extra_trees,1,numeric__USM0_USM3_pose_global_distance_range_rel,0.0052891761526863285
extra_trees,1,numeric__USM3_pose_global_dimensionless_jerk,0.005267653230272083
extra_trees,1,numeric__active_pair_speed_correlation,0.005165207613366681
extra_trees,1,numeric__USM0_pose_global_idle_fraction_relative,0.005147757682981059
extra_trees,1,numeric__USM2_pose_global_y_range_m,0.00513627882762692
extra_trees,1,numeric__USM2_pose_global_idle_threshold_relative,0.005113075396095576
extra_trees,1,numeric__USM0_USM2_pose_global_alignment_coverage,0.005106845026473205
extra_trees,1,numeric__USM3_pose_global_max_speed_l2,0.005103009589895766
extra_trees,1,numeric__USM2_pose_global_economy_area_yz,0.0050995381901750335
extra_trees,1,numeric__USM2_pose_global_rotation_path_radians,0.005009873166130873
extra_trees,1,numeric__USM0_pose_global_max_gap_seconds,0.004955245015088082
extra_trees,1,numeric__USM0_pose_global_net_displacement_l2,0.004951230414615785
extra_trees,1,numeric__USM2_pose_global_movement_economy,0.004670583250912619
extra_trees,1,numeric__USM0_USM3_pose_global_one_arm_only_active_fraction,0.004651686161621458
extra_trees,1,numeric__USM0_pose_global_idle_threshold_relative,0.0045504131276808395
extra_trees,1,numeric__USM3_pose_global_max_acceleration_l2,0.004550237586042032
extra_trees,1,numeric__USM0_pose_global_economy_area_yz,0.0045462459040167096
extra_trees,1,numeric__USM3_pose_global_raw_path_l2,0.004509358415027182
extra_trees,1,numeric__USM2_USM3_pose_global_one_arm_only_active_fraction,0.0044698218694326115
extra_trees,1,numeric__USM0_USM3_pose_global_std_distance_rel,0.004418223859096316
extra_trees,1,numeric__USM0_USM2_pose_global_one_arm_only_active_fraction,0.004403644466076475
extra_trees,1,numeric__USM3_pose_global_max_jerk_l2,0.004346490959270722
extra_trees,1,numeric__USM0_pose_global_rotation_path_radians,0.004247780427159485
extra_trees,1,numeric__active_pair_path_length_imbalance,0.004227638178269216
extra_trees,1,numeric__USM0_pose_global_economy_area_xy,0.004180699151279943
extra_trees,1,numeric__USM3_pose_global_economy_area_yz,0.004173381327380996
extra_trees,1,numeric__USM0_pose_global_y_range_m,0.003946298555819992
extra_trees,1,numeric__USM0_pose_global_max_abs_angular_acceleration_rad_s2,0.0039304950071379656
extra_trees,1,numeric__USM0_pose_global_pause_fraction,0.003865985435549727
extra_trees,1,numeric__USM3_pose_global_y_range_m,0.0038595794198998416
extra_trees,1,numeric__USM3_pose_global_economy_volume,0.0036500686747972834
extra_trees,1,numeric__USM0_pose_global_max_angular_speed_rad_s,0.0036386400725335597
extra_trees,1,numeric__USM0_USM2_pose_global_both_idle_fraction,0.0035814404495719734
extra_trees,1,numeric__USM0_USM2_pose_global_mean_abs_relative_speed,0.0035451038429911885
extra_trees,1,task__task_clean_ring_rollercoaster,0.0033183249430552572
extra_trees,1,numeric__USM0_pose_global_economy_volume,0.003313050285036655
extra_trees,1,numeric__USM3_pose_global_net_displacement_l2,0.0033068549390939356
extra_trees,1,numeric__USM0_pose_global_x_range_m,0.003272100696339457
extra_trees,1,numeric__USM0_pose_global_z_range_m,0.003248407446617535
extra_trees,1,numeric__USM2_pose_global_z_range_m,0.0032257462553161105
extra_trees,1,numeric__USM2_pose_global_x_range_m,0.0032236241375127243
extra_trees,1,numeric__USM3_pose_global_max_abs_angular_acceleration_rad_s2,0.0031795082384375433
extra_trees,1,numeric__USM0_USM2_pose_global_path_length_imbalance,0.0031299653651090356
extra_trees,1,numeric__USM3_pose_global_active,0.0030553049252502545
extra_trees,1,numeric__USM0_pose_global_dimensionless_jerk,0.003025068912979488
extra_trees,1,numeric__USM3_pose_global_economy_area_xz,0.003015625467751366
extra_trees,1,numeric__USM3_pose_global_jerk_cost,0.002841689884394138
extra_trees,1,numeric__USM2_pose_global_economy_area_xy,0.002832264162947792
extra_trees,1,numeric__USM2_pose_global_economy_volume,0.0028295234407932856
extra_trees,1,numeric__USM2_pose_global_economy_area_xz,0.0027189258079268748
extra_trees,1,task__task_clean_glove_cut,0.002530185727498491
extra_trees,1,numeric__USM3_pose_global_mean_angular_speed_rad_s,0.0025066927086386235
extra_trees,1,numeric__active_psm_count,0.002475137668386249
extra_trees,1,numeric__USM3_pose_global_max_angular_speed_rad_s,0.002428900473360441
extra_trees,1,numeric__USM0_pose_global_economy_area_xz,0.0023973565410352377
extra_trees,1,task__task_clean_sea_spikes,0.002315729411759262
extra_trees,1,numeric__USM3_pose_global_rotation_path_radians,0.0021805987958511256
extra_trees,1,numeric__USM3_pose_global_workspace_box_volume_m3,0.0020639050110627397
extra_trees,1,numeric__USM3_pose_global_mean_abs_angular_acceleration_rad_s2,0.001859770696132027
extra_trees,1,task__task_clean_camera_target,0.0017674024439179
extra_trees,1,numeric__USM3_pose_global_x_range_m,0.0016831900516928705
extra_trees,1,numeric__active_pair_usm_a,0.0004963877491439044
extra_trees,1,numeric__active_pair_usm_b,0.00023571153455862945
extra_trees,1,numeric__USM0_pose_global_active,7.473229626804042e-05
extra_trees,1,numeric__USM0_pose_global_median_dt_seconds,0.0
extra_trees,2,numeric__USM0_pose_global_n_samples,0.06479865028005728
extra_trees,2,numeric__USM2_pose_global_pause_duration_seconds,0.057835764573795474
extra_trees,2,numeric__USM3_pose_global_pause_duration_seconds,0.05424387907071969
extra_trees,2,numeric__USM0_pose_global_pause_duration_seconds,0.051720628072099456
extra_trees,2,numeric__USM2_pose_global_mean_abs_angular_acceleration_rad_s2,0.03197054281829861
extra_trees,2,numeric__USM0_pose_global_log_dimensionless_jerk,0.030323528472601297
extra_trees,2,numeric__USM2_pose_global_mean_angular_speed_rad_s,0.027944531787553236
extra_trees,2,numeric__USM2_pose_global_log_dimensionless_jerk,0.026171490417765023
extra_trees,2,numeric__USM3_pose_global_pause_fraction,0.026061644718092164
extra_trees,2,numeric__USM0_pose_global_pause_count,0.0228261028714092
extra_trees,2,numeric__USM2_pose_global_pause_count,0.020875302777241297
extra_trees,2,numeric__active_pair_simultaneous_active_fraction,0.019786278010250347
extra_trees,2,numeric__USM0_pose_global_rms_speed_l2,0.018570135496253193
extra_trees,2,numeric__USM0_pose_global_mean_abs_angular_acceleration_rad_s2,0.01756149987882866
extra_trees,2,numeric__USM3_pose_global_idle_fraction_relative,0.014278507336629989
extra_trees,2,numeric__active_pair_path_length_imbalance,0.013100122470523048
extra_trees,2,numeric__USM0_pose_global_max_speed_l2,0.012740980882840699
extra_trees,2,numeric__USM0_USM3_pose_global_simultaneous_active_fraction,0.012399267349530682
extra_trees,2,numeric__USM2_USM3_pose_global_speed_correlation,0.01202719951447052
extra_trees,2,numeric__USM0_pose_global_mean_speed_l2,0.010831347732873246
extra_trees,2,task__task_clean_suture,0.010801028829639443
extra_trees,2,numeric__USM0_pose_global_max_jerk_l2,0.010304763670240044
extra_trees,2,numeric__USM0_USM2_pose_global_simultaneous_active_fraction,0.010247774089047142
extra_trees,2,numeric__USM2_pose_global_dimensionless_jerk,0.009525171642950067
extra_trees,2,numeric__USM0_pose_global_movement_economy,0.009358575300239399
extra_trees,2,numeric__USM0_USM3_pose_global_path_length_imbalance,0.009355013231725714
extra_trees,2,numeric__USM2_USM3_pose_global_distance_range_rel,0.009259195423434128
extra_trees,2,numeric__USM3_pose_global_pause_count,0.008783430576407193
extra_trees,2,numeric__active_pair_one_arm_only_active_fraction,0.008192884703060519
extra_trees,2,numeric__USM2_pose_global_mean_speed_l2,0.008166934830034897
extra_trees,2,numeric__USM3_pose_global_economy_area_xy,0.008116819842614306
extra_trees,2,numeric__USM2_USM3_pose_global_path_length_imbalance,0.007387737574107724
extra_trees,2,numeric__USM2_pose_global_max_abs_angular_acceleration_rad_s2,0.007312016404674782
extra_trees,2,numeric__USM0_pose_global_dimensionless_jerk,0.007196366973606735
extra_trees,2,numeric__USM3_pose_global_log_dimensionless_jerk,0.007092646408325127
extra_trees,2,numeric__USM2_pose_global_max_angular_speed_rad_s,0.00687456783860447
extra_trees,2,numeric__USM0_USM3_pose_global_mean_abs_relative_speed,0.006749517350803997
extra_trees,2,numeric__USM3_pose_global_rms_speed_l2,0.006708782083917541
extra_trees,2,numeric__USM0_pose_global_idle_threshold_relative,0.006495755404983612
extra_trees,2,numeric__USM0_USM3_pose_global_both_idle_fraction,0.006306115996650162
extra_trees,2,numeric__USM0_pose_global_mean_angular_speed_rad_s,0.006239295750721984
extra_trees,2,numeric__USM0_pose_global_raw_path_l2,0.006149771307925898
extra_trees,2,numeric__USM2_pose_global_idle_fraction_relative,0.005914871108155174
extra_trees,2,numeric__USM3_pose_global_y_range_m,0.00584669930331158
extra_trees,2,numeric__USM0_USM2_pose_global_one_arm_only_active_fraction,0.00577427747807966
extra_trees,2,numeric__USM2_USM3_pose_global_simultaneous_active_fraction,0.005740104457378717
extra_trees,2,numeric__USM0_USM2_pose_global_path_length_imbalance,0.005718664826820607
extra_trees,2,numeric__USM2_USM3_pose_global_one_arm_only_active_fraction,0.005578368826075005
extra_trees,2,numeric__USM0_pose_global_pause_fraction,0.005355141140513878
extra_trees,2,numeric__USM0_pose_global_idle_fraction_relative,0.005306977066846015
extra_trees,2,numeric__USM2_USM3_pose_global_std_distance_rel,0.005292871766572981
extra_trees,2,numeric__USM3_pose_global_mean_speed_l2,0.005232903860331119
extra_trees,2,numeric__USM2_pose_global_movement_economy,0.005135327681353379
extra_trees,2,numeric__USM0_pose_global_net_displacement_l2,0.0051057432804836635
extra_trees,2,numeric__USM0_USM3_pose_global_mean_distance_rel,0.004959173085562155
extra_trees,2,numeric__USM2_pose_global_rotation_path_radians,0.004904440928777731
extra_trees,2,numeric__USM0_USM3_pose_global_speed_correlation,0.0048535750184215114
extra_trees,2,numeric__USM0_pose_global_economy_area_yz,0.0047900342797799105
extra_trees,2,numeric__USM0_pose_global_rotation_path_radians,0.004694081419519701
extra_trees,2,numeric__USM3_pose_global_mean_acceleration_l2,0.004463615973969367
extra_trees,2,numeric__USM0_pose_global_max_angular_speed_rad_s,0.004411372838130211
extra_trees,2,numeric__USM3_pose_global_active,0.0044063259898465875
extra_trees,2,numeric__USM2_USM3_pose_global_mean_distance_rel,0.004336599419256503
extra_trees,2,numeric__USM3_pose_global_movement_economy,0.0043331866558211
extra_trees,2,numeric__USM2_pose_global_z_range_m,0.004218504082628044
extra_trees,2,numeric__USM2_pose_global_raw_path_l2,0.004191052492116709
extra_trees,2,numeric__USM3_pose_global_idle_threshold_relative,0.004184497432117578
extra_trees,2,numeric__all_psm_pose_global_path_total_m,0.0041788063700435455
extra_trees,2,task__task_clean_camera_target,0.004154166581806026
extra_trees,2,numeric__USM3_pose_global_z_range_m,0.004153902179020366
extra_trees,2,numeric__USM2_pose_global_y_range_m,0.004103898060848114
extra_trees,2,numeric__USM0_pose_global_path_l2,0.0040962178625107565
extra_trees,2,numeric__USM0_USM3_pose_global_distance_range_rel,0.004041600477395709
extra_trees,2,numeric__USM0_USM3_pose_global_one_arm_only_active_fraction,0.004004052266895864
extra_trees,2,numeric__USM2_pose_global_idle_threshold_relative,0.003989639583775438
extra_trees,2,numeric__USM2_pose_global_economy_volume,0.0037936787071529364
extra_trees,2,numeric__USM2_pose_global_economy_area_yz,0.003704895658813392
extra_trees,2,numeric__USM0_pose_global_max_gap_seconds,0.0036825499703370904
extra_trees,2,numeric__USM0_USM2_pose_global_both_idle_fraction,0.0036797828024508626
extra_trees,2,numeric__USM0_pose_global_economy_area_xy,0.0036417023130866084
extra_trees,2,numeric__USM3_pose_global_max_acceleration_l2,0.0036340195088011133
extra_trees,2,numeric__USM2_pose_global_economy_area_xz,0.0036243788869960163
extra_trees,2,numeric__active_pair_speed_correlation,0.003606694826770206
extra_trees,2,task__task_clean_sea_spikes,0.0035517996261902204
extra_trees,2,numeric__USM0_USM3_pose_global_std_distance_rel,0.003513845081465049
extra_trees,2,numeric__USM0_USM2_pose_global_speed_correlation,0.003494543244818534
extra_trees,2,numeric__USM3_pose_global_economy_area_yz,0.0034102492982452737
extra_trees,2,numeric__USM2_pose_global_path_l2,0.0033236348079917545
extra_trees,2,numeric__USM0_pose_global_economy_volume,0.003278686211311482
extra_trees,2,numeric__USM0_pose_global_y_range_m,0.003232472219964287
extra_trees,2,numeric__USM2_pose_global_x_range_m,0.003194983818331487
extra_trees,2,task__task_clean_glove_cut,0.003193952390516616
extra_trees,2,numeric__USM3_pose_global_raw_path_l2,0.0031828900065613407
extra_trees,2,numeric__USM0_pose_global_max_abs_angular_acceleration_rad_s2,0.0031307728089869763
extra_trees,2,numeric__USM2_pose_global_economy_area_xy,0.003129677466582911
extra_trees,2,numeric__USM3_pose_global_net_displacement_l2,0.0030614138060523995
extra_trees,2,numeric__USM3_pose_global_max_speed_l2,0.003052505330438028
extra_trees,2,numeric__USM2_USM3_pose_global_both_idle_fraction,0.0029816491089163
extra_trees,2,numeric__USM0_pose_global_economy_area_xz,0.0029560263115169494
extra_trees,2,numeric__active_pair_both_idle_fraction,0.002942071594777823
extra_trees,2,numeric__USM3_pose_global_economy_volume,0.0029237170581153456
extra_trees,2,numeric__USM0_pose_global_x_range_m,0.0028957326607289722
extra_trees,2,numeric__USM3_pose_global_dimensionless_jerk,0.0028906519775054092
extra_trees,2,numeric__active_pair_path_length_b_rel,0.002815925612573288
extra_trees,2,task__task_clean_ring_rollercoaster,0.002712802047100561
extra_trees,2,numeric__USM0_USM2_pose_global_alignment_coverage,0.0027109042061972577
extra_trees,2,numeric__USM3_pose_global_mean_angular_speed_rad_s,0.002612283578178055
extra_trees,2,numeric__USM3_pose_global_x_range_m,0.0023875535820459914
extra_trees,2,numeric__USM3_pose_global_max_angular_speed_rad_s,0.0023701416752820678
extra_trees,2,numeric__USM3_pose_global_economy_area_xz,0.0023278697567672567
extra_trees,2,numeric__USM3_pose_global_jerk_cost,0.0022765155855424294
extra_trees,2,numeric__USM3_pose_global_max_jerk_l2,0.0021605154487366637
extra_trees,2,numeric__USM3_pose_global_mean_abs_angular_acceleration_rad_s2,0.002146942200561976
extra_trees,2,numeric__USM3_pose_global_rotation_path_radians,0.0017966614664278045
extra_trees,2,numeric__active_pair_usm_b,0.000810643777448688
extra_trees,2,numeric__USM0_pose_global_median_dt_seconds,0.0
extra_trees,2,numeric__USM0_pose_global_active,0.0
extra_trees,2,numeric__active_pair_usm_a,0.0
extra_trees,3,numeric__USM0_pose_global_n_samples,0.03463082618116417
extra_trees,3,numeric__USM2_pose_global_pause_duration_seconds,0.032383017424973716
extra_trees,3,numeric__USM0_pose_global_pause_duration_seconds,0.026033272235764276
extra_trees,3,numeric__USM3_pose_global_pause_duration_seconds,0.025612604012266997
extra_trees,3,numeric__active_pair_simultaneous_active_fraction,0.023137217278685156
extra_trees,3,numeric__USM2_pose_global_pause_count,0.017686711044527747
extra_trees,3,numeric__USM0_USM2_pose_global_simultaneous_active_fraction,0.01740571898768889
extra_trees,3,numeric__USM2_pose_global_dimensionless_jerk,0.017002504882339852
extra_trees,3,numeric__USM0_pose_global_pause_count,0.016849457594735384
extra_trees,3,numeric__USM3_pose_global_pause_count,0.015956298719001477
extra_trees,3,numeric__USM0_USM3_pose_global_simultaneous_active_fraction,0.01572267633036718
extra_trees,3,numeric__USM2_pose_global_log_dimensionless_jerk,0.015151135216364995
extra_trees,3,numeric__USM0_pose_global_mean_angular_speed_rad_s,0.014658489735140348
extra_trees,3,numeric__USM0_pose_global_rms_speed_l2,0.014475821675833708
extra_trees,3,numeric__USM2_pose_global_mean_angular_speed_rad_s,0.014297647188047099
extra_trees,3,numeric__USM0_pose_global_log_dimensionless_jerk,0.014194270299297937
extra_trees,3,numeric__USM3_pose_global_idle_fraction_relative,0.012935060403901931
extra_trees,3,numeric__USM0_USM3_pose_global_both_idle_fraction,0.01251282767935312
extra_trees,3,numeric__USM0_pose_global_idle_threshold_relative,0.012118252609807534
extra_trees,3,numeric__USM2_pose_global_mean_abs_angular_acceleration_rad_s2,0.011457252869368247
extra_trees,3,numeric__USM3_pose_global_pause_fraction,0.010680816800690215
extra_trees,3,numeric__USM2_USM3_pose_global_simultaneous_active_fraction,0.010558969485846365
extra_trees,3,numeric__USM0_pose_global_mean_speed_l2,0.010187513924622594
extra_trees,3,numeric__USM0_pose_global_raw_path_l2,0.010060382931167518
extra_trees,3,numeric__USM0_USM3_pose_global_path_length_imbalance,0.010011694201412928
extra_trees,3,numeric__USM2_pose_global_mean_speed_l2,0.009995048874421765
extra_trees,3,numeric__USM3_pose_global_log_dimensionless_jerk,0.009955587541985783
extra_trees,3,numeric__USM0_pose_global_mean_abs_angular_acceleration_rad_s2,0.00982871173185346
extra_trees,3,task__task_clean_suture,0.009631298443045685
extra_trees,3,numeric__USM0_pose_global_dimensionless_jerk,0.009338246605662749
extra_trees,3,numeric__USM0_pose_global_max_speed_l2,0.009196676813089034
extra_trees,3,numeric__USM0_USM3_pose_global_mean_abs_relative_speed,0.00910566691663936
extra_trees,3,numeric__USM0_pose_global_path_l2,0.008976051297064773
extra_trees,3,numeric__USM2_pose_global_pause_fraction,0.008950456131867547
extra_trees,3,numeric__USM2_USM3_pose_global_speed_correlation,0.008770407724504338
extra_trees,3,numeric__USM0_pose_global_rotation_path_radians,0.008733364996549439
extra_trees,3,numeric__USM2_pose_global_rotation_path_radians,0.008685525061486586
extra_trees,3,numeric__USM2_USM3_pose_global_one_arm_only_active_fraction,0.008578089170981459
extra_trees,3,numeric__active_pair_speed_correlation,0.008423234925130033
extra_trees,3,numeric__USM2_pose_global_idle_fraction_relative,0.007909595567120094
extra_trees,3,numeric__USM2_pose_global_path_l2,0.0078475726905276
extra_trees,3,numeric__all_psm_pose_global_path_total_m,0.007781427499958351
extra_trees,3,numeric__USM3_pose_global_rms_speed_l2,0.007739013324478079
extra_trees,3,numeric__USM2_USM3_pose_global_both_idle_fraction,0.007718467035089179
extra_trees,3,numeric__USM2_USM3_pose_global_mean_distance_rel,0.007697986054213891
extra_trees,3,numeric__USM3_pose_global_z_range_m,0.007625562318226617
extra_trees,3,numeric__USM0_pose_global_idle_fraction_relative,0.007547228411541382
extra_trees,3,numeric__USM2_pose_global_raw_path_l2,0.007510011804079845
extra_trees,3,numeric__USM3_pose_global_idle_threshold_relative,0.00749414285337313
extra_trees,3,numeric__USM0_USM3_pose_global_mean_distance_rel,0.007419432560785625
extra_trees,3,numeric__USM0_USM2_pose_global_speed_correlation,0.007336056839406979
extra_trees,3,numeric__USM3_pose_global_mean_angular_speed_rad_s,0.007212767924537027
extra_trees,3,numeric__active_pair_one_arm_only_active_fraction,0.00719024240764509
extra_trees,3,numeric__USM3_pose_global_economy_area_xy,0.007105566317918043
extra_trees,3,numeric__USM2_pose_global_idle_threshold_relative,0.0069143606764656695
extra_trees,3,numeric__USM3_pose_global_max_acceleration_l2,0.006858279726544574
extra_trees,3,numeric__USM3_pose_global_mean_speed_l2,0.0068341756055636926
extra_trees,3,numeric__USM2_pose_global_max_angular_speed_rad_s,0.006804054589261297
extra_trees,3,numeric__USM3_pose_global_mean_acceleration_l2,0.006746605527567661
extra_trees,3,numeric__USM0_pose_global_pause_fraction,0.006649408479496145
extra_trees,3,numeric__USM3_pose_global_active,0.0066437720361658984
extra_trees,3,numeric__active_pair_path_length_b_rel,0.006587351936553775
extra_trees,3,numeric__USM0_USM3_pose_global_one_arm_only_active_fraction,0.006526600987225629
extra_trees,3,numeric__USM2_USM3_pose_global_distance_range_rel,0.00648141282198493
extra_trees,3,numeric__active_pair_path_length_imbalance,0.006402554394850086
extra_trees,3,numeric__USM2_USM3_pose_global_std_distance_rel,0.006247772515680113
extra_trees,3,numeric__USM0_USM3_pose_global_speed_correlation,0.006104878652496176
extra_trees,3,numeric__USM0_pose_global_economy_area_xy,0.006074371572572229
extra_trees,3,numeric__USM2_pose_global_economy_area_yz,0.006018931979039675
extra_trees,3,numeric__active_pair_both_idle_fraction,0.005964943483719378
extra_trees,3,numeric__USM0_USM2_pose_global_both_idle_fraction,0.005946101084089568
extra_trees,3,numeric__USM0_pose_global_max_jerk_l2,0.005845570654925662
extra_trees,3,numeric__USM3_pose_global_mean_abs_angular_acceleration_rad_s2,0.005825317336601459
extra_trees,3,numeric__USM0_pose_global_economy_area_yz,0.005720350512342001
extra_trees,3,numeric__USM2_pose_global_max_abs_angular_acceleration_rad_s2,0.005697128317679204
extra_trees,3,numeric__USM0_pose_global_economy_volume,0.005650667566992765
extra_trees,3,numeric__USM3_pose_global_raw_path_l2,0.005646444376056055
extra_trees,3,numeric__USM3_pose_global_y_range_m,0.005612681120534075
extra_trees,3,numeric__USM0_USM2_pose_global_one_arm_only_active_fraction,0.005595786812780017
extra_trees,3,numeric__USM2_pose_global_economy_volume,0.005578961790154168
extra_trees,3,numeric__USM2_USM3_pose_global_path_length_imbalance,0.005557834020807375
extra_trees,3,numeric__USM3_pose_global_dimensionless_jerk,0.005548823213105132
extra_trees,3,numeric__USM3_pose_global_max_speed_l2,0.0055449324667740454
extra_trees,3,numeric__USM3_pose_global_max_jerk_l2,0.005396657568957076
extra_trees,3,numeric__active_psm_count,0.005238552722719434
extra_trees,3,numeric__USM0_USM2_pose_global_path_length_imbalance,0.005162104785029643
extra_trees,3,numeric__USM3_pose_global_economy_area_yz,0.004995283323546413
extra_trees,3,numeric__USM3_pose_global_rotation_path_radians,0.004944927863384435
extra_trees,3,numeric__USM3_pose_global_economy_area_xz,0.004926843245955331
extra_trees,3,numeric__USM0_USM3_pose_global_distance_range_rel,0.00487428881326114
extra_trees,3,numeric__USM3_pose_global_economy_volume,0.00486594588357936
extra_trees,3,numeric__USM0_pose_global_economy_area_xz,0.004813292837582067
extra_trees,3,numeric__USM2_pose_global_net_displacement_l2,0.0047782060419468055
extra_trees,3,numeric__USM0_pose_global_max_abs_angular_acceleration_rad_s2,0.004774525812436622
extra_trees,3,numeric__USM0_USM3_pose_global_std_distance_rel,0.004733501380613183
extra_trees,3,numeric__USM2_pose_global_z_range_m,0.004664365125704491
extra_trees,3,numeric__USM3_pose_global_net_displacement_l2,0.004574617850516773
extra_trees,3,numeric__USM0_pose_global_movement_economy,0.00454296594362314
extra_trees,3,numeric__USM0_pose_global_net_displacement_l2,0.004486483128859308
extra_trees,3,numeric__USM2_pose_global_economy_area_xy,0.004411118232148743
extra_trees,3,numeric__USM0_pose_global_x_range_m,0.004400155138163772
extra_trees,3,numeric__USM2_pose_global_economy_area_xz,0.004352790219709877
extra_trees,3,numeric__USM3_pose_global_max_angular_speed_rad_s,0.004262950821733028
extra_trees,3,numeric__USM2_pose_global_y_range_m,0.00426029622442837
extra_trees,3,numeric__USM2_pose_global_movement_economy,0.004220489551611459
extra_trees,3,numeric__USM3_pose_global_movement_economy,0.004129185913689263
extra_trees,3,numeric__USM0_pose_global_z_range_m,0.00409948712499077
extra_trees,3,numeric__USM2_pose_global_workspace_box_volume_m3,0.004023072250332204
extra_trees,3,numeric__USM2_pose_global_x_range_m,0.004008629485970296
extra_trees,3,numeric__USM3_pose_global_workspace_box_volume_m3,0.003955719740155934
extra_trees,3,numeric__USM3_pose_global_jerk_cost,0.003942564237296509
extra_trees,3,numeric__USM0_pose_global_max_angular_speed_rad_s,0.003934119345771591
extra_trees,3,numeric__USM0_pose_global_max_gap_seconds,0.003928892227641827
extra_trees,3,numeric__USM3_pose_global_max_abs_angular_acceleration_rad_s2,0.0038306600066279903
extra_trees,3,numeric__USM3_pose_global_x_range_m,0.0037941198488519626
extra_trees,3,task__task_clean_sea_spikes,0.003669884468090805
extra_trees,3,numeric__USM0_USM2_pose_global_alignment_coverage,0.0034727106979695463
extra_trees,3,task__task_clean_camera_target,0.0034291014544426002
extra_trees,3,numeric__USM0_pose_global_y_range_m,0.0031749105616155427
extra_trees,3,task__task_clean_glove_cut,0.003135269537343724
extra_trees,3,task__task_clean_ring_rollercoaster,0.0028983001558096117
extra_trees,3,numeric__active_pair_usm_b,0.0016138783037220523
extra_trees,3,numeric__active_pair_usm_a,0.0004005373482457988
extra_trees,3,numeric__USM0_pose_global_active,0.00022464096234059807
extra_trees,3,numeric__USM0_pose_global_median_dt_seconds,0.0
extra_trees,4,numeric__USM0_pose_global_n_samples,0.04809783862473769
extra_trees,4,numeric__USM2_pose_global_pause_duration_seconds,0.04669371198487727
extra_trees,4,numeric__USM0_pose_global_pause_duration_seconds,0.04120522900461173
extra_trees,4,numeric__USM3_pose_global_pause_duration_seconds,0.041193367315207
extra_trees,4,numeric__USM2_pose_global_log_dimensionless_jerk,0.02749618336245169
extra_trees,4,numeric__USM2_pose_global_pause_count,0.023930803432077208
extra_trees,4,numeric__USM2_pose_global_mean_angular_speed_rad_s,0.021972261097623586
extra_trees,4,numeric__USM0_pose_global_pause_count,0.020547038139120653
extra_trees,4,numeric__USM0_pose_global_log_dimensionless_jerk,0.020184980344677726
extra_trees,4,numeric__USM3_pose_global_pause_count,0.019589338337918365
extra_trees,4,numeric__USM0_pose_global_mean_angular_speed_rad_s,0.018831286088529176
extra_trees,4,numeric__USM2_pose_global_dimensionless_jerk,0.01804213872317926
extra_trees,4,numeric__active_pair_simultaneous_active_fraction,0.017852430863050522
extra_trees,4,numeric__USM2_pose_global_mean_abs_angular_acceleration_rad_s2,0.016658473017713258
extra_trees,4,numeric__USM3_pose_global_pause_fraction,0.01639884520805064
extra_trees,4,numeric__USM3_pose_global_idle_fraction_relative,0.01612664234097331
extra_trees,4,numeric__USM0_pose_global_mean_abs_angular_acceleration_rad_s2,0.015174935607503203
extra_trees,4,numeric__USM0_USM3_pose_global_simultaneous_active_fraction,0.014811398643160096
extra_trees,4,numeric__USM3_pose_global_log_dimensionless_jerk,0.013460298811080476
extra_trees,4,numeric__USM0_pose_global_rms_speed_l2,0.013405551344201364
extra_trees,4,numeric__USM0_USM2_pose_global_simultaneous_active_fraction,0.012789340276203355
extra_trees,4,numeric__USM0_pose_global_rotation_path_radians,0.011452339328139017
extra_trees,4,numeric__USM0_pose_global_raw_path_l2,0.011391422073222333
extra_trees,4,numeric__USM0_USM3_pose_global_both_idle_fraction,0.010842944016560423
extra_trees,4,numeric__USM3_pose_global_active,0.010041383389804214
extra_trees,4,task__task_clean_suture,0.009627190148286663
extra_trees,4,numeric__USM0_pose_global_idle_threshold_relative,0.009587388195703529
extra_trees,4,numeric__active_pair_speed_correlation,0.009495887443337174
extra_trees,4,numeric__USM0_pose_global_path_l2,0.009320434499091888
extra_trees,4,numeric__USM0_pose_global_mean_speed_l2,0.008775704376256657
extra_trees,4,numeric__all_psm_pose_global_path_total_m,0.008705337803559393
extra_trees,4,numeric__USM0_USM3_pose_global_path_length_imbalance,0.008575338223737556
extra_trees,4,numeric__USM0_pose_global_dimensionless_jerk,0.008157967281480338
extra_trees,4,numeric__USM2_pose_global_mean_speed_l2,0.008098958863766449
extra_trees,4,numeric__USM2_USM3_pose_global_speed_correlation,0.008016275229445657
extra_trees,4,numeric__USM3_pose_global_rms_speed_l2,0.007842813798506654
extra_trees,4,numeric__USM0_USM2_pose_global_speed_correlation,0.007657799315729733
extra_trees,4,numeric__USM3_pose_global_movement_economy,0.007439144504265016
extra_trees,4,numeric__USM2_pose_global_path_l2,0.007389435100367283
extra_trees,4,numeric__USM2_USM3_pose_global_simultaneous_active_fraction,0.0073711091009089034
extra_trees,4,numeric__USM0_USM3_pose_global_mean_abs_relative_speed,0.007357405057955797
extra_trees,4,numeric__USM3_pose_global_economy_area_xy,0.007336153194091714
extra_trees,4,numeric__active_pair_path_length_b_rel,0.007233970498884338
extra_trees,4,numeric__USM2_pose_global_raw_path_l2,0.007173826396803752
extra_trees,4,numeric__USM2_USM3_pose_global_path_length_imbalance,0.006866052348702959
extra_trees,4,numeric__USM2_pose_global_pause_fraction,0.006338187628991469
extra_trees,4,numeric__active_psm_count,0.006250293756808865
extra_trees,4,numeric__USM2_pose_global_rotation_path_radians,0.006123764085063714
extra_trees,4,numeric__USM2_pose_global_idle_fraction_relative,0.005896630544993766
extra_trees,4,numeric__active_pair_path_length_imbalance,0.005825485803396267
extra_trees,4,numeric__USM0_pose_global_idle_fraction_relative,0.005644743250217115
extra_trees,4,numeric__USM3_pose_global_max_acceleration_l2,0.005627644132369546
extra_trees,4,numeric__USM0_pose_global_pause_fraction,0.0055973748650263245
extra_trees,4,numeric__USM0_pose_global_max_speed_l2,0.005503462500057399
extra_trees,4,numeric__USM2_USM3_pose_global_both_idle_fraction,0.005489626324461811
extra_trees,4,numeric__USM3_pose_global_idle_threshold_relative,0.005396555308367115
extra_trees,4,numeric__active_pair_one_arm_only_active_fraction,0.005337873622450238
extra_trees,4,numeric__USM2_pose_global_max_angular_speed_rad_s,0.005281900751848889
extra_trees,4,numeric__USM3_pose_global_mean_acceleration_l2,0.005261376821800094
extra_trees,4,numeric__USM2_pose_global_idle_threshold_relative,0.005253269556689337
extra_trees,4,numeric__active_pair_both_idle_fraction,0.005153986828598497
extra_trees,4,numeric__USM0_USM2_pose_global_one_arm_only_active_fraction,0.005032090129907638
extra_trees,4,numeric__USM0_USM3_pose_global_speed_correlation,0.004981617777199299
extra_trees,4,numeric__USM0_pose_global_economy_area_yz,0.004941594996514202
extra_trees,4,numeric__USM3_pose_global_mean_speed_l2,0.004809607140308627
extra_trees,4,numeric__USM2_USM3_pose_global_std_distance_rel,0.0046797284532876186
extra_trees,4,numeric__USM3_pose_global_z_range_m,0.004604293226110088
extra_trees,4,numeric__USM0_pose_global_economy_volume,0.004595760617847677
extra_trees,4,numeric__USM3_pose_global_max_speed_l2,0.004557777627797948
extra_trees,4,numeric__USM2_pose_global_economy_area_xy,0.004544569053635465
extra_trees,4,numeric__USM2_pose_global_max_abs_angular_acceleration_rad_s2,0.0044771347696142254
extra_trees,4,numeric__USM3_pose_global_raw_path_l2,0.0043982547994116505
extra_trees,4,numeric__USM0_USM2_pose_global_path_length_imbalance,0.00439530675068784
extra_trees,4,numeric__USM2_pose_global_economy_area_yz,0.004386920991500594
extra_trees,4,task__task_clean_camera_target,0.004346531973717803
extra_trees,4,numeric__USM0_pose_global_max_jerk_l2,0.0043265156494014445
extra_trees,4,numeric__USM2_USM3_pose_global_one_arm_only_active_fraction,0.004294912460065206
extra_trees,4,numeric__USM3_pose_global_mean_angular_speed_rad_s,0.004286806735497668
extra_trees,4,numeric__USM2_pose_global_economy_area_xz,0.004285314462265912
extra_trees,4,numeric__USM3_pose_global_economy_volume,0.0042619705907185924
extra_trees,4,numeric__USM0_pose_global_economy_area_xy,0.004245408643602922
extra_trees,4,numeric__USM2_pose_global_movement_economy,0.004235841485945613
extra_trees,4,numeric__USM0_USM2_pose_global_both_idle_fraction,0.004228954790833496
extra_trees,4,numeric__USM2_pose_global_economy_volume,0.004174789887351766
extra_trees,4,numeric__USM0_pose_global_movement_economy,0.004165162919082867
extra_trees,4,numeric__USM2_USM3_pose_global_distance_range_rel,0.0041402643662179234
extra_trees,4,numeric__USM3_pose_global_economy_area_yz,0.0041183915901853016
extra_trees,4,numeric__USM3_pose_global_y_range_m,0.004105225598691938
extra_trees,4,numeric__USM0_pose_global_net_displacement_l2,0.004090005561417194
extra_trees,4,numeric__USM0_USM3_pose_global_one_arm_only_active_fraction,0.004064533826774889
extra_trees,4,numeric__USM3_pose_global_max_jerk_l2,0.0037218133870181086
extra_trees,4,numeric__USM0_pose_global_economy_area_xz,0.0037066102711407773
extra_trees,4,numeric__USM2_pose_global_net_displacement_l2,0.00364398226876688
extra_trees,4,numeric__USM0_pose_global_max_angular_speed_rad_s,0.0036315479182759914
extra_trees,4,numeric__USM0_USM3_pose_global_std_distance_rel,0.0036013040073343537
extra_trees,4,numeric__USM0_USM3_pose_global_distance_range_rel,0.0034983176830113605
extra_trees,4,numeric__USM0_pose_global_max_abs_angular_acceleration_rad_s2,0.0034122899478395497
extra_trees,4,numeric__USM2_pose_global_x_range_m,0.003367275377996564
extra_trees,4,numeric__USM3_pose_global_jerk_cost,0.0033645235485795745
extra_trees,4,numeric__USM2_USM3_pose_global_mean_distance_rel,0.0033577389741413937
extra_trees,4,numeric__USM3_pose_global_economy_area_xz,0.0032684624618737035
extra_trees,4,numeric__USM2_pose_global_y_range_m,0.0032235011439103126
extra_trees,4,numeric__USM0_pose_global_x_range_m,0.0031938315833260956
extra_trees,4,numeric__USM3_pose_global_mean_abs_angular_acceleration_rad_s2,0.003107921654978123
extra_trees,4,numeric__USM3_pose_global_max_angular_speed_rad_s,0.00305461498968377
extra_trees,4,numeric__USM3_pose_global_net_displacement_l2,0.003054504879236061
extra_trees,4,numeric__USM3_pose_global_dimensionless_jerk,0.003051602060188078
extra_trees,4,numeric__USM0_USM3_pose_global_mean_distance_rel,0.002950373239298749
extra_trees,4,numeric__USM3_pose_global_x_range_m,0.002931682036491042
extra_trees,4,task__task_clean_ring_rollercoaster,0.0029113484534980037
extra_trees,4,task__task_clean_glove_cut,0.0028696000955161127
extra_trees,4,numeric__USM3_pose_global_max_abs_angular_acceleration_rad_s2,0.0028513760006988733
extra_trees,4,numeric__USM0_pose_global_y_range_m,0.002715014931435057
extra_trees,4,numeric__USM2_pose_global_z_range_m,0.0025179963216123593
extra_trees,4,task__task_clean_sea_spikes,0.0024997214479077815
extra_trees,4,numeric__USM0_pose_global_z_range_m,0.00244984553940739
extra_trees,4,numeric__USM2_pose_global_workspace_box_volume_m3,0.0022962339309263425
extra_trees,4,numeric__USM3_pose_global_workspace_box_volume_m3,0.0022937431991860977
extra_trees,4,numeric__USM3_pose_global_rotation_path_radians,0.002063877350918683
extra_trees,4,numeric__USM0_pose_global_max_gap_seconds,0.0014362321949778084
extra_trees,4,numeric__active_pair_usm_b,0.0011468243291042582
extra_trees,4,numeric__USM0_USM2_pose_global_alignment_coverage,0.0008304533594319227
extra_trees,4,numeric__USM0_pose_global_median_dt_seconds,0.0
extra_trees,4,numeric__USM0_pose_global_active,0.0
extra_trees,4,numeric__active_pair_usm_a,0.0
extra_trees,5,numeric__USM0_pose_global_n_samples,0.05549089168205996
extra_trees,5,numeric__USM2_pose_global_pause_duration_seconds,0.05508294332371114
extra_trees,5,numeric__USM3_pose_global_pause_duration_seconds,0.05295223600099533
extra_trees,5,numeric__USM2_pose_global_mean_abs_angular_acceleration_rad_s2,0.04547266901877595
extra_trees,5,numeric__USM0_pose_global_pause_duration_seconds,0.038413495926707446
extra_trees,5,numeric__USM3_pose_global_pause_fraction,0.033822151306166594
extra_trees,5,numeric__USM0_pose_global_mean_abs_angular_acceleration_rad_s2,0.02512826470549002
extra_trees,5,numeric__USM3_pose_global_pause_count,0.021747662588221126
extra_trees,5,numeric__USM0_USM3_pose_global_path_length_imbalance,0.021347272034785522
extra_trees,5,numeric__USM3_pose_global_idle_fraction_relative,0.021084646375782366
extra_trees,5,numeric__USM2_pose_global_pause_count,0.01649914442839969
extra_trees,5,numeric__USM0_pose_global_mean_angular_speed_rad_s,0.01489343384933816
extra_trees,5,numeric__USM0_pose_global_rms_speed_l2,0.014825936102541609
extra_trees,5,numeric__USM2_pose_global_mean_angular_speed_rad_s,0.014811344985112157
extra_trees,5,numeric__USM0_pose_global_log_dimensionless_jerk,0.014734606457193876
extra_trees,5,numeric__USM2_USM3_pose_global_path_length_imbalance,0.014467997608006912
extra_trees,5,numeric__USM2_pose_global_log_dimensionless_jerk,0.01427384250047852
extra_trees,5,numeric__active_pair_simultaneous_active_fraction,0.013959856596041195
extra_trees,5,numeric__USM0_pose_global_max_speed_l2,0.013371690380893773
extra_trees,5,numeric__USM0_pose_global_pause_count,0.012387003232319239
extra_trees,5,numeric__USM0_pose_global_movement_economy,0.011742810580475535
extra_trees,5,numeric__USM3_pose_global_active,0.011737428100084397
extra_trees,5,numeric__USM0_pose_global_idle_threshold_relative,0.010021118848755489
extra_trees,5,numeric__active_pair_path_length_imbalance,0.009529187052564
extra_trees,5,task__task_clean_suture,0.008865764719252461
extra_trees,5,numeric__USM0_USM3_pose_global_simultaneous_active_fraction,0.008455705476148817
extra_trees,5,numeric__USM0_USM2_pose_global_simultaneous_active_fraction,0.008239529626682222
extra_trees,5,numeric__USM0_pose_global_raw_path_l2,0.0077997836529056265
extra_trees,5,numeric__USM2_pose_global_dimensionless_jerk,0.007744490042339905
extra_trees,5,numeric__USM2_USM3_pose_global_distance_range_rel,0.007669794190297432
extra_trees,5,numeric__USM3_pose_global_rms_speed_l2,0.007622441427828841
extra_trees,5,numeric__active_pair_speed_correlation,0.007566046790575231
extra_trees,5,numeric__USM0_pose_global_mean_speed_l2,0.0074708721453770974
extra_trees,5,numeric__USM2_USM3_pose_global_speed_correlation,0.006731388060165317
extra_trees,5,numeric__USM0_USM3_pose_global_both_idle_fraction,0.006625250306023966
extra_trees,5,numeric__USM0_pose_global_max_jerk_l2,0.006580640222095144
extra_trees,5,numeric__USM2_USM3_pose_global_mean_distance_rel,0.006503860136585899
extra_trees,5,numeric__USM2_USM3_pose_global_std_distance_rel,0.006351895280337
extra_trees,5,numeric__USM0_USM2_pose_global_path_length_imbalance,0.006285969640075166
extra_trees,5,numeric__USM3_pose_global_economy_area_xy,0.006105136616632192
extra_trees,5,numeric__USM0_pose_global_path_l2,0.006078947171608147
extra_trees,5,numeric__USM2_USM3_pose_global_simultaneous_active_fraction,0.006006636031944541
extra_trees,5,numeric__USM0_USM3_pose_global_mean_abs_relative_speed,0.005994860863520064
extra_trees,5,numeric__USM2_pose_global_mean_speed_l2,0.0058364393025795965
extra_trees,5,numeric__USM0_USM3_pose_global_mean_distance_rel,0.0058278373780023
extra_trees,5,task__task_clean_sea_spikes,0.00575318665420369
extra_trees,5,numeric__USM0_USM2_pose_global_speed_correlation,0.0057072552914411824
extra_trees,5,numeric__USM2_pose_global_movement_economy,0.0056198025978316775
extra_trees,5,numeric__USM2_pose_global_max_abs_angular_acceleration_rad_s2,0.005581332051658489
extra_trees,5,numeric__USM2_pose_global_pause_fraction,0.005525404885216203
extra_trees,5,numeric__USM0_pose_global_pause_fraction,0.0054934125014258865
extra_trees,5,numeric__USM3_pose_global_idle_threshold_relative,0.005482919950063713
extra_trees,5,numeric__USM2_pose_global_max_angular_speed_rad_s,0.005471675963717057
extra_trees,5,numeric__USM2_pose_global_net_displacement_l2,0.005466572957399453
extra_trees,5,numeric__USM2_pose_global_raw_path_l2,0.005466199920976128
extra_trees,5,numeric__USM0_pose_global_idle_fraction_relative,0.005393309870891397
extra_trees,5,numeric__active_pair_one_arm_only_active_fraction,0.0053285053269946665
extra_trees,5,numeric__USM0_pose_global_dimensionless_jerk,0.005292695153783411
extra_trees,5,numeric__USM0_USM3_pose_global_speed_correlation,0.005161159713521391
extra_trees,5,numeric__USM3_pose_global_dimensionless_jerk,0.005078335182329282
extra_trees,5,numeric__USM2_pose_global_idle_fraction_relative,0.005050525169133544
extra_trees,5,numeric__active_pair_path_length_b_rel,0.0050419330496666555
extra_trees,5,numeric__USM0_pose_global_net_displacement_l2,0.004943628806303849
extra_trees,5,numeric__USM0_USM3_pose_global_one_arm_only_active_fraction,0.00478119841577203
extra_trees,5,numeric__USM3_pose_global_z_range_m,0.004760421052033328
extra_trees,5,numeric__USM3_pose_global_movement_economy,0.00475031619004589
extra_trees,5,numeric__USM0_USM2_pose_global_one_arm_only_active_fraction,0.004728865069195386
extra_trees,5,numeric__USM2_USM3_pose_global_one_arm_only_active_fraction,0.004658397150506494
extra_trees,5,numeric__USM3_pose_global_y_range_m,0.00462426365412516
extra_trees,5,numeric__USM0_pose_global_economy_area_yz,0.004533412459602724
extra_trees,5,numeric__USM0_USM3_pose_global_distance_range_rel,0.004506004945962139
extra_trees,5,numeric__USM3_pose_global_max_acceleration_l2,0.0044569863867318345
extra_trees,5,numeric__USM2_USM3_pose_global_both_idle_fraction,0.004407741738856334
extra_trees,5,numeric__USM0_USM3_pose_global_std_distance_rel,0.004406347642037807
extra_trees,5,numeric__USM3_pose_global_mean_speed_l2,0.004405752523381899
extra_trees,5,numeric__USM3_pose_global_max_jerk_l2,0.004379252172212752
extra_trees,5,numeric__USM0_pose_global_rotation_path_radians,0.004325866134231849
extra_trees,5,numeric__USM3_pose_global_log_dimensionless_jerk,0.004289193225919083
extra_trees,5,numeric__USM2_pose_global_path_l2,0.00427052044476104
extra_trees,5,numeric__USM3_pose_global_mean_acceleration_l2,0.004153606140083959
extra_trees,5,numeric__active_psm_count,0.004116268174567152
extra_trees,5,numeric__all_psm_pose_global_path_total_m,0.00407605426987771
extra_trees,5,numeric__USM3_pose_global_economy_area_yz,0.003976324909899028
extra_trees,5,task__task_clean_ring_rollercoaster,0.003933501936095588
extra_trees,5,numeric__USM0_pose_global_max_angular_speed_rad_s,0.003841244408458131
extra_trees,5,numeric__USM2_pose_global_rotation_path_radians,0.0037543224966388464
extra_trees,5,task__task_clean_glove_cut,0.003646479602556309
extra_trees,5,numeric__USM3_pose_global_net_displacement_l2,0.003547659457235854
extra_trees,5,numeric__USM2_pose_global_economy_area_yz,0.0035353186531777553
extra_trees,5,numeric__USM0_pose_global_economy_area_xy,0.0034442319023940374
extra_trees,5,numeric__USM3_pose_global_max_speed_l2,0.0034019047662041616
extra_trees,5,numeric__USM2_pose_global_z_range_m,0.0033954889693234374
extra_trees,5,numeric__USM0_pose_global_max_abs_angular_acceleration_rad_s2,0.0033949840471659567
extra_trees,5,numeric__USM0_pose_global_max_gap_seconds,0.0033258474746487693
extra_trees,5,numeric__active_pair_both_idle_fraction,0.0032372938875379494
extra_trees,5,numeric__USM2_pose_global_x_range_m,0.0032048379658854453
extra_trees,5,numeric__USM2_pose_global_economy_area_xy,0.0032005148138118315
extra_trees,5,numeric__USM0_pose_global_z_range_m,0.0031031462841102256
extra_trees,5,numeric__USM3_pose_global_economy_volume,0.0030362004372829774
extra_trees,5,numeric__USM0_pose_global_y_range_m,0.0029900916257815714
extra_trees,5,numeric__USM2_pose_global_idle_threshold_relative,0.0029286873570423355
extra_trees,5,numeric__USM2_pose_global_y_range_m,0.0028927113539570864
extra_trees,5,numeric__USM0_USM2_pose_global_both_idle_fraction,0.002885349340517931
extra_trees,5,numeric__USM3_pose_global_raw_path_l2,0.002884377889414736
extra_trees,5,numeric__USM3_pose_global_mean_angular_speed_rad_s,0.0028062782942924755
extra_trees,5,task__task_clean_camera_target,0.002762552914849686
extra_trees,5,numeric__USM0_pose_global_x_range_m,0.0026359702484500284
extra_trees,5,numeric__USM3_pose_global_x_range_m,0.0026275443382332542
extra_trees,5,numeric__USM0_USM2_pose_global_alignment_coverage,0.002600997841384696
extra_trees,5,numeric__USM0_pose_global_economy_volume,0.0025292756247992146
extra_trees,5,numeric__USM2_pose_global_workspace_box_volume_m3,0.0025029283657158905
extra_trees,5,numeric__USM3_pose_global_economy_area_xz,0.0024921232382032832
extra_trees,5,numeric__USM3_pose_global_max_angular_speed_rad_s,0.00242546863088037
extra_trees,5,numeric__USM3_pose_global_workspace_box_volume_m3,0.0023948175842010097
extra_trees,5,numeric__USM0_pose_global_economy_area_xz,0.002319639467190636
extra_trees,5,numeric__USM2_pose_global_economy_volume,0.0022465870169913306
extra_trees,5,numeric__USM3_pose_global_rotation_path_radians,0.002126685959134713
extra_trees,5,numeric__USM2_pose_global_economy_area_xz,0.002119204812894483
extra_trees,5,numeric__USM3_pose_global_max_abs_angular_acceleration_rad_s2,0.0019437768955021322
extra_trees,5,numeric__USM3_pose_global_mean_abs_angular_acceleration_rad_s2,0.0019332709270698694
extra_trees,5,numeric__USM3_pose_global_jerk_cost,0.0017558232621630884
extra_trees,5,numeric__active_pair_usm_b,0.00035427151547733245
extra_trees,5,numeric__active_pair_usm_a,0.00021301788108743074
extra_trees,5,numeric__USM0_pose_global_median_dt_seconds,0.0
