column,n_nonmissing,q1,q3,iqr,lower_3iqr,upper_3iqr,n_outliers_3iqr,outlier_fraction,min,median,max
qc_USM1_SUJ2_median,191,-0.003043595,0.001078415,0.004122010000000001,-0.015409625000000001,0.013444445000000003,72,0.3769633507853403,-0.0360064,0.000164673,0.0624133
qc_USM0_SUJ0_range,191,0.0001279999999999,0.000128,9.999054535747565e-17,0.00012799999999960003,0.00012800000000029997,56,0.2931937172774869,6.399999999995298e-05,0.000128,0.263398
qc_USM2_SUJ0_range,191,0.0001277999999999,0.0001279999999999,2.0000000000000486e-07,0.00012719999999989998,0.00012859999999990002,51,0.2670157068062827,0.0,0.0001278,0.1114049999999999
qc_USM1_SUJ0_range,191,0.0001274249999999,0.000128,5.75000000099991e-07,0.00012569999999960003,0.00012972500000029997,46,0.24083769633507854,6.394999999999925e-05,0.000128,0.0003195999999999
qc_SUS3_range,191,0.0,0.0,0.0,0.0,0.0,43,0.225130890052356,0.0,0.0,0.0002799999999998
USM0_USM2_pose_global_alignment_coverage,191,1.0,1.0,0.0,1.0,1.0,41,0.21465968586387435,0.997740751200226,1.0,1.0
active_pair_alignment_coverage,191,1.0,1.0,0.0,1.0,1.0,41,0.21465968586387435,0.997740751200226,1.0,1.0
qc_USM3_SUJ0_range,191,0.0001278,0.000128,2.0000000000000486e-07,0.00012719999999999997,0.0001286,41,0.21465968586387435,6.389999999999174e-05,0.00012791,0.083538
USM2_USM3_pose_global_alignment_coverage,191,1.0,1.0,0.0,1.0,1.0,41,0.21465968586387435,0.997740751200226,1.0,1.0
USM0_USM3_pose_global_alignment_coverage,191,1.0,1.0,0.0,1.0,1.0,41,0.21465968586387435,0.997740751200226,1.0,1.0
inferred_max_score,191,30.0,30.000000000000007,7.105427357601002e-15,29.99999999999998,30.00000000000003,38,0.19895287958115182,29.999999999999996,30.000000000000004,35.00000000000001
USM1_joint_distal_q5_q9_mean_range,191,0.0477086345238094,0.2648090799350644,0.217100445411255,-0.6035927017099556,0.9161104161688294,38,0.19895287958115182,1.2439826839827968e-05,0.0756573079653678,1.8025845502164477
USM1_joint_max_joint_range,191,0.6624077597402587,1.4643974632034609,0.8019897034632022,-1.743561350649348,3.8703665735930675,34,0.17801047120418848,6.219913419913681e-05,0.8269446316017304,9.127731125541112
USM1_joint_mean_joint_range,191,0.1598360206168829,0.3921598054220773,0.2323237848051944,-0.5371353337987002,1.0891311598376605,33,0.17277486910994763,9.139826840190738e-06,0.2140191539177487,2.179937819350646
USM3_joint_insertion_q3_mean_abs_velocity,191,8.081079744729963e-18,2.5860080957642546e-08,2.5860080949561468e-08,-7.758024284060333e-08,1.0344032380632696e-07,32,0.16753926701570682,2.467957110152571e-18,2.764345235339095e-09,0.0115641384247236
USM1_joint_tool_roll_q4_mean_range,191,0.2973049859307354,1.2662863253246734,0.968981339393938,-2.6096390322510787,4.1732303435064875,32,0.16753926701570682,2.7017316017285964e-05,0.4765269701298694,9.127731125541112
USM1_joint_jerk_cost,191,336830.7049743593,3314796.574920579,2977965.8699462195,-8597066.9048643,12248694.184759237,30,0.15706806282722513,2.0809130876194617,749082.5997005744,1134836556.5182395
USM3_joint_max_acceleration_l2,191,0.1033820004047893,0.14102253092224531,0.037640530517456014,-0.009539591147578741,0.25394412247461334,29,0.1518324607329843,0.0792706485354916,0.114299540185669,464.05295068307765
USM3_joint_insertion_q3_path_l1,191,1.6479873021779667e-17,6.114761904795971e-06,6.114761904779491e-06,-1.8344285714321992e-05,2.4459047619134443e-05,28,0.14659685863874344,1.0408340855860844e-17,6.410389610626843e-07,2.000649428571425
USM3_pose_global_dimensionless_jerk,191,1.1023036233871808e+17,3.017360481460829e+18,2.907130119122111e+18,-8.611159995027616e+18,1.1738750838827164e+19,28,0.14659685863874344,320139932629.83844,6.527511184489574e+17,4.569541380916304e+21
USM3_joint_base_revolute_q0_q2_mean_range,191,2.0909200297107117e-15,3.725108225679138e-06,3.7251082235882182e-06,-1.1175324668673735e-05,1.4900432896443792e-05,27,0.14136125654450263,9.992007221626409e-16,1.154401155112339e-06,1.3347789073593053
USM3_joint_base_revolute_q0_q2_mean_abs_velocity,191,1.822984882082884e-15,4.399521433280097e-07,4.399521415050248e-07,-1.3198564226920896e-06,1.7598085678430842e-06,27,0.14136125654450263,7.582961638144319e-16,8.422013768381677e-08,0.0791931639601552
USM3_joint_insertion_q3_mean_range,191,7.806255641895632e-18,3.251948051956506e-07,3.2519480518784435e-07,-9.755844155557268e-07,1.3007792207591837e-06,27,0.14136125654450263,5.204170427930421e-18,1.418181818178127e-07,0.1483678484848482
USM3_pose_global_max_gap_seconds,191,0.0400000000000062,0.0600000000000022,0.019999999999996,-0.019999999999981803,0.1199999999999902,26,0.13612565445026178,0.0300000000000011,0.0499999999999829,0.5400000000000063
USM3_joint_max_gap_seconds,191,0.0400000000000062,0.0600000000000022,0.019999999999996,-0.019999999999981803,0.1199999999999902,26,0.13612565445026178,0.0300000000000011,0.0499999999999829,0.5400000000000063
USM2_pose_global_max_gap_seconds,191,0.0400000000000062,0.0600000000000022,0.019999999999996,-0.019999999999981803,0.1199999999999902,26,0.13612565445026178,0.0300000000000011,0.0499999999999829,0.5400000000000063
USM0_pose_global_max_gap_seconds,191,0.0400000000000062,0.0600000000000022,0.019999999999996,-0.019999999999981803,0.1199999999999902,26,0.13612565445026178,0.0300000000000011,0.0499999999999829,0.5400000000000063
USM0_joint_max_gap_seconds,191,0.0400000000000062,0.0600000000000022,0.019999999999996,-0.019999999999981803,0.1199999999999902,26,0.13612565445026178,0.0300000000000011,0.0499999999999829,0.5400000000000063
qc_max_gap_seconds,191,0.0400000000000062,0.0600000000000022,0.019999999999996,-0.019999999999981803,0.1199999999999902,26,0.13612565445026178,0.0300000000000011,0.0499999999999829,0.5400000000000063
USM2_joint_max_gap_seconds,191,0.0400000000000062,0.0600000000000022,0.019999999999996,-0.019999999999981803,0.1199999999999902,26,0.13612565445026178,0.0300000000000011,0.0499999999999829,0.5400000000000063
USM1_joint_max_gap_seconds,191,0.0400000000000062,0.0600000000000022,0.019999999999996,-0.019999999999981803,0.1199999999999902,26,0.13612565445026178,0.0300000000000011,0.0499999999999829,0.5400000000000063
USM3_joint_base_revolute_q0_q2_path_l1,191,1.1046719095020308e-14,0.0003202857142965,0.0003202857142854533,-0.0009608571428453131,0.0012811428571528598,25,0.13089005235602094,5.800915303666443e-15,4.30562770652454e-05,33.45057910129867
USM3_joint_max_speed_l2,191,0.0034284960471228,0.0046406947868974004,0.0012121987397746004,-0.00020810017220100098,0.008277291006221201,25,0.13089005235602094,0.0024477371861567,0.0037698302919555,23.880544564241134
USM1_joint_distal_q5_q9_mean_abs_velocity,191,0.0007290959668564501,0.0059843085974653504,0.005255212630608901,-0.015036541924970252,0.02174994648929205,25,0.13089005235602094,1.2440779110622368e-05,0.001807795130712,0.2336762024960672
USM3_joint_max_abs_joint_velocity,191,0.00336453823956615,0.0044823232322599,0.0011177849926937503,1.1183261484899384e-05,0.007835678210341151,24,0.1256544502617801,0.0023510101011083,0.0037359307358997,23.876563708535382
USM3_joint_mean_joint_range,191,3.113593362267203e-05,3.7156733044826915e-05,6.020799422154884e-06,1.3073535356207378e-05,5.521913131129157e-05,24,0.1256544502617801,2.365393939411193e-05,3.3331255411604006e-05,1.7284461723376594
USM3_joint_distal_q5_q9_mean_range,191,5.3704761905358506e-05,6.57923520923004e-05,1.2087590186941888e-05,1.7441991344532842e-05,0.00010205512265312606,23,0.12041884816753927,4.029696969704011e-05,5.926320346495428e-05,1.285680476103894
USM3_joint_max_joint_range,191,0.0001603463203463,0.00020478354978375,4.443722943744998e-05,2.7034632033950078e-05,0.0003380952380960999,23,0.12041884816753927,0.0001139826839819,0.0001740259740259,7.679466103896092
USM0_pose_global_dimensionless_jerk,191,6899835043844934.0,1.3506159543628762e+17,1.2816176039244269e+17,-3.7758544613348314e+17,5.195468766136157e+17,22,0.11518324607329843,11169911208.074717,3.471353419725256e+16,1.53493112887555e+20
USM3_joint_max_jerk_l2,191,6.834614411955629,8.734890499222518,1.9002760872668887,1.1337861501549629,14.435718761023184,22,0.11518324607329843,5.256178318528575,7.629740217844751,31192.063891536072
USM3_joint_movement_economy,191,0.00022456368544990002,0.0008540027369218499,0.0006294390514719498,-0.0016637534689659494,0.0027423198913376994,22,0.11518324607329843,5.599249483206293e-05,0.0003536784192086,0.4552381582312401
USM3_joint_tool_roll_q4_mean_range,191,3.3232323231269234e-05,3.997113996945245e-05,6.738816738183218e-06,1.3015873016719581e-05,6.0187590184002104e-05,22,0.11518324607329843,2.5238095238133692e-05,3.632034632072845e-05,7.679466103896092
USM3_joint_net_displacement_l2,191,3.3318546854986135e-05,9.747413824913844e-05,6.41555913941523e-05,-0.00015914822732747077,0.00028994091243159537,21,0.1099476439790576,1.2011105057041988e-05,5.239487022760568e-05,3.88097303158668
qc_USM0_SUJ3_range,191,0.0001916999999999,0.00028789999999995,9.620000000005002e-05,-9.690000000025001e-05,0.0005765000000001,21,0.1099476439790576,0.0,0.0001919,0.182353
USM2_pose_global_dimensionless_jerk,191,7461942191882091.0,1.2423169793200893e+17,1.1676975574012683e+17,-3.4284732502849837e+17,4.745409651523894e+17,21,0.1099476439790576,12668799881.395994,3.019458457534236e+16,7.421919268994186e+18
USM1_joint_pause_fraction,191,0.738081540258791,0.8969226119856317,0.1588410717268407,0.2615583250782689,1.3734458271661538,21,0.1099476439790576,0.0,0.8353513349207157,0.9361911623438998
USM3_joint_mean_abs_joint_velocity,191,8.621131325940021e-05,9.535777645079015e-05,9.146463191389944e-06,5.877192368523038e-05,0.00012279716602495998,21,0.1099476439790576,7.280990989512908e-05,8.947927655063897e-05,0.1743713456711777
USM3_joint_mean_speed_l2,191,0.0005455783594704501,0.00061176195852435,6.618359905389995e-05,0.0003470275623087502,0.0008103127556860499,20,0.10471204188481675,0.0004442073008522,0.0005627362931488,1.122531851058545
USM3_joint_mean_jerk_l2,191,0.8737139647892125,0.9601170976203985,0.08640313283118606,0.6145045662956543,1.2193264961139567,20,0.10471204188481675,0.7202774341903349,0.9037724041673036,576.0290595546775
USM0_pose_global_rotation_determinant_mean,191,0.9999978779592453,0.9999986106172828,7.326580374611424e-07,0.999995679985133,1.0000008085913952,20,0.10471204188481675,0.999993757416238,0.9999982327390444,1.00000020488881
USM3_joint_distal_q5_q9_mean_abs_velocity,191,0.0001510184715167,0.0001709547000824,1.9936228565699997e-05,9.120978581960001e-05,0.0002307633857795,20,0.10471204188481675,0.0001254870049616,0.0001595431732962,0.2427777354458281
USM3_joint_mean_acceleration_l2,191,0.01876342261115815,0.0209517440561912,0.0021883214450330486,0.012198458276059004,0.027516708391290345,20,0.10471204188481675,0.0154024495439402,0.0194291531941244,16.86634955546701
USM3_joint_rms_speed_l2,191,0.0006475826034171501,0.0007442786042220499,9.669600080489983e-05,0.0003574946010024506,0.0010343666066367494,20,0.10471204188481675,0.0005233306404827,0.0006734385817242,2.362186693310368
USM3_pose_global_mean_angular_speed_rad_s,191,0.0005481184319881499,0.00272279454448285,0.0021746761124947,-0.0059759099054959505,0.009246822881966951,19,0.09947643979057591,0.0,0.0012903957079472,0.5519205500325719
USM3_pose_global_workspace_box_volume_m3,191,2.552383155208044e-05,0.0002259443870861,0.00020042055553401954,-0.0005757378350499782,0.0008272060536881586,19,0.09947643979057591,7.389659870462903e-47,8.895924500847085e-05,0.1784496712596643
USM3_pose_global_mean_abs_angular_acceleration_rad_s2,191,0.02732847744197845,0.1465010692610274,0.11917259181904896,-0.33018929801516844,0.5040188447181744,19,0.09947643979057591,0.0,0.0627365561657944,17.145294559806313
USM1_joint_idle_fraction_relative,191,0.748457074303611,0.8975894652868391,0.14913239098322817,0.30105990135392646,1.3449866382365236,18,0.09424083769633508,0.0114503816793893,0.8379959773267508,0.9365288920483396
USM3_pose_global_max_abs_angular_acceleration_rad_s2,191,25.83911445174231,151.7386471612453,125.89953270950298,-351.8594836767666,529.4372452897542,18,0.09424083769633508,0.0,57.83142977948563,9092.955085018764
USM1_joint_tool_roll_q4_mean_abs_velocity,191,0.007887173477657099,0.04226356776599155,0.03437639428833445,-0.09524200938734625,0.1453927506309949,18,0.09424083769633508,9.425527867865724e-05,0.0156579397443671,0.3086419543848162
USM1_joint_mean_speed_l2,191,0.0146881428378456,0.06759888758813565,0.05291074475029005,-0.14404409141302454,0.22633112183900578,18,0.09424083769633508,0.000124279925758,0.0283091018332423,1.0734119182506348
USM0_pose_global_net_displacement_l2,191,0.01898366710809085,0.052041086434590295,0.03305741932649944,-0.08018859087140748,0.15121334441408862,18,0.09424083769633508,2.4827765763866867e-16,0.0319446828165823,3.3589816304314573
USM3_joint_jerk_cost,191,200.0775681479932,480.1738005779372,280.096232429944,-640.2111291418389,1320.4624978677693,18,0.09424083769633508,32.03682380506553,308.12743498404296,600010560.9562867
USM1_joint_mean_abs_joint_velocity,191,0.0022959935276142002,0.01154282515695655,0.00924683162934235,-0.025444501360412847,0.0392833200449836,17,0.08900523560209424,1.5654941296725437e-05,0.0044818733261015,0.1587935243125688
USM3_pose_global_max_angular_speed_rad_s,191,0.849743882363589,4.654819538802265,3.805075656438676,-10.565483086952439,16.070046508118292,17,0.08900523560209424,0.0,1.916514454182424,238.6900709813801
USM1_joint_idle_threshold_relative,191,0.0029457296592714,0.02236513768798675,0.019419408028715352,-0.05531249442687466,0.08062336177413282,16,0.08376963350785341,1.3297876937617417e-05,0.0097896843369331,0.3307533474471582
USM3_joint_tool_roll_q4_path_l1,191,0.019323369408403998,0.04171589466073515,0.022392525252331152,-0.04785420634858946,0.10889347041772861,16,0.08376963350785341,0.0012595238094768,0.0276966522362522,162.90644581529548
USM2_pose_global_movement_economy,191,0.01081967046904265,0.0514945135024875,0.04067484303344485,-0.11120485863129191,0.17351904260282208,16,0.08376963350785341,0.0025184870092864,0.0177226211581498,0.7963067271422378
USM3_joint_path_l2,191,0.10831884221697019,0.2546546147760766,0.1463357725591064,-0.330688475460349,0.6936619324533958,16,0.08376963350785341,0.0101616269929121,0.1644372311636796,373.9130003322471
USM1_joint_mean_acceleration_l2,191,0.12940050532337938,0.6062809486183555,0.4768804432949761,-1.301240824561549,2.0369222785032837,16,0.08376963350785341,0.0043239536007984,0.2578970909866422,14.64486929324828
USM3_joint_idle_fraction_relative,191,0.0003340560967041,0.00095707952230275,0.00062302342559865,-0.0015350141800918498,0.0028261497990987,16,0.08376963350785341,0.0,0.0005837030119075,0.9340949033391917
USM3_joint_path_l1,191,0.1732593238966434,0.38928539532623724,0.21602607142959385,-0.47481889039213815,1.0373636096150187,16,0.08376963350785341,0.0161255047617549,0.256982649582855,545.2931539914069
USM2_joint_max_abs_joint_velocity,191,12.703166322156362,16.380631890316355,3.6774655681599935,1.670769617676381,27.413028594796337,16,0.08376963350785341,0.0024898989899142,14.201764213578931,60.66677222226905
USM3_joint_raw_path_l2,191,0.49130393359247465,1.0888356411919706,0.5975317075994959,-1.301291189206013,2.8814307639904584,16,0.08376963350785341,0.0328246186306412,0.7139291827595078,378.7376566418785
USM1_joint_movement_economy,191,0.01006434367652915,0.07598402472466209,0.06591968104813294,-0.18769469946786965,0.2737430678690609,16,0.08376963350785341,0.0015119718561642,0.0301595614974678,0.7040564895470623
USM3_joint_tool_roll_q4_mean_abs_velocity,191,9.071672074602794e-05,0.000111889025306,2.1172304559972057e-05,2.719980706611177e-05,0.00017540593898591615,16,0.08376963350785341,7.550490086785124e-05,0.000104264646897,0.4391102384158043
USM3_pose_global_rotation_path_radians,191,0.15026305674919327,0.6028851138381729,0.4526220570889796,-1.2076031145177457,1.9607512851051117,16,0.08376963350785341,0.0,0.2811386457833263,70.22452468144496
qc_USM2_SUJ0_median,191,-0.0571789,0.0285701,0.08574899999999999,-0.3144259,0.2858171,16,0.08376963350785341,-0.415136,-0.043655,0.474474
USM3_joint_distal_q5_q9_path_l1,191,0.15123651284357048,0.3440880822511055,0.192851569407535,-0.42731819537903454,0.9226427904737105,16,0.08376963350785341,0.0148652380951281,0.2298614300138273,404.6995371276299
active_psm_count,191,3.0,3.0,0.0,3.0,3.0,15,0.07853403141361257,1.0,3.0,3.0
USM3_joint_idle_threshold_relative,191,6.0588874368677434e-05,7.041741829509687e-05,9.828543926419437e-06,3.1103242589419124e-05,9.990305007435518e-05,15,0.07853403141361257,4.863920206982616e-05,6.356557598144836e-05,0.2890218574557596
USM1_joint_mean_jerk_l2,191,5.414311180072414,26.55246432231062,21.138153142238206,-58.0001482466422,89.96692374902523,15,0.07853403141361257,0.2006651598189169,10.65272682985216,536.7981049681148
qc_USM0_SUJ1_median,191,0.0141967,0.048922400000000005,0.034725700000000005,-0.08998040000000002,0.15309950000000003,15,0.07853403141361257,-0.00661063,0.0374664,0.177549
USM1_joint_distal_q5_q9_path_l1,191,0.7493129736652228,6.87189426056276,6.122581286897537,-17.61843088702739,25.239638121255375,15,0.07853403141361257,0.002633069264072,2.0559012041846967,518.4038419687081
USM0_pose_global_movement_economy,191,0.010186254445546699,0.055310887829284755,0.04512463338373805,-0.12518764570566746,0.1906847879804989,15,0.07853403141361257,0.0013681930666923,0.0186600524302282,0.6975173660487348
USM0_pose_global_rotation_orthogonality_error_max,191,6.315694336817118e-06,7.505203229770925e-06,1.1895088929538072e-06,2.747167657955696e-06,1.1073729908632346e-05,15,0.07853403141361257,3.235186281038989e-06,6.889441594353486e-06,1.3119971820501772e-05
USM3_pose_global_active,191,1.0,1.0,0.0,1.0,1.0,15,0.07853403141361257,0.0,1.0,1.0
USM3_joint_pause_fraction,191,0.0,0.0,0.0,0.0,0.0,14,0.07329842931937172,0.0,0.0,0.9339980701190094
USM1_joint_path_l2,191,3.092034485443669,14.778645458686206,11.686610973242537,-31.967798434283942,49.83847837841382,14,0.07329842931937172,0.0051822274393802,5.866351026306838,474.7659758032349
USM1_joint_rms_speed_l2,191,0.07121266492487766,0.24975094448512475,0.1785382795602471,-0.4644021737558637,0.785365783165866,14,0.07329842931937172,0.0001460197319696,0.1075823839828955,2.5007928745548287
USM1_joint_path_l1,191,4.975607473953824,23.61920713904497,18.643599665091145,-50.95519152131961,79.55000613431841,14,0.07329842931937172,0.006541968253978,9.92975012554112,605.8271153244943
USM1_joint_raw_path_l2,191,3.230454956113725,14.856040377418793,11.625585421305068,-31.64630130780148,49.732796641334,14,0.07329842931937172,0.0241046488783427,6.048269955864644,484.5028356680048
USM3_pose_global_jerk_cost,191,36560.36781317313,183729.84624174854,147169.4784285754,-404948.0674725531,625238.2815274748,14,0.07329842931937172,1.4887196881117812e-20,81181.72196331745,9941225.608663669
USM3_joint_pause_duration_seconds,191,0.0,0.0,0.0,0.0,0.0,14,0.07329842931937172,0.0,0.0,251.3399999999986
USM3_joint_pause_count,191,0.0,0.0,0.0,0.0,0.0,14,0.07329842931937172,0.0,0.0,207.0
USM2_pose_global_net_displacement_l2,191,0.0196012651272283,0.0530210752804881,0.0334198101532598,-0.0806581653325511,0.1532805057402675,14,0.07329842931937172,2.1700393001097672e-06,0.0301374775553951,4.0762942777707005
USM1_joint_max_acceleration_l2,191,14.601861201514543,43.253898937496196,28.65203773598165,-71.35425200643041,129.21001214544114,13,0.06806282722513089,0.0195704172582654,22.32147622733828,554.3482066243936
USM2_joint_movement_economy,191,0.0052222014831846,0.01752316228801165,0.012300960804827052,-0.031680680931296556,0.05442604470249281,13,0.06806282722513089,0.0008551857015208,0.0095936269446938,0.6132631808204269
qc_USM2_SUJ3_range,191,0.0001917,0.00028784999999995,9.614999999995e-05,-9.674999999985e-05,0.0005762999999997999,12,0.06282722513089005,9.499999999999786e-05,0.0001919999999999,0.3655672
USM1_joint_tool_roll_q4_path_l1,191,1.7443975092352084,9.600955190245308,7.8565576810101,-21.82527553379509,33.17062823327561,12,0.06282722513089005,0.0039061717171711,3.347333610389612,93.428521065541
qc_sampling_rate_hz,191,50.000000000001066,50.00000000000995,8.881784197001252e-12,49.99999999997442,50.00000000003659,11,0.05759162303664921,49.99999999999996,50.000000000001066,50.00000000004548
USM3_pose_global_median_dt_seconds,191,0.019999999999996,0.0199999999999995,3.5006719745211967e-15,0.019999999999985498,0.020000000000010003,11,0.05759162303664921,0.0199999999999818,0.0199999999999995,0.02
USM3_pose_global_sample_rate_hz,191,50.000000000001066,50.00000000000995,8.881784197001252e-12,49.99999999997442,50.00000000003659,11,0.05759162303664921,49.99999999999996,50.000000000001066,50.00000000004548
USM0_joint_sample_rate_hz,191,50.000000000001066,50.00000000000995,8.881784197001252e-12,49.99999999997442,50.00000000003659,11,0.05759162303664921,49.99999999999996,50.000000000001066,50.00000000004548
USM3_joint_median_dt_seconds,191,0.019999999999996,0.0199999999999995,3.5006719745211967e-15,0.019999999999985498,0.020000000000010003,11,0.05759162303664921,0.0199999999999818,0.0199999999999995,0.02
USM1_joint_max_abs_joint_velocity,191,0.8054875541108597,2.5777405303051735,1.7722529761943138,-4.511271374472082,7.894499458888115,11,0.05759162303664921,0.0005490620490657,1.2390726911979435,27.96176962484021
USM1_joint_median_dt_seconds,191,0.019999999999996,0.0199999999999995,3.5006719745211967e-15,0.019999999999985498,0.020000000000010003,11,0.05759162303664921,0.0199999999999818,0.0199999999999995,0.02
USM1_joint_sample_rate_hz,191,50.000000000001066,50.00000000000995,8.881784197001252e-12,49.99999999997442,50.00000000003659,11,0.05759162303664921,49.99999999999996,50.000000000001066,50.00000000004548
USM0_USM2_pose_global_max_distance_rel,191,0.03968475597144265,0.06815665472573085,0.028471898754288197,-0.04573094029142194,0.15357235098859545,11,0.05759162303664921,0.0094956456654378,0.0535234645114143,11.967444911261074
USM0_USM2_pose_global_min_distance_rel,191,0.00559619241842935,0.0158339264439273,0.01023773402549795,-0.025117009658064498,0.046547128520421144,11,0.05759162303664921,0.0010820952300996,0.0087728107418401,9.808249631992064
USM2_pose_global_sample_rate_hz,191,50.000000000001066,50.00000000000995,8.881784197001252e-12,49.99999999997442,50.00000000003659,11,0.05759162303664921,49.99999999999996,50.000000000001066,50.00000000004548
USM2_pose_global_median_dt_seconds,191,0.019999999999996,0.0199999999999995,3.5006719745211967e-15,0.019999999999985498,0.020000000000010003,11,0.05759162303664921,0.0199999999999818,0.0199999999999995,0.02
USM0_joint_median_dt_seconds,191,0.019999999999996,0.0199999999999995,3.5006719745211967e-15,0.019999999999985498,0.020000000000010003,11,0.05759162303664921,0.0199999999999818,0.0199999999999995,0.02
USM0_pose_global_sample_rate_hz,191,50.000000000001066,50.00000000000995,8.881784197001252e-12,49.99999999997442,50.00000000003659,11,0.05759162303664921,49.99999999999996,50.000000000001066,50.00000000004548
USM0_joint_idle_fraction_relative,191,0.4759842486923992,0.6214154764368134,0.1454312277444142,0.03969056545915661,1.0577091596700559,11,0.05759162303664921,0.0010905125408942,0.5496,0.8491389207807118
USM0_pose_global_median_dt_seconds,191,0.019999999999996,0.0199999999999995,3.5006719745211967e-15,0.019999999999985498,0.020000000000010003,11,0.05759162303664921,0.0199999999999818,0.0199999999999995,0.02
qc_median_dt_seconds,191,0.019999999999996,0.0199999999999995,3.5006719745211967e-15,0.019999999999985498,0.020000000000010003,11,0.05759162303664921,0.0199999999999818,0.0199999999999995,0.02
USM3_joint_sample_rate_hz,191,50.000000000001066,50.00000000000995,8.881784197001252e-12,49.99999999997442,50.00000000003659,11,0.05759162303664921,49.99999999999996,50.000000000001066,50.00000000004548
USM2_joint_sample_rate_hz,191,50.000000000001066,50.00000000000995,8.881784197001252e-12,49.99999999997442,50.00000000003659,11,0.05759162303664921,49.99999999999996,50.000000000001066,50.00000000004548
USM2_joint_median_dt_seconds,191,0.019999999999996,0.0199999999999995,3.5006719745211967e-15,0.019999999999985498,0.020000000000010003,11,0.05759162303664921,0.0199999999999818,0.0199999999999995,0.02
qc_USM0_SUJ3_median,191,0.0121212,0.0580448,0.0459236,-0.1256496,0.1958156,10,0.05235602094240838,-0.526883,0.0484588,0.103685
active_pair_usm_b,191,2.0,2.0,0.0,2.0,2.0,10,0.05235602094240838,2.0,2.0,3.0
qc_SUS2_median,191,0.1486295,0.177449,0.028819499999999998,0.062171000000000004,0.26390749999999996,10,0.05235602094240838,0.0990332,0.172922,0.275004
USM0_USM3_pose_global_speed_correlation,191,0.01625235716406365,0.138919362409483,0.12266700524541935,-0.3517486585721944,0.506920378145741,10,0.05235602094240838,-0.0335146720396236,0.0634249142627443,0.949103745365588
USM1_joint_net_displacement_l2,191,0.11180884163430779,0.40694668165338255,0.2951378400190747,-0.7736046784229164,1.2923602017106068,10,0.05235602094240838,5.445824491032649e-05,0.1796868029165217,4.400388050815242
USM1_joint_max_jerk_l2,191,1023.7715905533123,3398.2293823158916,2374.4577917625793,-6099.601784734426,10521.602757603629,10,0.05235602094240838,1.3084208870881544,1587.3840048915818,35248.00657574721
USM1_joint_max_speed_l2,191,1.0278173201937228,3.539860384077187,2.512043063883464,-6.5083118714566695,11.07598957572758,10,0.05235602094240838,0.000592870361886,1.7183660264356588,27.96540754354521
USM0_USM2_pose_global_mean_distance_rel,191,0.01722731708045315,0.036921826367625546,0.019694509287172396,-0.04185621078106404,0.09600535422914273,10,0.05235602094240838,0.0031618259736489,0.0257824806048659,11.207979015320507
USM3_pose_global_max_speed_l2,191,0.4104775371500742,0.9770891110046172,0.566611573854543,-1.2893571844135547,2.676923832568246,10,0.05235602094240838,4.522738470482329e-14,0.6504680567370996,8.318007388480599
qc_USM1_SUJ3_median,191,-0.130729,-0.0745486,0.056180400000000005,-0.29927020000000004,0.0939926,10,0.05235602094240838,-0.38211,-0.0892153,-0.0603572
qc_SUS1_range,191,0.0,0.0,0.0,0.0,0.0,9,0.04712041884816754,0.0,0.0,1.899999999999125e-05
USM0_pose_global_max_acceleration_l2,191,7.950299163360185,14.093618972630956,6.143319809270771,-10.479660264452129,32.52357840044327,9,0.04712041884816754,3.822734049084152e-12,10.774985495544737,686.02595095489
qc_USM1_SUJ3_range,191,0.0001917,0.00028699999999995,9.529999999995e-05,-9.419999999985001e-05,0.0005728999999998,9,0.04712041884816754,0.0,0.0001918,0.0012469999999999
USM0_pose_global_max_jerk_l2,191,424.72710567328966,742.4515335121521,317.7244278388624,-528.4461778432976,1695.6248170287395,9,0.04712041884816754,8.238147438979259e-11,579.6846759380539,41262.54931085971
USM0_pose_global_max_speed_l2,191,0.3514426888098934,0.6029028033771009,0.2514601145672075,-0.40293765489172917,1.3572831470787234,9,0.04712041884816754,5.3307355926104513e-14,0.4696691959342066,39.67552818351205
USM3_pose_global_x_range_m,191,0.01495129160769415,0.05389421478861575,0.0389429231809216,-0.10187747793507065,0.17072298433138056,9,0.04712041884816754,1.2212453270876722e-15,0.0275693875535991,0.4804265867916942
USM3_pose_global_pause_count,191,51.5,144.5,93.0,-227.5,423.5,8,0.041884816753926704,4.0,87.0,677.0
active_pair_mean_distance_rel,191,0.017171272549679747,0.036445354845099795,0.019274082295420047,-0.040650974336580395,0.09426760173135994,8,0.041884816753926704,0.0031618259736489,0.0253910201805611,11.207979015320507
USM2_pose_global_max_angular_speed_rad_s,191,14.41433317592212,33.99622402709045,19.58189085116833,-44.331339377582864,92.74189658059544,8,0.041884816753926704,0.0061005929015816,21.59808212220747,170.90897629498568
USM3_pose_global_max_jerk_l2,191,443.76912631969395,1101.2339342835935,657.4648079638996,-1528.625297572005,3073.6283581752923,8,0.041884816753926704,7.474035914481739e-11,746.8628337296154,11877.778469658551
USM0_pose_global_jerk_cost,191,48239.13086302651,203721.44524906724,155482.31438604073,-418207.81229509565,670168.3884071894,8,0.041884816753926704,4.640772067381196e-20,89575.84970772697,90112999.82946908
active_pair_std_distance_rel,191,0.00480681552309825,0.010005232481288599,0.005198416958190348,-0.010788435351472794,0.025600483355859644,7,0.03664921465968586,1.2902841426165638e-10,0.0073731441270156,0.5610790870000388
USM2_pose_global_max_acceleration_l2,191,7.645899042026488,13.38229247766173,5.736393435635242,-9.563281264879237,30.591472784567458,7,0.03664921465968586,0.0190998387124668,10.460100344482068,893.2871552749586
USM3_pose_global_max_acceleration_l2,191,9.400446084359867,23.695726442966695,14.295280358606828,-33.48539499146061,66.58156751878718,7,0.03664921465968586,2.278696509102843e-12,15.393963729167506,200.7664510582824
USM3_pose_global_y_range_m,191,0.0623765433943141,0.1111316329115045,0.0487550895171904,-0.08388872515725711,0.2573969014630757,7,0.03664921465968586,4.163336342344337e-17,0.0830719893342746,0.6662543380328395
USM3_pose_global_raw_path_l2,191,0.150239366911217,0.48809135870988024,0.3378519917986632,-0.8633166084847725,1.5016473341058698,7,0.03664921465968586,0.0,0.2806403698212869,2.558336695837754
USM3_pose_global_net_displacement_l2,191,0.011737868918130799,0.051855337505483254,0.040117468587352455,-0.10861453684392655,0.17220774326754062,7,0.03664921465968586,4.578092683617719e-16,0.023453621883961,0.7062954575884347
USM3_pose_global_economy_area_xz,191,0.0692210568808999,0.1270335899677849,0.05781253308688501,-0.10421654237975515,0.30047118922843996,7,0.03664921465968586,0.0159828038629463,0.0905049166248276,0.335857900550139
active_pair_distance_range_rel,191,0.03087638696186505,0.05658487553488105,0.025708488573015997,-0.04624907875718294,0.13371034125392905,6,0.031413612565445025,2.4704118750662474e-09,0.0435049652827113,2.15919527926901
active_pair_max_distance_rel,191,0.03955449197548905,0.06815665472573085,0.0286021627502418,-0.04625199627523635,0.15396314297645625,6,0.031413612565445025,0.0094956456654378,0.0532495510506253,11.967444911261074
USM0_USM3_pose_global_path_length_b_rel,191,0.18366522789381862,0.5882568208629841,0.4045915929691655,-1.030109551013678,1.8020315997704808,6,0.031413612565445025,4.1390288880220906e-15,0.3319363900820006,3.3483137471359155
USM2_USM3_pose_global_path_length_b_rel,191,0.18366522789381862,0.5882568208629841,0.4045915929691655,-1.030109551013678,1.8020315997704808,6,0.031413612565445025,4.1390288880220906e-15,0.3319363900820006,3.3483137471359155
active_pair_path_length_imbalance,191,0.017555618115370097,0.10986337325322826,0.09230775513785816,-0.2593676472982044,0.38678663866680274,6,0.031413612565445025,0.0001509925429518,0.0535276343542113,0.9999999999999832
USM2_pose_global_max_abs_angular_acceleration_rad_s2,191,442.43229269621065,1199.091339645601,756.6590469493904,-1827.5448481519604,3469.068480493772,6,0.031413612565445025,0.2240476082572056,733.5036348010966,7121.207306990029
USM0_joint_movement_economy,191,0.00395962031586275,0.01700445550692465,0.0130448351910619,-0.03517488525732295,0.05613896108011035,6,0.031413612565445025,6.000742388823888e-05,0.0084312720085088,0.2002369443597667
USM0_pose_global_economy_area_xz,191,0.03322451129865145,0.0692554770064076,0.03603096570775616,-0.07486838582461702,0.17734837412967608,6,0.031413612565445025,0.0163664220138275,0.0488066014194739,0.4665972381275327
USM0_USM2_pose_global_std_distance_rel,191,0.00476222536226355,0.010005232481288599,0.0052430071190250485,-0.010966795994811596,0.025734253838363745,6,0.031413612565445025,6.592259770044889e-12,0.0072448317057853,0.5610790870000388
USM1_joint_pause_count,191,17.0,54.0,37.0,-94.0,165.0,6,0.031413612565445025,0.0,31.0,631.0
USM0_USM2_pose_global_path_length_imbalance,191,0.0183540930277747,0.1135734312229705,0.0952193381951958,-0.26730392155781274,0.39923144580855796,6,0.031413612565445025,0.0002629198523288,0.0535276343542113,0.9999999999999832
USM3_pose_global_rms_speed_l2,191,0.012007221802509599,0.0307829951148793,0.018775773312369702,-0.04432009813459951,0.08711031505198841,6,0.031413612565445025,4.1723880567828646e-15,0.0179187250079126,0.3571980793364612
USM3_pose_global_mean_speed_l2,191,0.0006930035320434,0.0028459487336955497,0.0021529452016521497,-0.005765832072913049,0.009304784338651999,6,0.031413612565445025,1.7926096339668066e-15,0.0013468499137436,0.0435853589355825
USM3_pose_global_path_l2,191,0.1934795466772883,0.6223557334361645,0.4288761867588762,-1.0931490135993402,1.908984293712793,6,0.031413612565445025,4.1390288880220906e-15,0.3474408123649736,3.4860773137625145
USM0_pose_global_economy_area_yz,191,0.0546818027559145,0.10104644612660775,0.04636464337069325,-0.08441212735616527,0.2401403762386875,6,0.031413612565445025,0.0126595875038884,0.0740520168386739,0.4009076640720371
USM2_pose_global_max_speed_l2,191,0.3382189180521003,0.5931810654316657,0.2549621473795654,-0.426667524086596,1.3580675075703619,6,0.031413612565445025,0.0006571239745776,0.4590900705972227,36.63803115983229
USM2_pose_global_max_jerk_l2,191,416.31209976024013,728.1896526269845,311.8775528667444,-519.320558839993,1663.8223112272176,6,0.031413612565445025,0.5466308777797984,542.8156371352528,41153.60967148126
USM2_pose_global_mean_jerk_l2,191,3.31834924535845,6.417049296773507,3.0987000514150567,-5.977750908886721,15.713149451018676,6,0.031413612565445025,0.0113885016823593,4.700753750782394,277.0807362820651
USM3_pose_global_mean_acceleration_l2,191,0.01742434833296955,0.07074555980336045,0.0533212114703909,-0.14253928607820315,0.23070919421453315,5,0.02617801047120419,1.6072482676922185e-13,0.0340754031245029,1.0486724785712738
USM3_pose_global_economy_area_xy,191,0.10438534009246125,0.18411552554030236,0.0797301854478411,-0.13480521625106207,0.4233060818838257,5,0.02617801047120419,0.0451249548040331,0.1424399051770739,0.6517947849765467
USM0_pose_global_pause_count,191,69.0,144.5,75.5,-157.5,371.0,5,0.02617801047120419,4.0,101.0,678.0
USM3_pose_global_z_range_m,191,0.0242136305236759,0.054962642166664,0.0307490116429881,-0.0680334044052884,0.1472096770956283,5,0.02617801047120419,1.2212453270876722e-15,0.0367789323450696,0.5575048748479767
USM3_pose_global_idle_threshold_relative,191,2.7489251706318574e-06,1.669022452971862e-05,1.3941299359086762e-05,-3.907497290662843e-05,5.851412260697891e-05,5,0.02617801047120419,3.233018248352212e-16,8.92421693975927e-06,0.0033917518387561
USM2_pose_global_jerk_cost,191,50129.13504339993,190618.149547641,140489.01450424106,-371337.90846932324,612085.1930603641,5,0.02617801047120419,0.1106378126461202,88657.5805349735,163015931.67846113
qc_USM3_SUJ3_range,191,9.5999999999985e-05,0.0001919999999999,9.599999999991499e-05,-0.00019199999999975996,0.00047999999999964494,5,0.02617801047120419,0.0,0.0001899999999999,0.6640232
USM2_pose_global_mean_acceleration_l2,191,0.0765266419116715,0.1475033578881742,0.07097671597650271,-0.13640350601783663,0.3604335058176823,5,0.02617801047120419,0.0003132943325867,0.107057625027022,6.641573854954474
USM2_pose_global_pause_count,191,65.0,151.0,86.0,-193.0,409.0,5,0.02617801047120419,3.0,97.0,666.0
USM0_pose_global_max_angular_speed_rad_s,191,12.775126924005828,27.135763109911142,14.360636185905314,-30.306781633710113,70.21767166762709,5,0.02617801047120419,0.0,18.95706082948096,155.1305934789707
USM0_pose_global_z_range_m,191,0.052485541270584246,0.0929972627887309,0.04051172151814665,-0.06904962328385571,0.21453242734317085,5,0.02617801047120419,1.4432899320127037e-15,0.0689514418846803,3.2946123421638025
active_pair_min_distance_rel,191,0.0055592781963511,0.01551282190521375,0.009953543708862651,-0.024301352930236855,0.04537345303180171,5,0.02617801047120419,0.0010820952300996,0.0086699223202976,9.808249631992064
USM2_pose_global_economy_area_yz,191,0.05156792695677115,0.0894608731099848,0.03789294615321365,-0.06211091150286979,0.20313971156962574,5,0.02617801047120419,0.0135467448130805,0.0675625107704916,0.46825048402614
USM1_joint_base_revolute_q0_q2_mean_abs_velocity,191,0.003086166168126,0.010788111195469501,0.007701945027343501,-0.0200196689139045,0.0338939462775,4,0.020942408376963352,9.15298371446694e-16,0.0062456018852176,0.0418917839931812
USM0_pose_global_mean_acceleration_l2,191,0.06713149809538665,0.14913152733363977,0.08200002923825311,-0.1788685896193727,0.3951316150483991,4,0.020942408376963352,2.501673382639168e-13,0.1068766797368966,3.941942668837029
qc_USM2_SUJ2_range,191,0.0,1.5799999999999842e-05,1.5799999999999842e-05,-4.7399999999999526e-05,6.319999999999937e-05,4,0.020942408376963352,0.0,1.5700000000000436e-05,0.0170855999999999
USM0_pose_global_rms_speed_l2,191,0.0168063998027906,0.0323139329107064,0.015507533107915802,-0.0297161995209568,0.0788365322344538,4,0.020942408376963352,6.4142091111576265e-15,0.0224446023907466,1.660460872871845
USM2_joint_jerk_cost,191,70390322.05521649,320611087.1907873,250220765.13557082,-680271973.351496,1071273382.5974998,4,0.020942408376963352,33.88806835704606,174106939.1736824,1507354051.4595206
USM2_joint_idle_fraction_relative,191,0.4291864635205873,0.5466799516101638,0.11749348808957649,0.07670599925185784,0.8991604158788933,4,0.020942408376963352,0.0005452562704471,0.4909489851892485,0.9034372269152344
USM2_joint_max_jerk_l2,191,13445.374559899125,20153.225266204143,6707.850706305018,-6678.177559015929,40276.777385119196,4,0.020942408376963352,5.333313726816488,16829.154987017857,121574.95498440068
USM0_USM2_pose_global_distance_range_rel,191,0.02986699861446005,0.05658487553488105,0.026717876920420998,-0.05028663214680295,0.13673850629614404,4,0.020942408376963352,1.2612060007466394e-10,0.0430408531367317,2.15919527926901
USM0_pose_global_economy_volume,191,0.046224417755278996,0.09107610137594015,0.04485168362066115,-0.08833063310670444,0.22563115223792357,4,0.020942408376963352,0.0246832175877818,0.0674208313227516,0.3972059421440553
USM0_pose_global_max_abs_angular_acceleration_rad_s2,191,435.9201408196231,999.8291133273856,563.9089725077624,-1255.8067767036641,2691.556030850673,4,0.020942408376963352,0.0,654.138574391323,5759.624365094292
USM0_pose_global_workspace_box_volume_m3,191,0.00034317967536869997,0.0021344018405573,0.0017912221651886,-0.0050304868201971,0.0075080683361231,4,0.020942408376963352,1.2452945337261558e-46,0.000795432216908,8.985934448869878
USM0_pose_global_mean_abs_angular_acceleration_rad_s2,191,4.131914147421145,8.475022871310747,4.3431087238896025,-8.89741202424766,21.504349042979555,4,0.020942408376963352,0.0,5.995453726102218,32.66166602273692
USM3_pose_global_mean_jerk_l2,191,0.73249808456741,3.0905826857937626,2.3580846012263526,-6.3417557191116485,10.16483648947282,4,0.020942408376963352,6.706933402505059e-12,1.4330578098815232,43.560639366102286
USM2_pose_global_rms_speed_l2,191,0.01676214902112745,0.03060646769835105,0.013844318677223598,-0.024770807010543343,0.07213942373002184,4,0.020942408376963352,7.31056231530021e-05,0.0218446666958473,2.022111786362136
qc_USM0_SUJ2_range,191,0.0,1.5799999999996373e-05,1.5799999999996373e-05,-4.739999999998912e-05,6.319999999998549e-05,4,0.020942408376963352,0.0,1.5000000000001124e-05,0.0563119
USM2_pose_global_mean_abs_angular_acceleration_rad_s2,191,4.890927965503451,10.627234995879878,5.736307030376427,-12.31799312562583,27.836156087009158,4,0.020942408376963352,0.0031742328471485,6.770028240928097,37.19334742389267
USM2_joint_max_acceleration_l2,191,209.96341220976012,325.441035256975,115.47762304721488,-136.4694569318845,671.8739043986196,3,0.015706806282722512,0.0870914239679444,253.720745662172,2400.134846802724
n_applicable_mgears_domains,191,6.0,6.0,0.0,6.0,6.0,3,0.015706806282722512,5.0,6.0,6.0
USM0_USM3_pose_global_std_distance_rel,191,0.01053002987824465,0.02670848661923205,0.0161784567409874,-0.038005340344717545,0.07524385684219426,3,0.015706806282722512,1.0327372397022865e-17,0.0168361652047686,0.1914823432139576
USM2_USM3_pose_global_std_distance_rel,191,0.012285971150218001,0.0267193258119445,0.014433354661726499,-0.031014092834961492,0.070019389797124,3,0.015706806282722512,1.227718820336605e-10,0.0181475975988665,0.1551328344799731
USM0_joint_max_jerk_l2,191,14599.704278863874,20972.568479040314,6372.86420017644,-4518.8883216654485,40091.16107956963,3,0.015706806282722512,5.378020129762538,16871.28149891504,46711.04512795631
USM2_pose_global_economy_area_xy,191,0.04989031933691945,0.10740079539533959,0.057510476058420135,-0.12264110883834095,0.2799322235706,3,0.015706806282722512,0.0295682713228949,0.0706498182230322,0.3179780054999225
USM2_pose_global_path_l2,191,1.1180422184685601,2.1360689782378466,1.0180267597692865,-1.9360380608392993,5.1901492575457056,3,0.015706806282722512,0.0004780005123466,1.527322851056856,11.28421090854306
USM0_pose_global_economy_area_xy,191,0.052730823295965,0.10806070608636026,0.05532988279039526,-0.1132588250752208,0.27405035445754605,3,0.015706806282722512,0.0293001699123106,0.076736541903278,0.3636065219764462
qc_USM3_SUJ2_range,191,0.0,1.580000000001025e-05,1.580000000001025e-05,-4.740000000003075e-05,6.3200000000041e-05,3,0.015706806282722512,0.0,1.5000000000001124e-05,0.0557287999999999
active_pair_path_length_b_rel,191,1.1816322079932324,2.107878991732469,0.9262467837392365,-1.5971081432244771,4.886619342950178,3,0.015706806282722512,0.0011453105508247,1.5642978873141855,10.583480520769022
USM2_joint_net_displacement_l2,191,0.7378464248467494,1.995633783040346,1.2577873581935965,-3.03551564973404,5.768995857621135,3,0.015706806282722512,4.811507033978487e-05,1.2130013146619585,14.629965855654415
USM0_USM2_pose_global_mean_abs_relative_speed,191,0.0040468583925187,0.006897354634142349,0.002850496241623649,-0.004504630332352247,0.015448843359013297,3,0.015706806282722512,1.3555196614951272e-06,0.0053105119211499,0.3945560066134421
USM0_USM2_pose_global_path_length_b_rel,191,1.0775610074898347,2.0738510682290734,0.9962900607392386,-1.9113091747278812,5.062721250446789,3,0.015706806282722512,0.0004491101372152,1.479457181498263,10.583480520769022
USM0_pose_global_mean_jerk_l2,191,2.891464219933993,6.445891674615165,3.5544274546811723,-7.771818144109525,17.109174038658683,3,0.015706806282722512,1.002172865262118e-11,4.58494961793216,161.12090550354122
qc_USM2_SUJ1_range,191,0.0,1.1169999999994379e-05,1.1169999999994379e-05,-3.3509999999983137e-05,4.4679999999977515e-05,3,0.015706806282722512,0.0,1.11e-05,0.0228019999999999
qc_USM3_SUJ1_range,191,0.0,1.1000000000011e-05,1.1000000000011e-05,-3.3000000000032996e-05,4.4000000000044e-05,3,0.015706806282722512,0.0,1.0999999999983244e-05,0.028616
USM2_USM3_pose_global_path_length_a_rel,191,1.0775610074898347,2.0738510682290734,0.9962900607392386,-1.9113091747278812,5.062721250446789,3,0.015706806282722512,0.0004491101372152,1.479457181498263,10.583480520769022
qc_USM0_SUJ1_range,191,0.0,1.1199999999995935e-05,1.1199999999995935e-05,-3.3599999999987806e-05,4.479999999998374e-05,3,0.015706806282722512,0.0,1.11e-05,0.0121639999999999
USM0_joint_pause_count,191,57.0,117.0,60.0,-123.0,297.0,2,0.010471204188481676,0.0,83.0,413.0
USM2_joint_max_speed_l2,191,13.218304408205398,18.487121623933728,5.26881721572833,-2.588147238979591,34.29357327111872,2,0.010471204188481676,0.0024995524831726,14.489303899251317,116.88988959631077
USM2_USM3_pose_global_mean_abs_relative_speed,191,0.005586660408111999,0.00977040535291895,0.004183744944806951,-0.006964574426308854,0.022321640187339804,2,0.010471204188481676,2.018487179439087e-05,0.0077579646173046,0.2811112374227583
USM2_USM3_pose_global_distance_range_rel,191,0.06723900811684419,0.12011133693766415,0.052872328820819964,-0.0913779783456157,0.27872832340012405,2,0.010471204188481676,2.350588168553713e-09,0.0932007832512458,0.487565570685236
USM2_USM3_pose_global_simultaneous_active_fraction,191,0.0763598051585491,0.2082214803796979,0.1318616752211488,-0.3192252205048973,0.6038065060431443,2,0.010471204188481676,0.00015931177314,0.1323870048108333,0.629715088282504
USM0_USM3_pose_global_mean_abs_relative_speed,191,0.0047406659676054,0.0097404774851934,0.004999811517588,-0.0102587685851586,0.0247399120379574,2,0.010471204188481676,1.3641846258523953e-15,0.0072394644905801,0.1227005405931684
USM0_USM3_pose_global_max_distance_rel,191,0.19720789839047026,0.6347767569876861,0.43756885859721584,-1.1154986774011775,1.9474833327793337,2,0.010471204188481676,0.0113715841597688,0.3458973732956886,5.165536484267036
USM0_USM3_pose_global_min_distance_rel,191,0.09876958215395285,0.5074141223454383,0.40864454019148544,-1.1271640384205033,1.7333477429198945,2,0.010471204188481676,0.0014161283339808,0.2379426289809856,4.333837582962031
USM0_USM3_pose_global_distance_range_rel,191,0.06294643881822305,0.12001697922808599,0.05707054040986294,-0.10826518241136578,0.29122860045767485,2,0.010471204188481676,6.730727086790013e-16,0.0879470538446053,0.8316989013050051
USM0_USM3_pose_global_mean_distance_rel,191,0.1372158363935578,0.5840751229225816,0.44685928652902374,-1.2033620231935134,1.9246529825096528,2,0.010471204188481676,0.0039142417580568,0.2807255261897255,4.607944490753889
active_pair_mean_abs_relative_speed,191,0.00406266571918015,0.006897354634142349,0.002834688914962199,-0.004441401025706448,0.015401421379028947,2,0.010471204188481676,2.031601897895548e-05,0.0053289062409071,0.3945560066134421
all_psm_pose_global_path_total_m,191,2.4852087456361787,4.961011744492167,2.475802998855988,-4.942200250931785,12.38842074106013,2,0.010471204188481676,0.0022635515663812,3.430669912789579,20.108394394972425
USM0_joint_net_displacement_l2,191,0.5641618085696554,1.9003206863135307,1.3361588777438753,-3.444314824661971,5.908797319545156,2,0.010471204188481676,2.519322807764313e-05,1.0307036291040097,6.5853714845864095
USM2_pose_global_z_range_m,191,0.0493206353738805,0.08949048850356156,0.04016985312968106,-0.07118892401516269,0.21000004789260474,2,0.010471204188481676,2.1857108019052163e-06,0.0670938517068352,1.6270118538587872
USM2_pose_global_x_range_m,191,0.0440408331780545,0.12753439423965446,0.08349356106159996,-0.20643985000674536,0.37801507742445434,2,0.010471204188481676,0.0001132630624138,0.0652587923602954,2.7969170362447464
USM2_pose_global_raw_path_l2,191,0.9674370277921058,1.8943193640619875,0.9268823362698817,-1.8132099810175393,4.674966372871633,2,0.010471204188481676,0.0004378260874768,1.3667851038838794,8.522502544982325
USM2_pose_global_idle_threshold_relative,191,0.0009177267774438,0.0017311618943861998,0.0008134351169423998,-0.0015225785733833995,0.0041714672452134,2,0.010471204188481676,7.593673898641511e-16,0.0013006549368329,0.0170717402692182
USM2_pose_global_mean_speed_l2,191,0.00522038498983355,0.0094003213868322,0.00417993639699865,-0.007319424201162399,0.02194013057782815,2,0.010471204188481676,1.1916430362761555e-05,0.0070541068615702,0.2726779353236058
USM0_pose_global_y_range_m,191,0.15042535425950732,0.2056294622331801,0.055204107973672784,-0.015186969661511035,0.37124178615419845,2,0.010471204188481676,4.8572257327350605e-17,0.1777749195584263,1.6509768801488578
USM0_pose_global_x_range_m,191,0.03998294405068465,0.135571910759349,0.09558896670866435,-0.2467839560753084,0.42233881088534203,2,0.010471204188481676,1.7763568394002505e-15,0.0642148351622717,2.4180245469478048
USM2_pose_global_y_range_m,191,0.1479267792601707,0.20546930242989891,0.057542523169728216,-0.02470079024901395,0.3780968719390836,2,0.010471204188481676,1.918376851833825e-05,0.1781536537431976,4.312812445974211
qc_SUS0_median,191,0.190427,0.214217,0.023789999999999978,0.11905700000000008,0.2855869999999999,2,0.010471204188481676,0.144419,0.204714,0.298746
USM2_pose_global_economy_volume,191,0.0434930836524042,0.08411909404851725,0.04062601039611305,-0.07838494753593495,0.2059971252368564,2,0.010471204188481676,0.0241580526085683,0.0604793618365748,0.3014162737600951
USM2_pose_global_workspace_box_volume_m3,191,0.00036696792758174996,0.00180651540720415,0.0014395474796224002,-0.00395167451128545,0.006125157846071351,2,0.010471204188481676,4.749139469864833e-15,0.0008510459634064,9.916110790936758
USM2_pose_global_economy_area_xz,191,0.031068252804989302,0.0660026647667403,0.034934411961751,-0.07373498308026369,0.1708059006519933,2,0.010471204188481676,0.0165077476969159,0.0447718731814114,0.1888350868958482
qc_USM2_SUJ1_median,191,0.00653866,0.04913985,0.04260119,-0.12126490999999998,0.17694341999999996,2,0.010471204188481676,-0.0524469,0.0114124,0.17697
USM2_USM3_pose_global_max_distance_rel,191,0.19099642258839444,0.6193494100823496,0.4283529874939551,-1.094062539893471,1.904408372564215,2,0.010471204188481676,0.0115069687476382,0.364613022305027,11.122952273419596
USM2_USM3_pose_global_min_distance_rel,191,0.0938938896944902,0.4933307696632737,0.3994368799687835,-1.1044167502118603,1.6916414095696242,2,0.010471204188481676,0.0010771828662102,0.2367283413216119,10.720704835293292
USM2_joint_distal_q5_q9_path_l1,191,80.90623994188897,241.0096136471526,160.10337370526364,-399.40388117390194,721.3197347629435,2,0.010471204188481676,0.0273973538239497,141.84627246312243,1005.824681968653
USM2_joint_base_revolute_q0_q2_path_l1,191,7.85040568549047,16.41532697728715,8.564921291796681,-17.844358189899573,42.110090852677196,2,0.010471204188481676,1.3636363738189772e-06,11.915790750649348,51.28683744531018
USM2_USM3_pose_global_mean_distance_rel,191,0.13249812137908407,0.564286105963538,0.43178798458445394,-1.1628658323742778,1.8596500597169,2,0.010471204188481676,0.0037520532549101,0.3038123248772578,10.860797551455434
USM0_USM3_pose_global_one_arm_only_active_fraction,191,0.3541743787062084,0.45774153499559844,0.10356715628939006,0.0434729098380382,0.7684430038637686,2,0.010471204188481676,0.0368715083798882,0.4028892455858748,0.5968731446665347
USM2_joint_pause_count,191,56.5,119.0,62.5,-131.0,306.5,2,0.010471204188481676,0.0,83.0,475.0
USM0_joint_jerk_cost,191,93372539.06326096,305012682.6652727,211640143.60201174,-541547891.7427744,939933113.471308,2,0.010471204188481676,40.18063192940759,179764560.16399044,2183074051.891954
USM2_joint_raw_path_l2,191,76.07038044851114,224.75490632922742,148.68452588071628,-369.9831971936377,670.8084839713763,2,0.010471204188481676,0.0928431842441042,135.41196488420763,934.9161972294354
USM2_joint_path_l2,191,74.09729495864087,222.11190891095697,148.0146139523161,-369.9465468983074,666.1557507679053,2,0.010471204188481676,0.0203923952385622,131.52757833418053,920.985944886874
USM1_joint_base_revolute_q0_q2_path_l1,191,2.065521167307363,7.337222812265503,5.27170164495814,-13.749583767567058,23.152327747139925,2,0.010471204188481676,6.994405055138486e-15,3.691639974025984,30.85391439186143
USM1_joint_insertion_q3_path_l1,191,0.1969354064213568,0.5481091414141406,0.3511737349927838,-0.8565857985569948,1.6016303463924921,2,0.010471204188481676,2.727272727848229e-06,0.3229579606060604,1.983665645021642
USM0_joint_max_abs_joint_velocity,191,13.315394354254783,18.436430573591807,5.121036219337023,-2.047714303756287,33.79953923160288,2,0.010471204188481676,0.0032940476190361,14.099918903316894,57.73145497835495
USM0_joint_base_revolute_q0_q2_path_l1,191,6.856364600116724,15.052454070334036,8.196089470217313,-17.731903810535215,39.64072248098597,2,0.010471204188481676,9.43689570931383e-15,10.549935653679643,67.00421899336209
USM0_pose_global_mean_speed_l2,191,0.00444563579970855,0.0091527862785967,0.004707150478888151,-0.009675815636955902,0.023274237715261152,2,0.010471204188481676,3.0105012568534418e-15,0.0067660918458157,0.1689045179024577
USM2_USM3_pose_global_speed_correlation,191,0.012388273533341251,0.1225670204479867,0.11017874691464545,-0.3181479672105951,0.453103261191923,1,0.005235602094240838,-0.0674556631554371,0.054851656113968,0.7612945336338859
USM0_USM3_pose_global_n_aligned_samples,191,8026.0,16738.0,8712.0,-18110.0,42874.0,1,0.005235602094240838,383.0,11530.0,43485.0
USM2_joint_max_joint_range,191,2.5626885519480482,5.310587523809517,2.7478989718614684,-5.681008363636357,13.554284439393921,1,0.005235602094240838,0.000145844155844,3.439032294372289,14.545255220419758
USM2_joint_base_revolute_q0_q2_mean_abs_velocity,191,0.0123510188762147,0.025211417710567202,0.012860398834352502,-0.02623017762684281,0.06379261421362471,1,0.005235602094240838,1.5911833966590685e-08,0.0165726923382229,0.075062039136735
USM2_joint_tool_roll_q4_path_l1,191,24.406813931886823,62.69926617653668,38.29245224464986,-90.47054280206274,177.57662291048626,1,0.005235602094240838,0.0039817027415951,40.940302607214974,194.6833507001238
USM2_joint_base_revolute_q0_q2_mean_range,191,0.40015310194805165,0.6407700399230396,0.24061693797498795,-0.3216977119769122,1.3626208538480036,1,0.005235602094240838,3.939393952527108e-07,0.5246743187590183,1.75359767243867
USM2_joint_path_l1,191,113.81270289677786,325.6930282485886,211.8803253518107,-521.8282731586543,961.3340043040207,1,0.005235602094240838,0.0313804202019193,212.72631425841104,1255.3572435051406
USM2_joint_mean_joint_range,191,0.8889468565367955,1.3271359632323212,0.4381891066955257,-0.42562046354978156,2.6417032833188983,1,0.005235602094240838,2.5660028860601675e-05,1.0486756010822496,4.649145726586448
USM2_joint_distal_q5_q9_mean_range,191,0.8891153487445875,1.216364707792206,0.3272493590476184,-0.09263272839826775,2.198112784935061,1,0.005235602094240838,4.436507936520367e-05,1.0246079412121198,6.6430026309398
USM0_USM3_pose_global_path_length_a_rel,191,0.9531880925086298,2.0514651031674536,1.0982770106588238,-2.3416429394678415,5.346296135143925,1,0.005235602094240838,5.927193431046882e-15,1.4026704782799702,6.913819208863373
USM2_USM3_pose_global_n_aligned_samples,191,8026.0,16738.0,8712.0,-18110.0,42874.0,1,0.005235602094240838,383.0,11530.0,43485.0
USM2_joint_pause_duration_seconds,191,60.874999999999865,153.63500000000002,92.76000000000016,-217.40500000000063,431.91500000000053,1,0.005235602094240838,0.0,98.79999999999976,443.0199999999969
qc_raw_rows_after_timestamp_cleaning,191,32890.0,68606.0,35716.0,-74258.0,175754.0,1,0.005235602094240838,1568.0,47264.0,178180.0
USM2_USM3_pose_global_one_arm_only_active_fraction,191,0.37438282725314986,0.46765262163982,0.09326979438667016,0.09457344409313939,0.7474620047998305,1,0.005235602094240838,0.0156424581005586,0.4106905352456954,0.7209369857709805
duration_seconds,191,160.49,334.845,174.35500000000002,-362.57500000000005,857.9100000000001,1,0.005235602094240838,7.65,230.57,869.6800000000001
qc_unique_timestamps,191,8222.5,17151.5,8929.0,-18564.5,43938.5,1,0.005235602094240838,392.0,11816.0,44545.0
USM0_USM2_pose_global_path_length_a_rel,191,0.9531880925086298,2.0514651031674536,1.0982770106588238,-2.3416429394678415,5.346296135143925,1,0.005235602094240838,5.927193431046882e-15,1.4026704782799702,6.913819208863373
USM3_joint_duration_seconds,191,160.49,334.845,174.35500000000002,-362.57500000000005,857.9100000000001,1,0.005235602094240838,7.65,230.57,869.6800000000001
USM2_joint_n_samples,191,8222.5,17151.5,8929.0,-18564.5,43938.5,1,0.005235602094240838,392.0,11816.0,44545.0
USM2_joint_duration_seconds,191,160.49,334.845,174.35500000000002,-362.57500000000005,857.9100000000001,1,0.005235602094240838,7.65,230.57,869.6800000000001
USM1_joint_base_revolute_q0_q2_mean_range,191,0.2975452546897545,0.5152400965367958,0.2176948418470413,-0.35553927085136944,1.1683246220779198,1,0.005235602094240838,1.2212453270876722e-15,0.368760422510822,1.815102514718612
USM3_joint_n_samples,191,8222.5,17151.5,8929.0,-18564.5,43938.5,1,0.005235602094240838,392.0,11816.0,44545.0
USM0_joint_distal_q5_q9_mean_range,191,0.8273341790043278,1.1450635820952364,0.3177294030909086,-0.12585403026839792,2.098251791367962,1,0.005235602094240838,4.639393939397662e-05,0.9747486961038948,2.16284141350649
USM0_joint_distal_q5_q9_path_l1,191,84.96571957355803,213.80133111724254,128.8356115436845,-301.54111505749546,600.308165748296,1,0.005235602094240838,0.0309616089466101,138.18648244667511,1205.0326144901333
USM0_joint_tool_roll_q4_mean_abs_velocity,191,0.0993521788126248,0.1924684262752508,0.09311624746262599,-0.17999656357525318,0.4718171686631288,1,0.005235602094240838,8.80298110930219e-05,0.1368357579244151,0.53348912728578
USM0_joint_base_revolute_q0_q2_mean_abs_velocity,191,0.01072660595988465,0.02391931004051305,0.013192704080628401,-0.028851506282000554,0.06349742228239826,1,0.005235602094240838,1.6733655940769716e-15,0.0161570641268255,0.0648300411660264
USM0_joint_insertion_q3_mean_abs_velocity,191,0.0030031161644472,0.00621009369907705,0.0032069775346298497,-0.006617816439442348,0.015831026302966598,1,0.005235602094240838,5.4067091771489985e-18,0.0042921444984686,0.0159858080096205
USM0_joint_tool_roll_q4_path_l1,191,18.39170090698409,49.200486340018685,30.808785433034593,-74.0346553921197,141.62684263912246,1,0.005235602094240838,0.0038895670995646,28.696686481962427,149.14959727367938
USM0_joint_tool_roll_q4_mean_range,191,1.9025515683982657,3.6193537619047564,1.7168021935064908,-3.247855012121207,8.76976034242423,1,0.005235602094240838,2.861471861459464e-05,2.6504510822510783,9.616063852813838
USM0_joint_base_revolute_q0_q2_mean_range,191,0.39241590137085075,0.6342677126262617,0.24185181125541094,-0.33313953239538213,1.3598231463924946,1,0.005235602094240838,1.3692750637043598e-15,0.5027172842712839,1.4865113506493488
USM0_USM2_pose_global_n_aligned_samples,191,8026.0,16738.0,8712.0,-18110.0,42874.0,1,0.005235602094240838,383.0,11530.0,43485.0
USM0_pose_global_active,191,1.0,1.0,0.0,1.0,1.0,1,0.005235602094240838,0.0,1.0,1.0
USM0_joint_max_acceleration_l2,191,222.12117139902796,355.0938456380912,132.97267423906322,-176.7968513181617,754.0118683552809,1,0.005235602094240838,0.1062040744623944,262.2835407497928,791.1702352451441
USM3_pose_global_pause_duration_seconds,191,70.12999999999951,217.5100000000004,147.38000000000088,-372.01000000000306,659.650000000003,1,0.005235602094240838,1.019999999999999,144.7100000000001,735.5399999999972
USM3_pose_global_log_dimensionless_jerk,191,-42.55081505050833,-39.24134200469683,3.309473045811494,-52.47923418794281,-29.31292286726235,1,0.005235602094240838,-49.87369979845997,-41.019972315929984,-26.49202402662525
USM0_joint_path_l1,191,117.69663480352895,282.170445786836,164.47381098330706,-375.72479814639223,775.5918787367572,1,0.005235602094240838,0.0348511760461847,178.50813364824796,1424.5671735205228
USM0_joint_pause_duration_seconds,191,66.63999999999993,180.6400000000001,114.00000000000017,-275.3600000000006,522.6400000000006,1,0.005235602094240838,0.0,114.98999999999975,538.3499999999959
USM0_joint_max_joint_range,191,1.9903883160173133,3.656114716450211,1.6657264004328975,-3.0067908852813794,8.653293917748904,1,0.005235602094240838,0.0001428831168831,2.745233727272724,9.616063852813838
USM1_joint_n_samples,191,8222.5,17151.5,8929.0,-18564.5,43938.5,1,0.005235602094240838,392.0,11816.0,44545.0
USM0_joint_max_speed_l2,191,13.523742083644994,18.75365530521508,5.2299132215700865,-2.165997581065266,34.443394969925336,1,0.005235602094240838,0.003437000648597,14.387581919699224,57.731455791002745
USM0_pose_global_path_l2,191,0.9975486071417158,2.1182375288700817,1.120688921728366,-2.3645181580433823,5.48030429405518,1,0.005235602094240838,5.927193431046882e-15,1.4379453394620356,7.011332595678066
all_usm_joint_path_l1_total,191,282.58643767193723,631.0690240356544,348.48258636371713,-762.8613214192143,1676.5167831268059,1,0.005235602094240838,0.1133863062046932,452.9443620995183,2783.302606481498
USM0_pose_global_n_samples,191,8222.5,17151.5,8929.0,-18564.5,43938.5,1,0.005235602094240838,392.0,11816.0,44545.0
USM0_pose_global_duration_seconds,191,160.49,334.845,174.35500000000002,-362.57500000000005,857.9100000000001,1,0.005235602094240838,7.65,230.57,869.6800000000001
USM0_pose_global_raw_path_l2,191,0.8682407343871072,1.8902857299339224,1.0220449955468152,-2.1978942522533385,4.956420716574368,1,0.005235602094240838,0.0,1.2671856490962023,5.141956874400716
USM1_joint_duration_seconds,191,160.49,334.845,174.35500000000002,-362.57500000000005,857.9100000000001,1,0.005235602094240838,7.65,230.57,869.6800000000001
USM0_pose_global_idle_threshold_relative,191,0.000822393928931,0.00167574075157795,0.0008533468226469501,-0.00173764653900985,0.0042357812195188,1,0.005235602094240838,4.788138475230814e-16,0.0013215232172533,0.0058806159494482
USM0_pose_global_pause_duration_seconds,191,76.37499999999986,182.6099999999994,106.23499999999953,-242.3299999999987,501.31499999999795,1,0.005235602094240838,3.730000000000001,119.15999999999964,552.0799999999936
USM0_pose_global_rotation_path_radians,191,31.34613411602092,78.717015929383,47.370881813362075,-110.7665113240653,220.82966136946922,1,0.005235602094240838,0.0,46.25006187798613,229.83160889270647
USM2_pose_global_duration_seconds,191,160.49,334.845,174.35500000000002,-362.57500000000005,857.9100000000001,1,0.005235602094240838,7.65,230.57,869.6800000000001
USM2_pose_global_n_samples,191,8222.5,17151.5,8929.0,-18564.5,43938.5,1,0.005235602094240838,392.0,11816.0,44545.0
USM0_pose_global_log_dimensionless_jerk,191,-39.444491362373086,-36.47021700323987,2.9742743591332186,-48.36731443977274,-27.54739392584021,1,0.005235602094240838,-46.48018737273146,-38.08590604032277,-23.136489500853106
USM3_pose_global_movement_economy,191,0.0292720823513183,0.2175260727206712,0.18825399036935292,-0.5354898887567404,0.7822880438287299,1,0.005235602094240838,0.0049599644161693,0.0695697039041395,0.8547137846033855
USM2_pose_global_rotation_path_radians,191,36.48730757574595,94.69389984847209,58.206592272726134,-138.13246924243245,269.3136766666505,1,0.005235602094240838,0.0030191101080051,61.15817383559459,284.83955265217514
USM2_pose_global_log_dimensionless_jerk,191,-39.360649715393166,-36.546806586504374,2.8138431288887915,-47.80217910205954,-28.105277199838,1,0.005235602094240838,-43.45096935921448,-37.94643898451472,-23.262408105514183
USM3_pose_global_duration_seconds,191,160.49,334.845,174.35500000000002,-362.57500000000005,857.9100000000001,1,0.005235602094240838,7.65,230.57,869.6800000000001
USM3_pose_global_n_samples,191,8222.5,17151.5,8929.0,-18564.5,43938.5,1,0.005235602094240838,392.0,11816.0,44545.0
active_pair_usm_a,191,0.0,0.0,0.0,0.0,0.0,1,0.005235602094240838,0.0,0.0,2.0
active_pair_n_aligned_samples,191,8026.0,16738.0,8712.0,-18110.0,42874.0,1,0.005235602094240838,383.0,11530.0,43485.0
USM0_joint_duration_seconds,191,160.49,334.845,174.35500000000002,-362.57500000000005,857.9100000000001,1,0.005235602094240838,7.65,230.57,869.6800000000001
USM0_joint_n_samples,191,8222.5,17151.5,8929.0,-18564.5,43938.5,1,0.005235602094240838,392.0,11816.0,44545.0
USM0_joint_raw_path_l2,191,79.11359275011097,195.81971634131241,116.70612359120145,-271.0047780234934,545.9380871149167,1,0.005235602094240838,0.1009834745544766,127.39568457704308,1115.4546465202338
USM0_joint_path_l2,191,77.26567610791415,192.36373940243658,115.09806329452243,-268.02851377565315,537.6579292860039,1,0.005235602094240838,0.0222872244136283,125.38411240357772,1107.5438709054906
active_pair_path_length_a_rel,191,0.9531880925086298,2.0514651031674536,1.0982770106588238,-2.3416429394678415,5.346296135143925,1,0.005235602094240838,5.927193431046882e-15,1.4026704782799702,6.913819208863373
qc_fk_rows,191,32890.0,68606.0,35716.0,-74258.0,175754.0,1,0.005235602094240838,1568.0,47264.0,178180.0
qc_invalid_sujvalues_rows,191,0.0,0.0,0.0,0.0,0.0,0,0.0,0.0,0.0,0.0
qc_invalid_usmjointvalues_rows,191,0.0,0.0,0.0,0.0,0.0,0,0.0,0.0,0.0,0.0
qc_invalid_endoscopeposition_rows,191,0.0,0.0,0.0,0.0,0.0,0,0.0,0.0,0.0,0.0
qc_fk_duplicate_timestamp_usm_rows_removed,191,0.0,9.0,9.0,-27.0,36.0,0,0.0,0.0,3.0,33.0
qc_fk_valid_xyz_fraction,191,1.0,1.0,0.0,1.0,1.0,0,0.0,1.0,1.0,1.0
n_label_records,191,1.0,1.0,0.0,1.0,1.0,0,0.0,1.0,1.0,1.0
n_unique_target_scores,191,1.0,1.0,0.0,1.0,1.0,0,0.0,1.0,1.0,1.0
label_disagreement_flag,191,0.0,0.0,0.0,0.0,0.0,0,0.0,0.0,0.0,0.0
mgears_depth_perception,191,3.0,4.0,1.0,0.0,7.0,0,0.0,1.0,3.0,5.0
mgears_dexterity_with_multiple_wristed_instruments,191,3.0,4.0,1.0,0.0,7.0,0,0.0,1.0,3.0,5.0
mgears_efficiency_flow_of_operation,190,3.0,4.0,1.0,0.0,7.0,0,0.0,1.0,3.0,5.0
USM2_USM3_pose_global_both_idle_fraction,191,0.32791585252887345,0.5140846990302066,0.18616884650133314,-0.23059068697512597,1.072591238534206,0,0.0,0.0866773675762439,0.4210974456007568,0.8632146709816613
qc_SUS0_range,191,0.0,0.0,0.0,0.0,0.0,0,0.0,0.0,0.0,0.0
qc_SUS1_median,191,0.0130292,0.312779,0.29974979999999996,-0.8862201999999999,1.2120284,0,0.0,-0.27116,0.265091,0.345558
qc_SUS2_range,191,0.0,0.0,0.0,0.0,0.0,0,0.0,0.0,0.0,0.0
qc_SUS3_median,191,1.22417,1.44813,0.22395999999999994,0.5522900000000002,2.1200099999999997,0,0.0,1.2012,1.32316,1.78735
qc_USM0_SUJ0_median,191,-0.517788,-0.368859,0.14892900000000003,-0.9645750000000002,0.07792800000000011,0,0.0,-0.84964,-0.415238,-0.0127878
qc_USM0_SUJ2_median,191,-0.0721375,-0.0212981,0.05083939999999999,-0.22465569999999999,0.1312201,0,0.0,-0.120521,-0.0444624,0.0218257
qc_USM0_SUJ4_median,191,0.0,0.0,0.0,0.0,0.0,0,0.0,0.0,0.0,0.0
USM2_USM3_pose_global_path_length_imbalance,191,0.46832751128855254,0.7760308507137166,0.30770333942516404,-0.45478250698693956,1.6991408689892087,0,0.0,0.0645682503260277,0.6397426360945556,0.9999999999999964
qc_USM3_SUJ5_median,191,0.0,0.0,0.0,0.0,0.0,0,0.0,0.0,0.0,0.0
qc_USM3_SUJ5_range,191,0.0,0.0,0.0,0.0,0.0,0,0.0,0.0,0.0,0.0
USM2_pose_global_rotation_orthogonality_error_max,191,7.025924169845634e-06,1.1119176507895173e-05,4.093252338049539e-06,-5.253832844302982e-06,2.3398933522043787e-05,0,0.0,4.837126230814833e-06,9.523537046725775e-06,1.2674027341072256e-05
USM2_pose_global_rotation_determinant_mean,191,0.999994135064997,0.9999987323375132,4.59727251622688e-06,0.9999803432474483,1.000012524155062,0,0.0,0.9999926838566078,0.9999953317330054,1.0000003082921942
USM2_pose_global_mean_angular_speed_rad_s,191,0.19631753381017594,0.3687898394681363,0.17247230565796037,-0.32109938316370523,0.8862067564420175,0,0.0,8.788017793524669e-05,0.2578502988505503,0.7799148132236658
USM2_pose_global_matrix_valid_fraction,191,1.0,1.0,0.0,1.0,1.0,0,0.0,1.0,1.0,1.0
USM2_pose_global_rotation_orthogonality_error_mean,191,4.4677104514091765e-06,7.741413769219831e-06,3.2737033178106543e-06,-5.3533995020227856e-06,1.7562523722651793e-05,0,0.0,3.572145572122537e-06,6.098039900143425e-06,9.647374372709527e-06
qc_USM3_SUJ3_median,191,-0.327893,1.04824,1.376133,-4.4562919999999995,5.176639,0,0.0,-0.421033,0.212406,1.48643
qc_USM3_SUJ4_median,191,0.0,0.0,0.0,0.0,0.0,0,0.0,0.0,0.0,0.0
qc_USM3_SUJ4_range,191,0.0,0.0,0.0,0.0,0.0,0,0.0,0.0,0.0,0.0
USM2_pose_global_idle_fraction_relative,191,0.47620252145798875,0.62308376080801,0.14688123935002123,0.035558803407925055,1.0637274788580737,0,0.0,0.259494909945184,0.549284064665127,0.9462813290880888
USM2_pose_global_pause_duration_seconds,191,69.3449999999998,173.59499999999946,104.24999999999966,-243.40499999999918,486.34499999999844,0,0.0,5.76,107.93999999999964,473.3199999999959
USM2_pose_global_pause_fraction,191,0.4190721984929914,0.582867396900463,0.1637951984074716,-0.07231339672942338,1.0742529921228776,0,0.0,0.2116783405172412,0.5050635988009394,0.944600133846411
USM0_pose_global_matrix_valid_fraction,191,1.0,1.0,0.0,1.0,1.0,0,0.0,1.0,1.0,1.0
USM0_pose_global_rotation_orthogonality_error_mean,191,3.716699263922463e-06,5.073732051285838e-06,1.357032787363375e-06,-3.54399098167662e-07,9.144830413375963e-06,0,0.0,2.4647426602190483e-06,4.43603549113648e-06,8.331607126998632e-06
USM0_pose_global_mean_angular_speed_rad_s,191,0.16514198559914922,0.296889387731158,0.1317474021320088,-0.2301002207968772,0.6921315941271844,0,0.0,0.0,0.2243332920111206,0.6592391382494069
USM3_pose_global_idle_fraction_relative,191,0.5532185797369669,0.8138917114446373,0.2606731317076705,-0.22880081538604458,1.5959111065676488,0,0.0,0.2135865309318715,0.6999876588917685,0.9492417860151644
USM3_pose_global_pause_fraction,191,0.40838082204604226,0.7935750946102795,0.38519427256423727,-0.7472019956466696,1.9491579123029914,0,0.0,0.0092360042129141,0.6575186543568992,0.9480970177713376
qc_USM2_SUJ2_median,191,-0.0571939,-0.0132987,0.043895199999999995,-0.18887949999999998,0.11838689999999999,0,0.0,-0.10823,-0.0311563,0.111284
qc_USM2_SUJ3_median,191,-0.140991,-0.0475577,0.0934333,-0.4212909,0.23274219999999998,0,0.0,-0.373913,-0.0926701,-0.0155874
USM0_joint_idle_threshold_relative,191,0.09970058762921545,0.18749663370443195,0.0877960460752165,-0.16368755059643403,0.4508847719300815,0,0.0,6.275989530810103e-05,0.1466046277198279,0.3979286003651499
USM0_joint_pause_fraction,191,0.440232096098252,0.5914568724415252,0.15122477634327325,-0.013442232931567766,1.045131201471345,0,0.0,0.0,0.5138559924206527,0.8372585963259529
USM0_joint_mean_joint_range,191,0.7913931779206338,1.1541618223809507,0.36276864446031687,-0.2969127554603168,2.2424677557619015,0,0.0,2.6227272727617767e-05,0.9087900506320332,1.828858741346318
USM0_pose_global_idle_fraction_relative,191,0.5139893915684777,0.6588728156559948,0.1448834240875171,0.07933911930592641,1.093523087918546,0,0.0,0.3140124902419984,0.5985602200113241,0.869345579793341
USM0_pose_global_pause_fraction,191,0.4745566548495561,0.6288339742919379,0.15427731944238177,0.011724696522410816,1.0916659326190832,0,0.0,0.0350558623994346,0.5566876829542883,0.8636363636363629
qc_USM2_SUJ4_median,191,0.0,0.0,0.0,0.0,0.0,0,0.0,0.0,0.0,0.0
qc_USM2_SUJ4_range,191,0.0,0.0,0.0,0.0,0.0,0,0.0,0.0,0.0,0.0
qc_USM2_SUJ5_median,191,0.0,0.0,0.0,0.0,0.0,0,0.0,0.0,0.0,0.0
qc_USM2_SUJ5_range,191,0.0,0.0,0.0,0.0,0.0,0,0.0,0.0,0.0,0.0
qc_USM3_SUJ0_median,191,-0.046888,0.169468,0.216356,-0.695956,0.8185359999999999,0,0.0,-0.194981,-0.00700438,0.527205
qc_USM3_SUJ1_median,191,0.1055915,0.176552,0.07096049999999998,-0.10728999999999994,0.38943349999999993,0,0.0,0.0363298,0.172514,0.177415
qc_USM3_SUJ2_median,191,-0.104388,0.1027845,0.20717249999999998,-0.7259055,0.724302,0,0.0,-0.116986,-0.0384707,0.119378
USM3_pose_global_economy_area_yz,191,0.09661542238129275,0.20686603365188944,0.11025061127059668,-0.23413641143049732,0.5376178674636796,0,0.0,0.0143264178479366,0.1539655614626754,0.5126534651508359
USM3_pose_global_economy_volume,191,0.0951779659014177,0.17317502495457615,0.07799705905315846,-0.13881321125805768,0.4071662021140515,0,0.0,0.0262387563143061,0.1281235917998922,0.3961952649211746
USM3_pose_global_matrix_valid_fraction,191,1.0,1.0,0.0,1.0,1.0,0,0.0,1.0,1.0,1.0
USM3_pose_global_rotation_orthogonality_error_mean,191,4.2054293957245516e-06,8.767371891633813e-06,4.561942495909262e-06,-9.480398092003234e-06,2.24531993793616e-05,0,0.0,2.5837634713304927e-06,5.705233625207654e-06,1.0692080264960087e-05
USM3_pose_global_rotation_orthogonality_error_max,191,5.47084834158833e-06,1.0252381968523935e-05,4.781533626935605e-06,-8.873752539218486e-06,2.459698284933075e-05,0,0.0,3.8492918966114925e-06,7.284615750542601e-06,1.177645199140954e-05
USM3_pose_global_rotation_determinant_mean,191,0.9999938592084052,0.9999975495701777,3.6903617725014826e-06,0.9999827881230877,1.0000086206554952,0,0.0,0.9999924344077292,0.9999960202848688,0.9999996095993426
fk_camera_usms,191,1.0,1.0,0.0,1.0,1.0,0,0.0,1.0,1.0,1.0
USM0_joint_mean_speed_l2,191,0.4212131117985291,0.7506425589034944,0.3294294471049653,-0.5670752295163668,1.7389309002183904,0,0.0,0.0005420729299549,0.6014135617476394,1.6876092965475968
USM0_joint_rms_speed_l2,191,1.0997367162310903,1.747786093059392,0.6480493768283018,-0.844411414253815,3.6919342235442976,0,0.0,0.0006509755191187,1.4555658127148574,3.2344927232442178
USM0_joint_mean_acceleration_l2,191,5.453963778096975,10.721514918257345,5.26755114016037,-10.348689642384134,26.524168338738455,0,0.0,0.018611071981544,8.035203836043927,22.96932504913255
USM0_joint_mean_jerk_l2,191,197.51011323712243,392.76043472150855,195.25032148438612,-388.2408512160359,978.5113991746668,0,0.0,0.8661091388722636,294.3584118006412,834.0373494263664
qc_USM0_SUJ4_range,191,0.0,0.0,0.0,0.0,0.0,0,0.0,0.0,0.0,0.0
qc_USM0_SUJ5_median,191,0.0,0.0,0.0,0.0,0.0,0,0.0,0.0,0.0,0.0
qc_USM0_SUJ5_range,191,0.0,0.0,0.0,0.0,0.0,0,0.0,0.0,0.0,0.0
qc_USM1_SUJ0_median,191,-0.603115,-0.437253,0.16586199999999995,-1.100701,0.06033299999999986,0,0.0,-0.670419,-0.507305,0.00689918
qc_USM1_SUJ1_median,191,-0.0304198,0.00340296,0.03382276,-0.13188808,0.10487123999999999,0,0.0,-0.0748367,-0.0106766,0.0763409
qc_USM1_SUJ1_range,191,0.0,1.1140000000000197e-05,1.1140000000000197e-05,-3.342000000000059e-05,4.4560000000000786e-05,0,0.0,0.0,1.11e-05,3.33999999999994e-05
qc_USM1_SUJ2_range,191,0.0,1.575000000000014e-05,1.575000000000014e-05,-4.725000000000042e-05,6.300000000000056e-05,0,0.0,0.0,0.0,4.7251e-05
qc_USM1_SUJ4_median,191,0.0,0.0,0.0,0.0,0.0,0,0.0,0.0,0.0,0.0
qc_USM1_SUJ4_range,191,0.0,0.0,0.0,0.0,0.0,0,0.0,0.0,0.0,0.0
qc_USM1_SUJ5_median,191,0.0,0.0,0.0,0.0,0.0,0,0.0,0.0,0.0,0.0
qc_USM1_SUJ5_range,191,0.0,0.0,0.0,0.0,0.0,0,0.0,0.0,0.0,0.0
USM2_pose_global_active,191,1.0,1.0,0.0,1.0,1.0,0,0.0,1.0,1.0,1.0
USM1_joint_insertion_q3_mean_range,191,0.07210292121212106,0.1162031385281383,0.04410021731601724,-0.060197730735930655,0.24850379047619,0,0.0,2.1818181818178406e-06,0.0959386623376621,0.1952641337662335
USM1_joint_insertion_q3_mean_abs_velocity,191,0.0009337378765967,0.0028513530282012504,0.0019176151516045504,-0.004819107578216951,0.008604198483014903,0,0.0,9.023873273940845e-08,0.0015699891780577,0.0079720347516324
USM0_joint_mean_abs_joint_velocity,191,0.0599274432036441,0.1103869941784992,0.050459550974855105,-0.09145120972092122,0.2617656471030645,0,0.0,8.45595444635993e-05,0.0864187523070761,0.2316035444477672
USM0_joint_insertion_q3_path_l1,191,0.6090772720057718,1.384063785714284,0.7749865137085121,-1.7158822691197644,3.7090233268398203,0,0.0,1.3010426069826053e-17,0.9559063809523792,3.38074276334776
USM0_joint_insertion_q3_mean_range,191,0.082641767316017,0.1371235454545452,0.0544817781385282,-0.0808035670995676,0.3005688798701298,0,0.0,6.0715321659188256e-18,0.1092449337662336,0.2007906969696966
USM0_joint_distal_q5_q9_mean_abs_velocity,191,0.093372715312548,0.16696079586829876,0.07358808055575077,-0.1273915263547043,0.38772503753555104,0,0.0,0.0001503418162777,0.1354247413414884,0.3836729682141146
USM2_joint_distal_q5_q9_mean_abs_velocity,191,0.08858386612437916,0.20130162410976965,0.1127177579853905,-0.2495694078317923,0.539454898065941,0,0.0,9.991680469104516e-05,0.1332979339048285,0.371277639022239
USM2_joint_mean_speed_l2,191,0.41816196040495185,0.9344831368547201,0.5163211764497682,-1.1308015689443527,2.4834466662040247,0,0.0,0.000496360087183,0.5965885115307475,1.6464506885994796
USM2_joint_rms_speed_l2,191,1.0417088226960276,1.959345266886832,0.9176364441908045,-1.7112005098763858,4.7122545994592455,0,0.0,0.00060057733269,1.3705179298729684,3.26681396361807
USM1_joint_pause_duration_seconds,191,100.48499999999999,274.4000000000001,173.9150000000001,-421.26000000000033,796.1450000000004,0,0.0,0.0,173.8900000000001,733.069999999999
USM0_USM2_pose_global_speed_correlation,191,0.5703043146024149,0.7876361000078909,0.21733178540547593,-0.08169104161401286,1.4396314562243187,0,0.0,-0.0169125305898373,0.6806957370722584,0.9996781244031336
USM0_USM2_pose_global_simultaneous_active_fraction,191,0.20040358828127355,0.3276115844864532,0.12720799620517967,-0.18122040033426548,0.7092355731019923,0,0.0,0.0091799805808103,0.2682275621277469,0.5131604987136354
USM0_USM2_pose_global_one_arm_only_active_fraction,191,0.24740774645018943,0.39689448140617134,0.14948673495598191,-0.20105245841775632,0.845354686274117,0,0.0,0.0212290502793296,0.3399059956437005,0.5802975106253795
USM0_USM2_pose_global_both_idle_fraction,191,0.30931027324087257,0.49300872545803753,0.18369845221716496,-0.24178508341062233,1.0441040821095324,0,0.0,0.077037037037037,0.4008091706001349,0.8540145985401459
USM2_joint_mean_abs_joint_velocity,191,0.06404568072373851,0.1313435110546986,0.0672978303309601,-0.13784781026914178,0.3332370020475789,0,0.0,7.640647261727488e-05,0.0928917343627098,0.240164476857487
USM2_joint_insertion_q3_path_l1,191,0.7491945028860023,1.4958862164502158,0.7466917135642135,-1.4908806378066384,3.7359613571428563,0,0.0,5.828670879282072e-16,1.0463801255411247,3.562373391053387
USM2_joint_insertion_q3_mean_range,191,0.08377862987012971,0.1419419913419911,0.05816336147186138,-0.09071145454545443,0.31643207575757526,0,0.0,2.7755575615628914e-16,0.1117449567099565,0.2495137165800862
USM2_joint_insertion_q3_mean_abs_velocity,191,0.0036116413789387,0.00640866557124775,0.0027970241923090497,-0.004779431197988449,0.0147997381481749,0,0.0,3.305244119113061e-16,0.0047459018947775,0.0134732794252086
USM2_joint_tool_roll_q4_mean_range,191,2.551562229437226,5.310587523809517,2.7590252943722904,-5.725513653679646,13.587663406926389,0,0.0,3.3593073593962686e-05,3.439032294372289,12.11861566471526
USM2_joint_tool_roll_q4_mean_abs_velocity,191,0.1275323459981348,0.25789160509319864,0.13035925909506385,-0.26354543128705676,0.6489693823783902,0,0.0,9.779289231038484e-05,0.1760353246851168,0.6253440176861332
mgears_force_sensitivity_and_tissue_handling,191,3.0,4.0,1.0,0.0,7.0,0,0.0,1.0,3.0,5.0
mgears_master_manipulator_workspace_robotic_control,191,3.0,4.0,1.0,0.0,7.0,0,0.0,1.0,3.0,5.0
mgears_overall_performance_quality_of_the_final_product,189,3.0,4.0,1.0,0.0,7.0,0,0.0,1.0,3.0,5.0
mgears_domain_score_sum,191,16.0,22.0,6.0,-2.0,40.0,0,0.0,7.0,19.0,30.0
target_minus_domain_sum,191,0.0,0.0,0.0,0.0,0.0,0,0.0,0.0,0.0,0.0
USM2_joint_mean_acceleration_l2,191,5.3119078994488955,12.35418574295452,7.042277843505625,-15.81492563106798,33.4810192734714,0,0.0,0.0170510451415744,7.870624339779469,22.43726371006297
USM2_joint_mean_jerk_l2,191,194.26311524693548,462.9315589500827,268.6684437031472,-611.7422158625061,1268.9368900595243,0,0.0,0.8001948089573419,293.1630876466427,814.0727277195116
USM2_joint_idle_threshold_relative,191,0.0944132971052194,0.21728884341908475,0.12287554631386535,-0.2742133418363767,0.5859154823606808,0,0.0,5.756175406472491e-05,0.1330633010741649,0.3911375821155264
USM2_joint_pause_fraction,191,0.3809398211048697,0.5120428636373864,0.1311030425325167,-0.01236930649268042,0.9053519912349365,0,0.0,0.0,0.4488606253312127,0.8723086682338894
USM0_USM3_pose_global_simultaneous_active_fraction,191,0.07756768186295734,0.19448598470098621,0.11691830283802887,-0.27318722665112927,0.5452408932150729,0,0.0,0.00015931177314,0.1193932016106377,0.51734758583205
USM0_USM3_pose_global_both_idle_fraction,191,0.36844784419656346,0.5606136653382731,0.1921658211417096,-0.2080496192285653,1.1371111287634017,0,0.0,0.1041104110411041,0.455609756097561,0.8796163069544365
USM0_USM3_pose_global_path_length_imbalance,191,0.425739610866235,0.7349703262445205,0.3092307153782855,-0.5019525352686215,1.662662472379377,0,0.0,0.0001509925429518,0.6043350783564657,0.9999999999999964
qc_invalid_susvalues_rows,191,0.0,0.0,0.0,0.0,0.0,0,0.0,0.0,0.0,0.0
qc_n_usms,191,4.0,4.0,0.0,4.0,4.0,0,0.0,4.0,4.0,4.0
qc_duplicate_timestamp_usm_rows_removed,191,0.0,12.0,12.0,-36.0,48.0,0,0.0,0.0,4.0,44.0
active_pair_speed_correlation,191,0.5790416057868407,0.7909565570311685,0.2119149512443278,-0.056703247946142676,1.426701410764152,0,0.0,-0.0169125305898373,0.6867103031471007,0.9597972298995906
active_pair_simultaneous_active_fraction,191,0.2066201257845722,0.32915673635295173,0.12253661056837953,-0.1609897059205664,0.6967665680580903,0,0.0,0.0108327408089004,0.2707625240135954,0.5131604987136354
active_pair_one_arm_only_active_fraction,191,0.23527491271675616,0.39025998443782967,0.1549850717210735,-0.22968030244646437,0.8552151996010502,0,0.0,0.0320226041911937,0.3333037772654726,0.5600739371534196
active_pair_both_idle_fraction,191,0.30451181865493715,0.49638083547658013,0.19186901682164298,-0.27109523180999173,1.071987885941509,0,0.0,0.077037037037037,0.4008091706001349,0.8540145985401459
