session_licence,session_datetime,role,participant_id,task_clean,trial,file_name,fk_file_name,target_score,percentage_score,n_label_records,_merge
10-13_nov_2025,12_10.36.46,expert,10,camera_target,1,DVST_XI_10-13_Nov_2025_12_10.36.46_expert_10_camera target_1.csv,DVST_XI_10-13_Nov_2025_12_10.36.46_expert_10_camera target_1_FK.csv,30.0,100.0,1.0,both
10-13_nov_2025,12_10.36.46,expert,10,glove_cut,1,DVST_XI_10-13_Nov_2025_12_10.36.46_expert_10_glove cut_1.csv,DVST_XI_10-13_Nov_2025_12_10.36.46_expert_10_glove cut_1_FK.csv,28.0,93.33333333333331,1.0,both
10-13_nov_2025,12_10.36.46,expert,10,ring_rollercoaster,1,DVST_XI_10-13_Nov_2025_12_10.36.46_expert_10_ring rollercoaster_1.csv,DVST_XI_10-13_Nov_2025_12_10.36.46_expert_10_ring rollercoaster_1_FK.csv,29.0,96.66666666666669,1.0,both
10-13_nov_2025,12_10.36.46,expert,10,sea_spikes,1,DVST_XI_10-13_Nov_2025_12_10.36.46_expert_10_sea spikes_1.csv,DVST_XI_10-13_Nov_2025_12_10.36.46_expert_10_sea spikes_1_FK.csv,29.0,96.66666666666669,1.0,both
10-13_nov_2025,12_10.36.46,expert,10,suture,1,DVST_XI_10-13_Nov_2025_12_10.36.46_expert_10_suture_1.csv,DVST_XI_10-13_Nov_2025_12_10.36.46_expert_10_suture_1_FK.csv,30.0,85.71428571428571,1.0,both
10-13_nov_2025,12_10.36.46,expert,9,camera_target,1,DVST_XI_10-13_Nov_2025_12_10.36.46_expert_9_camera target_1.csv,DVST_XI_10-13_Nov_2025_12_10.36.46_expert_9_camera target_1_FK.csv,28.0,93.33333333333331,1.0,both
10-13_nov_2025,12_10.36.46,expert,9,glove_cut,1,DVST_XI_10-13_Nov_2025_12_10.36.46_expert_9_glove cut_1.csv,DVST_XI_10-13_Nov_2025_12_10.36.46_expert_9_glove cut_1_FK.csv,29.0,96.66666666666669,1.0,both
10-13_nov_2025,12_10.36.46,expert,9,ring_rollercoaster,1,DVST_XI_10-13_Nov_2025_12_10.36.46_expert_9_ring rollercoaster_1.csv,DVST_XI_10-13_Nov_2025_12_10.36.46_expert_9_ring rollercoaster_1_FK.csv,29.0,96.66666666666669,1.0,both
10-13_nov_2025,12_10.36.46,expert,9,sea_spikes,1,DVST_XI_10-13_Nov_2025_12_10.36.46_expert_9_sea spikes_1.csv,DVST_XI_10-13_Nov_2025_12_10.36.46_expert_9_sea spikes_1_FK.csv,29.0,96.66666666666669,1.0,both
10-13_nov_2025,12_10.36.46,expert,9,suture,1,DVST_XI_10-13_Nov_2025_12_10.36.46_expert_9_suture_1.csv,DVST_XI_10-13_Nov_2025_12_10.36.46_expert_9_suture_1_FK.csv,28.0,93.33333333333331,1.0,both
11-14_aug_2025,13_11.33.24,expert,7,camera_target,1,DVST_XI_11-14_Aug_2025_13_11.33.24_expert_7_camera target_1.csv,DVST_XI_11-14_Aug_2025_13_11.33.24_expert_7_camera target_1_FK.csv,28.0,93.33333333333331,1.0,both
11-14_aug_2025,13_11.33.24,expert,7,glove_cut,1,DVST_XI_11-14_Aug_2025_13_11.33.24_expert_7_glove cut_1.csv,DVST_XI_11-14_Aug_2025_13_11.33.24_expert_7_glove cut_1_FK.csv,25.0,83.33333333333334,1.0,both
11-14_aug_2025,13_11.33.24,expert,7,ring_rollercoaster,1,DVST_XI_11-14_Aug_2025_13_11.33.24_expert_7_ring rollercoaster_1.csv,DVST_XI_11-14_Aug_2025_13_11.33.24_expert_7_ring rollercoaster_1_FK.csv,20.0,66.66666666666666,1.0,both
11-14_aug_2025,13_11.33.24,expert,7,sea_spikes,1,DVST_XI_11-14_Aug_2025_13_11.33.24_expert_7_sea spikes_1.csv,DVST_XI_11-14_Aug_2025_13_11.33.24_expert_7_sea spikes_1_FK.csv,20.0,66.66666666666666,1.0,both
11-14_aug_2025,13_11.33.24,expert,7,suture,1,DVST_XI_11-14_Aug_2025_13_11.33.24_expert_7_suture_1.csv,DVST_XI_11-14_Aug_2025_13_11.33.24_expert_7_suture_1_FK.csv,29.0,82.85714285714286,1.0,both
11-14_aug_2025,14_10.45.28,expert,8,camera_target,1,DVST_XI_11-14_Aug_2025_14_10.45.28_expert_8_camera target_1.csv,DVST_XI_11-14_Aug_2025_14_10.45.28_expert_8_camera target_1_FK.csv,28.0,93.33333333333331,1.0,both
11-14_aug_2025,14_10.45.28,expert,8,glove_cut,1,DVST_XI_11-14_Aug_2025_14_10.45.28_expert_8_glove cut_1.csv,DVST_XI_11-14_Aug_2025_14_10.45.28_expert_8_glove cut_1_FK.csv,24.0,80.0,1.0,both
11-14_aug_2025,14_10.45.28,expert,8,ring_rollercoaster,1,DVST_XI_11-14_Aug_2025_14_10.45.28_expert_8_ring rollercoaster_1.csv,DVST_XI_11-14_Aug_2025_14_10.45.28_expert_8_ring rollercoaster_1_FK.csv,24.0,80.0,1.0,both
11-14_aug_2025,14_10.45.28,expert,8,sea_spikes,1,DVST_XI_11-14_Aug_2025_14_10.45.28_expert_8_sea spikes_1.csv,DVST_XI_11-14_Aug_2025_14_10.45.28_expert_8_sea spikes_1_FK.csv,22.0,73.33333333333333,1.0,both
11-14_aug_2025,14_10.45.28,expert,8,suture,1,DVST_XI_11-14_Aug_2025_14_10.45.28_expert_8_suture_1.csv,DVST_XI_11-14_Aug_2025_14_10.45.28_expert_8_suture_1_FK.csv,29.0,82.85714285714286,1.0,both
14-16_feb_2024,14_09.13.16,trainee,1,camera_target,1,DVST_XI_14-16_Feb_2024_14_09.13.16_trainee_1_camera target_1.csv,DVST_XI_14-16_Feb_2024_14_09.13.16_trainee_1_camera target_1_FK.csv,17.0,56.66666666666666,1.0,both
14-16_feb_2024,14_09.13.16,trainee,1,glove_cut,1,DVST_XI_14-16_Feb_2024_14_09.13.16_trainee_1_glove cut_1.csv,DVST_XI_14-16_Feb_2024_14_09.13.16_trainee_1_glove cut_1_FK.csv,15.0,50.0,1.0,both
14-16_feb_2024,14_09.13.16,trainee,1,ring_rollercoaster,1,DVST_XI_14-16_Feb_2024_14_09.13.16_trainee_1_ring rollercoaster_1.csv,DVST_XI_14-16_Feb_2024_14_09.13.16_trainee_1_ring rollercoaster_1_FK.csv,14.0,46.66666667,1.0,both
14-16_feb_2024,14_09.13.16,trainee,1,sea_spikes,1,DVST_XI_14-16_Feb_2024_14_09.13.16_trainee_1_sea spikes_1.csv,DVST_XI_14-16_Feb_2024_14_09.13.16_trainee_1_sea spikes_1_FK.csv,13.0,43.33333333,1.0,both
14-16_feb_2024,14_09.13.16,trainee,1,suture,1,DVST_XI_14-16_Feb_2024_14_09.13.16_trainee_1_suture_1.csv,DVST_XI_14-16_Feb_2024_14_09.13.16_trainee_1_suture_1_FK.csv,19.0,54.285714285714285,1.0,both
14-16_feb_2024,14_09.13.16,trainee,2,camera_target,1,DVST_XI_14-16_Feb_2024_14_09.13.16_trainee_2_camera target_1.csv,DVST_XI_14-16_Feb_2024_14_09.13.16_trainee_2_camera target_1_FK.csv,17.0,56.66666666666666,1.0,both
14-16_feb_2024,14_09.13.16,trainee,2,glove_cut,1,DVST_XI_14-16_Feb_2024_14_09.13.16_trainee_2_glove cut_1.csv,DVST_XI_14-16_Feb_2024_14_09.13.16_trainee_2_glove cut_1_FK.csv,13.0,43.333333333333336,1.0,both
14-16_feb_2024,14_09.13.16,trainee,2,ring_rollercoaster,1,DVST_XI_14-16_Feb_2024_14_09.13.16_trainee_2_ring rollercoaster_1.csv,DVST_XI_14-16_Feb_2024_14_09.13.16_trainee_2_ring rollercoaster_1_FK.csv,14.0,46.66666666666666,1.0,both
14-16_feb_2024,14_09.13.16,trainee,2,sea_spikes,1,DVST_XI_14-16_Feb_2024_14_09.13.16_trainee_2_sea spikes_1.csv,DVST_XI_14-16_Feb_2024_14_09.13.16_trainee_2_sea spikes_1_FK.csv,15.0,50.0,1.0,both
14-16_feb_2024,14_09.13.16,trainee,2,suture,1,DVST_XI_14-16_Feb_2024_14_09.13.16_trainee_2_suture_1.csv,DVST_XI_14-16_Feb_2024_14_09.13.16_trainee_2_suture_1_FK.csv,19.0,54.285714285714285,1.0,both
14-16_feb_2024,14_09.13.16,trainee,3,camera_target,1,DVST_XI_14-16_Feb_2024_14_09.13.16_trainee_3_camera target_1.csv,DVST_XI_14-16_Feb_2024_14_09.13.16_trainee_3_camera target_1_FK.csv,15.0,50.0,1.0,both
14-16_feb_2024,14_09.13.16,trainee,3,glove_cut,1,DVST_XI_14-16_Feb_2024_14_09.13.16_trainee_3_glove cut_1.csv,DVST_XI_14-16_Feb_2024_14_09.13.16_trainee_3_glove cut_1_FK.csv,17.0,56.66666666666666,1.0,both
14-16_feb_2024,14_09.13.16,trainee,3,ring_rollercoaster,1,DVST_XI_14-16_Feb_2024_14_09.13.16_trainee_3_ring rollercoaster_1.csv,DVST_XI_14-16_Feb_2024_14_09.13.16_trainee_3_ring rollercoaster_1_FK.csv,12.0,40.0,1.0,both
14-16_feb_2024,14_09.13.16,trainee,3,sea_spikes,1,DVST_XI_14-16_Feb_2024_14_09.13.16_trainee_3_sea spikes_1.csv,DVST_XI_14-16_Feb_2024_14_09.13.16_trainee_3_sea spikes_1_FK.csv,15.0,50.0,1.0,both
14-16_feb_2024,14_09.13.16,trainee,3,suture,1,DVST_XI_14-16_Feb_2024_14_09.13.16_trainee_3_suture_1.csv,DVST_XI_14-16_Feb_2024_14_09.13.16_trainee_3_suture_1_FK.csv,19.0,54.285714285714285,1.0,both
14-16_feb_2024,14_09.13.16,trainee,4,camera_target,1,DVST_XI_14-16_Feb_2024_14_09.13.16_trainee_4_camera target_1.csv,DVST_XI_14-16_Feb_2024_14_09.13.16_trainee_4_camera target_1_FK.csv,16.0,53.333333333333336,1.0,both
14-16_feb_2024,14_09.13.16,trainee,4,glove_cut,1,DVST_XI_14-16_Feb_2024_14_09.13.16_trainee_4_glove cut_1.csv,DVST_XI_14-16_Feb_2024_14_09.13.16_trainee_4_glove cut_1_FK.csv,23.0,76.66666666666667,1.0,both
14-16_feb_2024,14_09.13.16,trainee,4,ring_rollercoaster,1,DVST_XI_14-16_Feb_2024_14_09.13.16_trainee_4_ring rollercoaster_1.csv,DVST_XI_14-16_Feb_2024_14_09.13.16_trainee_4_ring rollercoaster_1_FK.csv,14.0,46.66666666666666,1.0,both
14-16_feb_2024,14_09.13.16,trainee,4,sea_spikes,1,DVST_XI_14-16_Feb_2024_14_09.13.16_trainee_4_sea spikes_1.csv,DVST_XI_14-16_Feb_2024_14_09.13.16_trainee_4_sea spikes_1_FK.csv,18.0,60.0,1.0,both
14-16_feb_2024,14_09.13.16,trainee,4,suture,1,DVST_XI_14-16_Feb_2024_14_09.13.16_trainee_4_suture_1.csv,DVST_XI_14-16_Feb_2024_14_09.13.16_trainee_4_suture_1_FK.csv,18.0,51.42857142857142,1.0,both
14-16_feb_2024,14_09.13.16,trainee,5,camera_target,1,DVST_XI_14-16_Feb_2024_14_09.13.16_trainee_5_camera target_1.csv,DVST_XI_14-16_Feb_2024_14_09.13.16_trainee_5_camera target_1_FK.csv,7.0,23.33333333333333,1.0,both
14-16_feb_2024,14_09.13.16,trainee,5,glove_cut,1,DVST_XI_14-16_Feb_2024_14_09.13.16_trainee_5_glove cut_1.csv,DVST_XI_14-16_Feb_2024_14_09.13.16_trainee_5_glove cut_1_FK.csv,11.0,36.66666666666666,1.0,both
14-16_feb_2024,14_09.13.16,trainee,5,ring_rollercoaster,1,DVST_XI_14-16_Feb_2024_14_09.13.16_trainee_5_ring rollercoaster_1.csv,DVST_XI_14-16_Feb_2024_14_09.13.16_trainee_5_ring rollercoaster_1_FK.csv,17.0,56.66666666666666,1.0,both
14-16_feb_2024,14_09.13.16,trainee,5,sea_spikes,1,DVST_XI_14-16_Feb_2024_14_09.13.16_trainee_5_sea spikes_1.csv,DVST_XI_14-16_Feb_2024_14_09.13.16_trainee_5_sea spikes_1_FK.csv,16.0,53.333333333333336,1.0,both
14-16_feb_2024,14_09.13.16,trainee,5,suture,1,DVST_XI_14-16_Feb_2024_14_09.13.16_trainee_5_suture_1.csv,DVST_XI_14-16_Feb_2024_14_09.13.16_trainee_5_suture_1_FK.csv,16.0,45.71428571428572,1.0,both
14-16_feb_2024,16_08.32.59,trainee,1,camera_target,2,DVST_XI_14-16_Feb_2024_16_08.32.59_trainee_1_camera target_2.csv,DVST_XI_14-16_Feb_2024_16_08.32.59_trainee_1_camera target_2_FK.csv,19.0,63.33333333333333,1.0,both
14-16_feb_2024,16_08.32.59,trainee,1,glove_cut,2,DVST_XI_14-16_Feb_2024_16_08.32.59_trainee_1_glove cut_2.csv,DVST_XI_14-16_Feb_2024_16_08.32.59_trainee_1_glove cut_2_FK.csv,19.0,63.33333333333333,1.0,both
14-16_feb_2024,16_08.32.59,trainee,1,ring_rollercoaster,2,DVST_XI_14-16_Feb_2024_16_08.32.59_trainee_1_ring rollercoaster_2.csv,DVST_XI_14-16_Feb_2024_16_08.32.59_trainee_1_ring rollercoaster_2_FK.csv,20.0,66.66666667,1.0,both
14-16_feb_2024,16_08.32.59,trainee,1,sea_spikes,2,DVST_XI_14-16_Feb_2024_16_08.32.59_trainee_1_sea spikes_2.csv,DVST_XI_14-16_Feb_2024_16_08.32.59_trainee_1_sea spikes_2_FK.csv,19.0,63.33333333333333,1.0,both
14-16_feb_2024,16_08.32.59,trainee,1,suture,2,DVST_XI_14-16_Feb_2024_16_08.32.59_trainee_1_suture_2.csv,DVST_XI_14-16_Feb_2024_16_08.32.59_trainee_1_suture_2_FK.csv,17.0,48.57142857142857,1.0,both
14-16_feb_2024,16_08.32.59,trainee,2,camera_target,2,DVST_XI_14-16_Feb_2024_16_08.32.59_trainee_2_camera target_2.csv,DVST_XI_14-16_Feb_2024_16_08.32.59_trainee_2_camera target_2_FK.csv,16.0,53.333333333333336,1.0,both
14-16_feb_2024,16_08.32.59,trainee,2,glove_cut,2,DVST_XI_14-16_Feb_2024_16_08.32.59_trainee_2_glove cut_2.csv,DVST_XI_14-16_Feb_2024_16_08.32.59_trainee_2_glove cut_2_FK.csv,19.0,63.33333333333333,1.0,both
14-16_feb_2024,16_08.32.59,trainee,2,ring_rollercoaster,2,DVST_XI_14-16_Feb_2024_16_08.32.59_trainee_2_ring rollercoaster_2.csv,DVST_XI_14-16_Feb_2024_16_08.32.59_trainee_2_ring rollercoaster_2_FK.csv,21.0,70.0,1.0,both
14-16_feb_2024,16_08.32.59,trainee,2,sea_spikes,2,DVST_XI_14-16_Feb_2024_16_08.32.59_trainee_2_sea spikes_2.csv,DVST_XI_14-16_Feb_2024_16_08.32.59_trainee_2_sea spikes_2_FK.csv,17.0,56.66666666666666,1.0,both
14-16_feb_2024,16_08.32.59,trainee,2,suture,2,DVST_XI_14-16_Feb_2024_16_08.32.59_trainee_2_suture_2.csv,DVST_XI_14-16_Feb_2024_16_08.32.59_trainee_2_suture_2_FK.csv,22.0,62.85714285714285,1.0,both
14-16_feb_2024,16_08.32.59,trainee,3,camera_target,2,DVST_XI_14-16_Feb_2024_16_08.32.59_trainee_3_camera target_2.csv,DVST_XI_14-16_Feb_2024_16_08.32.59_trainee_3_camera target_2_FK.csv,23.0,76.66666666666667,1.0,both
14-16_feb_2024,16_08.32.59,trainee,3,glove_cut,2,DVST_XI_14-16_Feb_2024_16_08.32.59_trainee_3_glove cut_2.csv,DVST_XI_14-16_Feb_2024_16_08.32.59_trainee_3_glove cut_2_FK.csv,19.0,63.33333333333333,1.0,both
14-16_feb_2024,16_08.32.59,trainee,3,ring_rollercoaster,2,DVST_XI_14-16_Feb_2024_16_08.32.59_trainee_3_ring rollercoaster_2.csv,DVST_XI_14-16_Feb_2024_16_08.32.59_trainee_3_ring rollercoaster_2_FK.csv,21.0,70.0,1.0,both
14-16_feb_2024,16_08.32.59,trainee,3,sea_spikes,2,DVST_XI_14-16_Feb_2024_16_08.32.59_trainee_3_sea spikes_2.csv,DVST_XI_14-16_Feb_2024_16_08.32.59_trainee_3_sea spikes_2_FK.csv,17.0,56.66666666666666,1.0,both
14-16_feb_2024,16_08.32.59,trainee,3,suture,2,DVST_XI_14-16_Feb_2024_16_08.32.59_trainee_3_suture_2.csv,DVST_XI_14-16_Feb_2024_16_08.32.59_trainee_3_suture_2_FK.csv,22.0,62.85714285714285,1.0,both
14-16_feb_2024,16_08.32.59,trainee,4,camera_target,2,DVST_XI_14-16_Feb_2024_16_08.32.59_trainee_4_camera target_2.csv,DVST_XI_14-16_Feb_2024_16_08.32.59_trainee_4_camera target_2_FK.csv,23.0,76.66666666666667,1.0,both
14-16_feb_2024,16_08.32.59,trainee,4,glove_cut,2,DVST_XI_14-16_Feb_2024_16_08.32.59_trainee_4_glove cut_2.csv,DVST_XI_14-16_Feb_2024_16_08.32.59_trainee_4_glove cut_2_FK.csv,24.0,80.0,1.0,both
14-16_feb_2024,16_08.32.59,trainee,4,ring_rollercoaster,2,DVST_XI_14-16_Feb_2024_16_08.32.59_trainee_4_ring rollercoaster_2.csv,DVST_XI_14-16_Feb_2024_16_08.32.59_trainee_4_ring rollercoaster_2_FK.csv,24.0,80.0,1.0,both
14-16_feb_2024,16_08.32.59,trainee,4,sea_spikes,2,DVST_XI_14-16_Feb_2024_16_08.32.59_trainee_4_sea spikes_2.csv,DVST_XI_14-16_Feb_2024_16_08.32.59_trainee_4_sea spikes_2_FK.csv,24.0,80.0,1.0,both
14-16_feb_2024,16_08.32.59,trainee,4,suture,2,DVST_XI_14-16_Feb_2024_16_08.32.59_trainee_4_suture_2.csv,DVST_XI_14-16_Feb_2024_16_08.32.59_trainee_4_suture_2_FK.csv,22.0,73.33333333,1.0,both
14-16_feb_2024,16_08.32.59,trainee,5,camera_target,2,DVST_XI_14-16_Feb_2024_16_08.32.59_trainee_5_camera target_2.csv,DVST_XI_14-16_Feb_2024_16_08.32.59_trainee_5_camera target_2_FK.csv,21.0,70.0,1.0,both
14-16_feb_2024,16_08.32.59,trainee,5,glove_cut,2,DVST_XI_14-16_Feb_2024_16_08.32.59_trainee_5_glove cut_2.csv,DVST_XI_14-16_Feb_2024_16_08.32.59_trainee_5_glove cut_2_FK.csv,19.0,63.33333333333333,1.0,both
14-16_feb_2024,16_08.32.59,trainee,5,ring_rollercoaster,2,DVST_XI_14-16_Feb_2024_16_08.32.59_trainee_5_ring rollercoaster_2.csv,DVST_XI_14-16_Feb_2024_16_08.32.59_trainee_5_ring rollercoaster_2_FK.csv,23.0,76.66666666666667,1.0,both
14-16_feb_2024,16_08.32.59,trainee,5,sea_spikes,2,DVST_XI_14-16_Feb_2024_16_08.32.59_trainee_5_sea spikes_2.csv,DVST_XI_14-16_Feb_2024_16_08.32.59_trainee_5_sea spikes_2_FK.csv,21.0,70.0,1.0,both
14-16_feb_2024,16_08.32.59,trainee,5,suture,2,DVST_XI_14-16_Feb_2024_16_08.32.59_trainee_5_suture_2.csv,DVST_XI_14-16_Feb_2024_16_08.32.59_trainee_5_suture_2_FK.csv,21.0,60.0,1.0,both
19-22_may_2025,19_11.49.35,expert,4,camera_target,1,,,26.0,86.66666666666667,1.0,right_only
19-22_may_2025,19_11.49.35,expert,4,glove_cut,1,,,24.0,80.0,1.0,right_only
19-22_may_2025,19_11.49.35,expert,4,ring_rollercoaster,1,,,22.0,73.33333333333333,1.0,right_only
19-22_may_2025,19_11.49.35,expert,4,sea_spikes,1,,,23.0,76.66666666666667,1.0,right_only
19-22_may_2025,19_11.49.35,expert,4,suture,1,,,29.0,82.85714285714286,1.0,right_only
19-22_may_2025,19_11.49.35,trainee,37,camera_target,1,,,15.0,50.0,1.0,right_only
19-22_may_2025,19_11.49.35,trainee,37,glove_cut,1,,,17.0,56.66666666666666,1.0,right_only
19-22_may_2025,19_11.49.35,trainee,37,sea_spikes,1,,,18.0,60.0,1.0,right_only
19-22_may_2025,19_11.49.35,trainee,37,sea_spikes,2,,,22.0,73.33333333333333,1.0,right_only
19-22_may_2025,19_11.49.35,trainee,38,camera_target,1,,,14.0,46.66666666666666,1.0,right_only
19-22_may_2025,19_11.49.35,trainee,38,glove_cut,1,,,16.0,53.333333333333336,1.0,right_only
19-22_may_2025,19_11.49.35,trainee,38,sea_spikes,1,,,14.0,46.66666666666666,1.0,right_only
19-22_may_2025,19_11.49.35,trainee,38,sea_spikes,2,,,21.0,70.0,1.0,right_only
19-22_may_2025,19_11.49.35,trainee,39,camera_target,1,,,14.0,46.66666666666666,1.0,right_only
19-22_may_2025,19_11.49.35,trainee,39,glove_cut,1,,,10.0,33.33333333333333,1.0,right_only
19-22_may_2025,19_11.49.35,trainee,39,sea_spikes,1,,,13.0,43.333333333333336,1.0,right_only
19-22_may_2025,19_11.49.35,trainee,39,sea_spikes,2,,,23.0,76.66666666666667,1.0,right_only
19-22_may_2025,19_11.49.35,trainee,40,camera_target,1,,,19.0,63.33333333333333,1.0,right_only
19-22_may_2025,19_11.49.35,trainee,40,glove_cut,1,,,19.0,63.33333333333333,1.0,right_only
19-22_may_2025,19_11.49.35,trainee,40,sea_spikes,1,,,17.0,56.66666666666666,1.0,right_only
19-22_may_2025,19_11.49.35,trainee,40,sea_spikes,2,,,22.0,73.33333333333333,1.0,right_only
19-22_may_2025,19_11.49.35,trainee,41,camera_target,1,,,13.0,43.333333333333336,1.0,right_only
19-22_may_2025,19_11.49.35,trainee,41,glove_cut,1,,,0.0,0.0,1.0,right_only
19-22_may_2025,19_11.49.35,trainee,41,sea_spikes,1,,,13.0,43.333333333333336,1.0,right_only
19-22_may_2025,19_11.49.35,trainee,41,sea_spikes,2,,,19.0,63.33333333333333,1.0,right_only
19-22_may_2025,19_11.49.35,trainee,42,camera_target,1,,,13.0,43.333333333333336,1.0,right_only
19-22_may_2025,19_11.49.35,trainee,42,glove_cut,1,,,12.0,40.0,1.0,right_only
19-22_may_2025,19_11.49.35,trainee,42,sea_spikes,1,,,12.0,40.0,1.0,right_only
19-22_may_2025,19_11.49.35,trainee,42,sea_spikes,2,,,20.0,66.66666666666666,1.0,right_only
19-22_may_2025,21_09.43.23,expert,5,camera_target,1,DVST_XI_19-22_May_2025_21_09.43.23_expert_5_camera target_1.csv,DVST_XI_19-22_May_2025_21_09.43.23_expert_5_camera target_1_FK.csv,30.0,100.0,1.0,both
19-22_may_2025,21_09.43.23,expert,5,glove_cut,1,DVST_XI_19-22_May_2025_21_09.43.23_expert_5_glove cut_1.csv,DVST_XI_19-22_May_2025_21_09.43.23_expert_5_glove cut_1_FK.csv,24.0,80.0,1.0,both
19-22_may_2025,21_09.43.23,expert,5,ring_rollercoaster,1,DVST_XI_19-22_May_2025_21_09.43.23_expert_5_ring rollercoaster_1.csv,DVST_XI_19-22_May_2025_21_09.43.23_expert_5_ring rollercoaster_1_FK.csv,24.0,80.0,1.0,both
19-22_may_2025,21_09.43.23,expert,5,sea_spikes,1,DVST_XI_19-22_May_2025_21_09.43.23_expert_5_sea spikes_1.csv,DVST_XI_19-22_May_2025_21_09.43.23_expert_5_sea spikes_1_FK.csv,24.0,80.0,1.0,both
19-22_may_2025,21_09.43.23,expert,5,suture,1,DVST_XI_19-22_May_2025_21_09.43.23_expert_5_suture_1.csv,DVST_XI_19-22_May_2025_21_09.43.23_expert_5_suture_1_FK.csv,29.0,82.85714285714286,1.0,both
19-22_may_2025,22_09.34.36,trainee,37,camera_target,2,DVST_XI_19-22_May_2025_22_09.34.36_trainee_37_camera target_2.csv,DVST_XI_19-22_May_2025_22_09.34.36_trainee_37_camera target_2_FK.csv,16.0,53.333333333333336,1.0,both
19-22_may_2025,22_09.34.36,trainee,37,glove_cut,2,DVST_XI_19-22_May_2025_22_09.34.36_trainee_37_glove cut_2.csv,DVST_XI_19-22_May_2025_22_09.34.36_trainee_37_glove cut_2_FK.csv,19.0,63.33333333333333,1.0,both
19-22_may_2025,22_09.34.36,trainee,37,suture,2,DVST_XI_19-22_May_2025_22_09.34.36_trainee_37_suture_2.csv,DVST_XI_19-22_May_2025_22_09.34.36_trainee_37_suture_2_FK.csv,,,,left_only
19-22_may_2025,22_09.34.36,trainee,38,camera_target,2,DVST_XI_19-22_May_2025_22_09.34.36_trainee_38_camera target_2.csv,DVST_XI_19-22_May_2025_22_09.34.36_trainee_38_camera target_2_FK.csv,22.0,73.33333333333333,1.0,both
19-22_may_2025,22_09.34.36,trainee,38,glove_cut,2,DVST_XI_19-22_May_2025_22_09.34.36_trainee_38_glove cut_2.csv,DVST_XI_19-22_May_2025_22_09.34.36_trainee_38_glove cut_2_FK.csv,18.0,60.0,1.0,both
19-22_may_2025,22_09.34.36,trainee,38,suture,2,DVST_XI_19-22_May_2025_22_09.34.36_trainee_38_suture_2.csv,DVST_XI_19-22_May_2025_22_09.34.36_trainee_38_suture_2_FK.csv,,,,left_only
19-22_may_2025,22_09.34.36,trainee,39,camera_target,2,DVST_XI_19-22_May_2025_22_09.34.36_trainee_39_camera target_2.csv,DVST_XI_19-22_May_2025_22_09.34.36_trainee_39_camera target_2_FK.csv,19.0,63.33333333333333,1.0,both
19-22_may_2025,22_09.34.36,trainee,39,glove_cut,2,DVST_XI_19-22_May_2025_22_09.34.36_trainee_39_glove cut_2.csv,DVST_XI_19-22_May_2025_22_09.34.36_trainee_39_glove cut_2_FK.csv,22.0,73.33333333333333,1.0,both
19-22_may_2025,22_09.34.36,trainee,39,suture,2,DVST_XI_19-22_May_2025_22_09.34.36_trainee_39_suture_2.csv,DVST_XI_19-22_May_2025_22_09.34.36_trainee_39_suture_2_FK.csv,,,,left_only
19-22_may_2025,22_09.34.36,trainee,40,camera_target,2,DVST_XI_19-22_May_2025_22_09.34.36_trainee_40_camera target_2.csv,DVST_XI_19-22_May_2025_22_09.34.36_trainee_40_camera target_2_FK.csv,24.0,80.0,1.0,both
19-22_may_2025,22_09.34.36,trainee,40,glove_cut,2,DVST_XI_19-22_May_2025_22_09.34.36_trainee_40_glove cut_2.csv,DVST_XI_19-22_May_2025_22_09.34.36_trainee_40_glove cut_2_FK.csv,24.0,80.0,1.0,both
19-22_may_2025,22_09.34.36,trainee,40,suture,2,DVST_XI_19-22_May_2025_22_09.34.36_trainee_40_suture_2.csv,DVST_XI_19-22_May_2025_22_09.34.36_trainee_40_suture_2_FK.csv,,,,left_only
19-22_may_2025,22_09.34.36,trainee,41,camera_target,2,DVST_XI_19-22_May_2025_22_09.34.36_trainee_41_camera target_2.csv,DVST_XI_19-22_May_2025_22_09.34.36_trainee_41_camera target_2_FK.csv,20.0,66.66666666666666,1.0,both
19-22_may_2025,22_09.34.36,trainee,41,glove_cut,2,DVST_XI_19-22_May_2025_22_09.34.36_trainee_41_glove cut_2.csv,DVST_XI_19-22_May_2025_22_09.34.36_trainee_41_glove cut_2_FK.csv,19.0,63.33333333333333,1.0,both
19-22_may_2025,22_09.34.36,trainee,41,suture,2,DVST_XI_19-22_May_2025_22_09.34.36_trainee_41_suture_2.csv,DVST_XI_19-22_May_2025_22_09.34.36_trainee_41_suture_2_FK.csv,,,,left_only
19-22_may_2025,22_09.34.36,trainee,42,camera_target,2,DVST_XI_19-22_May_2025_22_09.34.36_trainee_42_camera target_2.csv,DVST_XI_19-22_May_2025_22_09.34.36_trainee_42_camera target_2_FK.csv,19.0,63.33333333333333,1.0,both
19-22_may_2025,22_09.34.36,trainee,42,glove_cut,2,DVST_XI_19-22_May_2025_22_09.34.36_trainee_42_glove cut_2.csv,DVST_XI_19-22_May_2025_22_09.34.36_trainee_42_glove cut_2_FK.csv,16.0,53.333333333333336,1.0,both
19-22_may_2025,22_09.34.36,trainee,42,suture,2,DVST_XI_19-22_May_2025_22_09.34.36_trainee_42_suture_2.csv,DVST_XI_19-22_May_2025_22_09.34.36_trainee_42_suture_2_FK.csv,,,,left_only
6-8_mar_2025,06_10.41.14,trainee,31,ring_rollercoaster,1,DVST_XI_6-8_Mar_2025_06_10.41.14_trainee_31_ring rollercoaster_1.csv,DVST_XI_6-8_Mar_2025_06_10.41.14_trainee_31_ring rollercoaster_1_FK.csv,15.0,50.0,1.0,both
6-8_mar_2025,06_10.41.14,trainee,31,sea_spikes,1,DVST_XI_6-8_Mar_2025_06_10.41.14_trainee_31_sea spikes_1.csv,DVST_XI_6-8_Mar_2025_06_10.41.14_trainee_31_sea spikes_1_FK.csv,13.0,43.333333333333336,1.0,both
6-8_mar_2025,06_10.41.14,trainee,32,camera_target,1,DVST_XI_6-8_Mar_2025_06_10.41.14_trainee_32_camera target_1.csv,DVST_XI_6-8_Mar_2025_06_10.41.14_trainee_32_camera target_1_FK.csv,20.0,66.66666666666666,1.0,both
6-8_mar_2025,06_10.41.14,trainee,32,ring_rollercoaster,1,DVST_XI_6-8_Mar_2025_06_10.41.14_trainee_32_ring rollercoaster_1.csv,DVST_XI_6-8_Mar_2025_06_10.41.14_trainee_32_ring rollercoaster_1_FK.csv,17.0,56.66666666666666,1.0,both
6-8_mar_2025,06_10.41.14,trainee,32,sea_spikes,1,DVST_XI_6-8_Mar_2025_06_10.41.14_trainee_32_sea spikes_1.csv,DVST_XI_6-8_Mar_2025_06_10.41.14_trainee_32_sea spikes_1_FK.csv,14.0,46.66666666666666,1.0,both
6-8_mar_2025,06_10.41.14,trainee,33,camera_target,1,DVST_XI_6-8_Mar_2025_06_10.41.14_trainee_33_camera target_1.csv,DVST_XI_6-8_Mar_2025_06_10.41.14_trainee_33_camera target_1_FK.csv,23.0,76.66666666666667,1.0,both
6-8_mar_2025,06_10.41.14,trainee,33,ring_rollercoaster,1,DVST_XI_6-8_Mar_2025_06_10.41.14_trainee_33_ring rollercoaster_1.csv,DVST_XI_6-8_Mar_2025_06_10.41.14_trainee_33_ring rollercoaster_1_FK.csv,21.0,70.0,1.0,both
6-8_mar_2025,06_10.41.14,trainee,33,sea_spikes,1,DVST_XI_6-8_Mar_2025_06_10.41.14_trainee_33_sea spikes_1.csv,DVST_XI_6-8_Mar_2025_06_10.41.14_trainee_33_sea spikes_1_FK.csv,16.0,53.333333333333336,1.0,both
6-8_mar_2025,06_10.41.14,trainee,34,camera_target,1,DVST_XI_6-8_Mar_2025_06_10.41.14_trainee_34_camera target_1.csv,DVST_XI_6-8_Mar_2025_06_10.41.14_trainee_34_camera target_1_FK.csv,18.0,60.0,1.0,both
6-8_mar_2025,06_10.41.14,trainee,34,ring_rollercoaster,1,DVST_XI_6-8_Mar_2025_06_10.41.14_trainee_34_ring rollercoaster_1.csv,DVST_XI_6-8_Mar_2025_06_10.41.14_trainee_34_ring rollercoaster_1_FK.csv,14.0,46.66666666666666,1.0,both
6-8_mar_2025,06_10.41.14,trainee,34,sea_spikes,1,DVST_XI_6-8_Mar_2025_06_10.41.14_trainee_34_sea spikes_1.csv,DVST_XI_6-8_Mar_2025_06_10.41.14_trainee_34_sea spikes_1_FK.csv,14.0,46.66666666666666,1.0,both
6-8_mar_2025,06_10.41.14,trainee,35,ring_rollercoaster,1,DVST_XI_6-8_Mar_2025_06_10.41.14_trainee_35_ring rollercoaster_1.csv,DVST_XI_6-8_Mar_2025_06_10.41.14_trainee_35_ring rollercoaster_1_FK.csv,18.0,60.0,1.0,both
6-8_mar_2025,06_10.41.14,trainee,35,sea_spikes,1,DVST_XI_6-8_Mar_2025_06_10.41.14_trainee_35_sea spikes_1.csv,DVST_XI_6-8_Mar_2025_06_10.41.14_trainee_35_sea spikes_1_FK.csv,15.0,50.0,1.0,both
6-8_mar_2025,06_10.41.14,trainee,36,ring_rollercoaster,1,DVST_XI_6-8_Mar_2025_06_10.41.14_trainee_36_ring rollercoaster_1.csv,DVST_XI_6-8_Mar_2025_06_10.41.14_trainee_36_ring rollercoaster_1_FK.csv,19.0,63.33333333333333,1.0,both
6-8_mar_2025,06_10.41.14,trainee,36,sea_spikes,1,DVST_XI_6-8_Mar_2025_06_10.41.14_trainee_36_sea spikes_1.csv,DVST_XI_6-8_Mar_2025_06_10.41.14_trainee_36_sea spikes_1_FK.csv,16.0,53.333333333333336,1.0,both
6-8_mar_2025,07_11.56.53,expert,1,camera_target,1,DVST_XI_6-8_Mar_2025_07_11.56.53_expert_1_camera target_1.csv,DVST_XI_6-8_Mar_2025_07_11.56.53_expert_1_camera target_1_FK.csv,26.0,86.66666666666667,1.0,both
6-8_mar_2025,07_11.56.53,expert,1,glove_cut,1,DVST_XI_6-8_Mar_2025_07_11.56.53_expert_1_glove cut_1.csv,DVST_XI_6-8_Mar_2025_07_11.56.53_expert_1_glove cut_1_FK.csv,20.0,66.66666666666666,1.0,both
6-8_mar_2025,07_11.56.53,expert,1,ring_rollercoaster,1,DVST_XI_6-8_Mar_2025_07_11.56.53_expert_1_ring rollercoaster_1.csv,DVST_XI_6-8_Mar_2025_07_11.56.53_expert_1_ring rollercoaster_1_FK.csv,21.0,70.0,1.0,both
6-8_mar_2025,07_11.56.53,expert,1,sea_spikes,1,DVST_XI_6-8_Mar_2025_07_11.56.53_expert_1_sea spikes_1.csv,DVST_XI_6-8_Mar_2025_07_11.56.53_expert_1_sea spikes_1_FK.csv,23.0,76.66666666666667,1.0,both
6-8_mar_2025,07_11.56.53,expert,1,suture,1,DVST_XI_6-8_Mar_2025_07_11.56.53_expert_1_suture_1.csv,DVST_XI_6-8_Mar_2025_07_11.56.53_expert_1_suture_1_FK.csv,26.0,74.28571428571429,1.0,both
6-8_mar_2025,07_11.56.53,expert,2,camera_target,1,DVST_XI_6-8_Mar_2025_07_11.56.53_expert_2_camera target_1.csv,DVST_XI_6-8_Mar_2025_07_11.56.53_expert_2_camera target_1_FK.csv,25.0,83.33333333333334,1.0,both
6-8_mar_2025,07_11.56.53,expert,2,glove_cut,1,DVST_XI_6-8_Mar_2025_07_11.56.53_expert_2_glove cut_1.csv,DVST_XI_6-8_Mar_2025_07_11.56.53_expert_2_glove cut_1_FK.csv,19.0,63.33333333333333,1.0,both
6-8_mar_2025,07_11.56.53,expert,2,ring_rollercoaster,1,DVST_XI_6-8_Mar_2025_07_11.56.53_expert_2_ring rollercoaster_1.csv,DVST_XI_6-8_Mar_2025_07_11.56.53_expert_2_ring rollercoaster_1_FK.csv,20.0,66.66666666666666,1.0,both
6-8_mar_2025,07_11.56.53,expert,2,sea_spikes,1,DVST_XI_6-8_Mar_2025_07_11.56.53_expert_2_sea spikes_1.csv,DVST_XI_6-8_Mar_2025_07_11.56.53_expert_2_sea spikes_1_FK.csv,18.0,60.0,1.0,both
6-8_mar_2025,07_11.56.53,expert,2,suture,1,DVST_XI_6-8_Mar_2025_07_11.56.53_expert_2_suture_1.csv,DVST_XI_6-8_Mar_2025_07_11.56.53_expert_2_suture_1_FK.csv,23.0,65.71428571428571,1.0,both
6-8_mar_2025,07_11.56.53,trainee,31,glove_cut,1,DVST_XI_6-8_Mar_2025_07_11.56.53_trainee_31_glove cut_1.csv,DVST_XI_6-8_Mar_2025_07_11.56.53_trainee_31_glove cut_1_FK.csv,16.0,53.333333333333336,1.0,both
6-8_mar_2025,07_11.56.53,trainee,32,glove_cut,1,DVST_XI_6-8_Mar_2025_07_11.56.53_trainee_32_glove cut_1.csv,DVST_XI_6-8_Mar_2025_07_11.56.53_trainee_32_glove cut_1_FK.csv,13.0,43.333333333333336,1.0,both
6-8_mar_2025,07_11.56.53,trainee,33,camera_target,2,DVST_XI_6-8_Mar_2025_07_11.56.53_trainee_33_camera target_2.csv,DVST_XI_6-8_Mar_2025_07_11.56.53_trainee_33_camera target_2_FK.csv,19.0,63.33333333333333,1.0,both
6-8_mar_2025,07_11.56.53,trainee,33,glove_cut,1,DVST_XI_6-8_Mar_2025_07_11.56.53_trainee_33_glove cut_1.csv,DVST_XI_6-8_Mar_2025_07_11.56.53_trainee_33_glove cut_1_FK.csv,18.0,60.0,1.0,both
6-8_mar_2025,07_11.56.53,trainee,33,glove_cut,2,DVST_XI_6-8_Mar_2025_07_11.56.53_trainee_33_glove cut_2.csv,DVST_XI_6-8_Mar_2025_07_11.56.53_trainee_33_glove cut_2_FK.csv,,,,left_only
6-8_mar_2025,07_11.56.53,trainee,33,ring_rollercoaster,2,DVST_XI_6-8_Mar_2025_07_11.56.53_trainee_33_ring rollercoaster_2.csv,DVST_XI_6-8_Mar_2025_07_11.56.53_trainee_33_ring rollercoaster_2_FK.csv,,,,left_only
6-8_mar_2025,07_11.56.53,trainee,33,sea_spikes,2,DVST_XI_6-8_Mar_2025_07_11.56.53_trainee_33_sea spikes_2.csv,DVST_XI_6-8_Mar_2025_07_11.56.53_trainee_33_sea spikes_2_FK.csv,20.0,66.66666666666666,1.0,both
6-8_mar_2025,07_11.56.53,trainee,33,suture,2,DVST_XI_6-8_Mar_2025_07_11.56.53_trainee_33_suture_2.csv,DVST_XI_6-8_Mar_2025_07_11.56.53_trainee_33_suture_2_FK.csv,,,,left_only
6-8_mar_2025,07_11.56.53,trainee,34,glove_cut,1,DVST_XI_6-8_Mar_2025_07_11.56.53_trainee_34_glove cut_1.csv,DVST_XI_6-8_Mar_2025_07_11.56.53_trainee_34_glove cut_1_FK.csv,12.0,40.0,1.0,both
6-8_mar_2025,07_11.56.53,trainee,35,camera_target,2,DVST_XI_6-8_Mar_2025_07_11.56.53_trainee_35_camera target_2.csv,DVST_XI_6-8_Mar_2025_07_11.56.53_trainee_35_camera target_2_FK.csv,18.0,60.0,1.0,both
6-8_mar_2025,07_11.56.53,trainee,35,glove_cut,1,DVST_XI_6-8_Mar_2025_07_11.56.53_trainee_35_glove cut_1.csv,DVST_XI_6-8_Mar_2025_07_11.56.53_trainee_35_glove cut_1_FK.csv,16.0,53.333333333333336,1.0,both
6-8_mar_2025,07_11.56.53,trainee,35,glove_cut,2,DVST_XI_6-8_Mar_2025_07_11.56.53_trainee_35_glove cut_2.csv,DVST_XI_6-8_Mar_2025_07_11.56.53_trainee_35_glove cut_2_FK.csv,,,,left_only
6-8_mar_2025,07_11.56.53,trainee,35,ring_rollercoaster,2,DVST_XI_6-8_Mar_2025_07_11.56.53_trainee_35_ring rollercoaster_2.csv,DVST_XI_6-8_Mar_2025_07_11.56.53_trainee_35_ring rollercoaster_2_FK.csv,,,,left_only
6-8_mar_2025,07_11.56.53,trainee,35,sea_spikes,2,DVST_XI_6-8_Mar_2025_07_11.56.53_trainee_35_sea spikes_2.csv,DVST_XI_6-8_Mar_2025_07_11.56.53_trainee_35_sea spikes_2_FK.csv,21.0,70.0,1.0,both
6-8_mar_2025,07_11.56.53,trainee,35,suture,1,DVST_XI_6-8_Mar_2025_07_11.56.53_trainee_35_suture_1.csv,DVST_XI_6-8_Mar_2025_07_11.56.53_trainee_35_suture_1_FK.csv,,,,left_only
6-8_mar_2025,07_11.56.53,trainee,35,suture,2,DVST_XI_6-8_Mar_2025_07_11.56.53_trainee_35_suture_2.csv,DVST_XI_6-8_Mar_2025_07_11.56.53_trainee_35_suture_2_FK.csv,,,,left_only
6-8_mar_2025,07_11.56.53,trainee,36,glove_cut,1,DVST_XI_6-8_Mar_2025_07_11.56.53_trainee_36_glove cut_1.csv,DVST_XI_6-8_Mar_2025_07_11.56.53_trainee_36_glove cut_1_FK.csv,18.0,60.0,1.0,both
6-8_mar_2025,08_08.21.32,expert,3,camera_target,1,DVST_XI_6-8_Mar_2025_08_08.21.32_expert_3_camera target_1.csv,DVST_XI_6-8_Mar_2025_08_08.21.32_expert_3_camera target_1_FK.csv,27.0,90.0,1.0,both
6-8_mar_2025,08_08.21.32,expert,3,glove_cut,1,DVST_XI_6-8_Mar_2025_08_08.21.32_expert_3_glove cut_1.csv,DVST_XI_6-8_Mar_2025_08_08.21.32_expert_3_glove cut_1_FK.csv,24.0,80.0,1.0,both
6-8_mar_2025,08_08.21.32,expert,3,ring_rollercoaster,1,DVST_XI_6-8_Mar_2025_08_08.21.32_expert_3_ring rollercoaster_1.csv,DVST_XI_6-8_Mar_2025_08_08.21.32_expert_3_ring rollercoaster_1_FK.csv,21.0,70.0,1.0,both
6-8_mar_2025,08_08.21.32,expert,3,sea_spikes,1,DVST_XI_6-8_Mar_2025_08_08.21.32_expert_3_sea spikes_1.csv,DVST_XI_6-8_Mar_2025_08_08.21.32_expert_3_sea spikes_1_FK.csv,23.0,76.66666666666667,1.0,both
6-8_mar_2025,08_08.21.32,expert,3,suture,1,DVST_XI_6-8_Mar_2025_08_08.21.32_expert_3_suture_1.csv,DVST_XI_6-8_Mar_2025_08_08.21.32_expert_3_suture_1_FK.csv,28.0,80.0,1.0,both
7-11_jul_2025,10_09.40.17,expert,6,camera_target,1,DVST_XI_7-11_Jul_2025_10_09.40.17_expert_6_camera target_1.csv,DVST_XI_7-11_Jul_2025_10_09.40.17_expert_6_camera target_1_FK.csv,25.0,83.33333333333334,1.0,both
7-11_jul_2025,10_09.40.17,expert,6,glove_cut,1,DVST_XI_7-11_Jul_2025_10_09.40.17_expert_6_glove cut_1.csv,DVST_XI_7-11_Jul_2025_10_09.40.17_expert_6_glove cut_1_FK.csv,23.0,76.66666666666667,1.0,both
7-11_jul_2025,10_09.40.17,expert,6,ring_rollercoaster,1,DVST_XI_7-11_Jul_2025_10_09.40.17_expert_6_ring rollercoaster_1.csv,DVST_XI_7-11_Jul_2025_10_09.40.17_expert_6_ring rollercoaster_1_FK.csv,23.0,76.66666666666667,1.0,both
7-11_jul_2025,10_09.40.17,expert,6,sea_spikes,1,DVST_XI_7-11_Jul_2025_10_09.40.17_expert_6_sea spikes_1.csv,DVST_XI_7-11_Jul_2025_10_09.40.17_expert_6_sea spikes_1_FK.csv,23.0,76.66666666666667,1.0,both
7-11_jul_2025,10_09.40.17,expert,6,suture,1,DVST_XI_7-11_Jul_2025_10_09.40.17_expert_6_suture_1.csv,DVST_XI_7-11_Jul_2025_10_09.40.17_expert_6_suture_1_FK.csv,26.0,74.28571428571429,1.0,both
7-11_mar_2024,08_13.12.17,trainee,10,ring_rollercoaster,1,DVST_XI_7-11_Mar_2024_08_13.12.17_trainee_10_ring rollercoaster_1.csv,DVST_XI_7-11_Mar_2024_08_13.12.17_trainee_10_ring rollercoaster_1_FK.csv,14.0,46.66666666666666,1.0,both
7-11_mar_2024,08_13.12.17,trainee,10,sea_spikes,1,DVST_XI_7-11_Mar_2024_08_13.12.17_trainee_10_sea spikes_1.csv,DVST_XI_7-11_Mar_2024_08_13.12.17_trainee_10_sea spikes_1_FK.csv,22.0,73.33333333333333,1.0,both
7-11_mar_2024,08_13.12.17,trainee,11,ring_rollercoaster,1,DVST_XI_7-11_Mar_2024_08_13.12.17_trainee_11_ring rollercoaster_1.csv,DVST_XI_7-11_Mar_2024_08_13.12.17_trainee_11_ring rollercoaster_1_FK.csv,18.0,60.0,1.0,both
7-11_mar_2024,08_13.12.17,trainee,11,sea_spikes,1,DVST_XI_7-11_Mar_2024_08_13.12.17_trainee_11_sea spikes_1.csv,DVST_XI_7-11_Mar_2024_08_13.12.17_trainee_11_sea spikes_1_FK.csv,18.0,60.0,1.0,both
7-11_mar_2024,08_13.12.17,trainee,6,ring_rollercoaster,1,DVST_XI_7-11_Mar_2024_08_13.12.17_trainee_6_ring rollercoaster_1.csv,DVST_XI_7-11_Mar_2024_08_13.12.17_trainee_6_ring rollercoaster_1_FK.csv,16.0,53.333333333333336,1.0,both
7-11_mar_2024,08_13.12.17,trainee,6,sea_spikes,1,DVST_XI_7-11_Mar_2024_08_13.12.17_trainee_6_sea spikes_1.csv,DVST_XI_7-11_Mar_2024_08_13.12.17_trainee_6_sea spikes_1_FK.csv,16.0,53.333333333333336,1.0,both
7-11_mar_2024,08_13.12.17,trainee,7,ring_rollercoaster,1,DVST_XI_7-11_Mar_2024_08_13.12.17_trainee_7_ring rollercoaster_1.csv,DVST_XI_7-11_Mar_2024_08_13.12.17_trainee_7_ring rollercoaster_1_FK.csv,15.0,50.0,1.0,both
7-11_mar_2024,08_13.12.17,trainee,7,sea_spikes,1,DVST_XI_7-11_Mar_2024_08_13.12.17_trainee_7_sea spikes_1.csv,DVST_XI_7-11_Mar_2024_08_13.12.17_trainee_7_sea spikes_1_FK.csv,19.0,63.33333333333333,1.0,both
7-11_mar_2024,08_13.12.17,trainee,8,ring_rollercoaster,1,DVST_XI_7-11_Mar_2024_08_13.12.17_trainee_8_ring rollercoaster_1.csv,DVST_XI_7-11_Mar_2024_08_13.12.17_trainee_8_ring rollercoaster_1_FK.csv,12.0,40.0,1.0,both
7-11_mar_2024,08_13.12.17,trainee,8,sea_spikes,1,DVST_XI_7-11_Mar_2024_08_13.12.17_trainee_8_sea spikes_1.csv,DVST_XI_7-11_Mar_2024_08_13.12.17_trainee_8_sea spikes_1_FK.csv,18.0,60.0,1.0,both
7-11_mar_2024,08_13.12.17,trainee,9,ring_rollercoaster,1,DVST_XI_7-11_Mar_2024_08_13.12.17_trainee_9_ring rollercoaster_1.csv,DVST_XI_7-11_Mar_2024_08_13.12.17_trainee_9_ring rollercoaster_1_FK.csv,14.0,46.66666666666666,1.0,both
7-11_mar_2024,08_13.12.17,trainee,9,sea_spikes,1,DVST_XI_7-11_Mar_2024_08_13.12.17_trainee_9_sea spikes_1.csv,DVST_XI_7-11_Mar_2024_08_13.12.17_trainee_9_sea spikes_1_FK.csv,18.0,60.0,1.0,both
7-11_mar_2024,09_10.19.01,trainee,10,camera_target,1,DVST_XI_7-11_Mar_2024_09_10.19.01_trainee_10_camera target_1.csv,DVST_XI_7-11_Mar_2024_09_10.19.01_trainee_10_camera target_1_FK.csv,14.0,46.66666666666666,1.0,both
7-11_mar_2024,09_10.19.01,trainee,10,glove_cut,1,DVST_XI_7-11_Mar_2024_09_10.19.01_trainee_10_glove cut_1.csv,DVST_XI_7-11_Mar_2024_09_10.19.01_trainee_10_glove cut_1_FK.csv,18.0,60.0,1.0,both
7-11_mar_2024,09_10.19.01,trainee,11,camera_target,1,DVST_XI_7-11_Mar_2024_09_10.19.01_trainee_11_camera target_1.csv,DVST_XI_7-11_Mar_2024_09_10.19.01_trainee_11_camera target_1_FK.csv,10.0,33.33333333333333,1.0,both
7-11_mar_2024,09_10.19.01,trainee,11,glove_cut,1,DVST_XI_7-11_Mar_2024_09_10.19.01_trainee_11_glove cut_1.csv,DVST_XI_7-11_Mar_2024_09_10.19.01_trainee_11_glove cut_1_FK.csv,18.0,60.0,1.0,both
7-11_mar_2024,09_10.19.01,trainee,6,camera_target,1,DVST_XI_7-11_Mar_2024_09_10.19.01_trainee_6_camera target_1.csv,DVST_XI_7-11_Mar_2024_09_10.19.01_trainee_6_camera target_1_FK.csv,16.0,53.33,1.0,both
7-11_mar_2024,09_10.19.01,trainee,6,glove_cut,1,DVST_XI_7-11_Mar_2024_09_10.19.01_trainee_6_glove cut_1.csv,DVST_XI_7-11_Mar_2024_09_10.19.01_trainee_6_glove cut_1_FK.csv,15.0,50.0,1.0,both
7-11_mar_2024,09_10.19.01,trainee,7,camera_target,1,DVST_XI_7-11_Mar_2024_09_10.19.01_trainee_7_camera target_1.csv,DVST_XI_7-11_Mar_2024_09_10.19.01_trainee_7_camera target_1_FK.csv,17.0,56.66666666666666,1.0,both
7-11_mar_2024,09_10.19.01,trainee,7,glove_cut,1,DVST_XI_7-11_Mar_2024_09_10.19.01_trainee_7_glove cut_1.csv,DVST_XI_7-11_Mar_2024_09_10.19.01_trainee_7_glove cut_1_FK.csv,15.0,50.0,1.0,both
7-11_mar_2024,09_10.19.01,trainee,8,camera_target,1,DVST_XI_7-11_Mar_2024_09_10.19.01_trainee_8_camera target_1.csv,DVST_XI_7-11_Mar_2024_09_10.19.01_trainee_8_camera target_1_FK.csv,10.0,33.33333333333333,1.0,both
7-11_mar_2024,09_10.19.01,trainee,8,glove_cut,1,DVST_XI_7-11_Mar_2024_09_10.19.01_trainee_8_glove cut_1.csv,DVST_XI_7-11_Mar_2024_09_10.19.01_trainee_8_glove cut_1_FK.csv,17.0,56.66666666666666,1.0,both
7-11_mar_2024,09_10.19.01,trainee,9,camera_target,1,DVST_XI_7-11_Mar_2024_09_10.19.01_trainee_9_camera target_1.csv,DVST_XI_7-11_Mar_2024_09_10.19.01_trainee_9_camera target_1_FK.csv,19.0,63.33333333333333,1.0,both
7-11_mar_2024,09_10.19.01,trainee,9,glove_cut,1,DVST_XI_7-11_Mar_2024_09_10.19.01_trainee_9_glove cut_1.csv,DVST_XI_7-11_Mar_2024_09_10.19.01_trainee_9_glove cut_1_FK.csv,18.0,60.0,1.0,both
7-11_mar_2024,09_13.46.11,trainee,10,suture,1,DVST_XI_7-11_Mar_2024_09_13.46.11_trainee_10_suture_1.csv,DVST_XI_7-11_Mar_2024_09_13.46.11_trainee_10_suture_1_FK.csv,19.0,54.285714285714285,1.0,both
7-11_mar_2024,09_13.46.11,trainee,11,suture,1,DVST_XI_7-11_Mar_2024_09_13.46.11_trainee_11_suture_1.csv,DVST_XI_7-11_Mar_2024_09_13.46.11_trainee_11_suture_1_FK.csv,18.0,51.42857142857142,1.0,both
7-11_mar_2024,09_13.46.11,trainee,6,suture,1,DVST_XI_7-11_Mar_2024_09_13.46.11_trainee_6_suture_1.csv,DVST_XI_7-11_Mar_2024_09_13.46.11_trainee_6_suture_1_FK.csv,12.0,34.285714285714285,1.0,both
7-11_mar_2024,09_13.46.11,trainee,7,suture,1,DVST_XI_7-11_Mar_2024_09_13.46.11_trainee_7_suture_1.csv,DVST_XI_7-11_Mar_2024_09_13.46.11_trainee_7_suture_1_FK.csv,17.0,48.57142857142857,1.0,both
7-11_mar_2024,09_13.46.11,trainee,8,suture,1,DVST_XI_7-11_Mar_2024_09_13.46.11_trainee_8_suture_1.csv,DVST_XI_7-11_Mar_2024_09_13.46.11_trainee_8_suture_1_FK.csv,17.0,48.57142857142857,1.0,both
7-11_mar_2024,09_13.46.11,trainee,9,suture,1,DVST_XI_7-11_Mar_2024_09_13.46.11_trainee_9_suture_1.csv,DVST_XI_7-11_Mar_2024_09_13.46.11_trainee_9_suture_1_FK.csv,16.0,45.71428571428572,1.0,both
7-11_mar_2024,10_08.59.30,trainee,10,ring_rollercoaster,2,DVST_XI_7-11_Mar_2024_10_08.59.30_trainee_10_ring rollercoaster_2.csv,DVST_XI_7-11_Mar_2024_10_08.59.30_trainee_10_ring rollercoaster_2_FK.csv,18.0,60.0,1.0,both
7-11_mar_2024,10_08.59.30,trainee,10,sea_spikes,2,DVST_XI_7-11_Mar_2024_10_08.59.30_trainee_10_sea spikes_2.csv,DVST_XI_7-11_Mar_2024_10_08.59.30_trainee_10_sea spikes_2_FK.csv,22.0,73.33333333333333,1.0,both
7-11_mar_2024,10_08.59.30,trainee,11,ring_rollercoaster,2,DVST_XI_7-11_Mar_2024_10_08.59.30_trainee_11_ring rollercoaster_2.csv,DVST_XI_7-11_Mar_2024_10_08.59.30_trainee_11_ring rollercoaster_2_FK.csv,16.0,53.333333333333336,1.0,both
7-11_mar_2024,10_08.59.30,trainee,11,sea_spikes,2,DVST_XI_7-11_Mar_2024_10_08.59.30_trainee_11_sea spikes_2.csv,DVST_XI_7-11_Mar_2024_10_08.59.30_trainee_11_sea spikes_2_FK.csv,18.0,60.0,1.0,both
7-11_mar_2024,10_08.59.30,trainee,6,ring_rollercoaster,2,DVST_XI_7-11_Mar_2024_10_08.59.30_trainee_6_ring rollercoaster_2.csv,DVST_XI_7-11_Mar_2024_10_08.59.30_trainee_6_ring rollercoaster_2_FK.csv,18.0,60.0,1.0,both
7-11_mar_2024,10_08.59.30,trainee,6,sea_spikes,2,DVST_XI_7-11_Mar_2024_10_08.59.30_trainee_6_sea spikes_2.csv,DVST_XI_7-11_Mar_2024_10_08.59.30_trainee_6_sea spikes_2_FK.csv,20.0,66.66666666666666,1.0,both
7-11_mar_2024,10_08.59.30,trainee,7,ring_rollercoaster,2,DVST_XI_7-11_Mar_2024_10_08.59.30_trainee_7_ring rollercoaster_2.csv,DVST_XI_7-11_Mar_2024_10_08.59.30_trainee_7_ring rollercoaster_2_FK.csv,18.0,60.0,1.0,both
7-11_mar_2024,10_08.59.30,trainee,7,sea_spikes,2,DVST_XI_7-11_Mar_2024_10_08.59.30_trainee_7_sea spikes_2.csv,DVST_XI_7-11_Mar_2024_10_08.59.30_trainee_7_sea spikes_2_FK.csv,20.0,66.66666666666666,1.0,both
7-11_mar_2024,10_08.59.30,trainee,8,ring_rollercoaster,2,DVST_XI_7-11_Mar_2024_10_08.59.30_trainee_8_ring rollercoaster_2.csv,DVST_XI_7-11_Mar_2024_10_08.59.30_trainee_8_ring rollercoaster_2_FK.csv,16.0,53.333333333333336,1.0,both
7-11_mar_2024,10_08.59.30,trainee,8,sea_spikes,2,DVST_XI_7-11_Mar_2024_10_08.59.30_trainee_8_sea spikes_2.csv,DVST_XI_7-11_Mar_2024_10_08.59.30_trainee_8_sea spikes_2_FK.csv,20.0,66.66666666666666,1.0,both
7-11_mar_2024,10_08.59.30,trainee,9,ring_rollercoaster,2,DVST_XI_7-11_Mar_2024_10_08.59.30_trainee_9_ring rollercoaster_2.csv,DVST_XI_7-11_Mar_2024_10_08.59.30_trainee_9_ring rollercoaster_2_FK.csv,20.0,66.66666666666666,1.0,both
7-11_mar_2024,10_08.59.30,trainee,9,sea_spikes,2,DVST_XI_7-11_Mar_2024_10_08.59.30_trainee_9_sea spikes_2.csv,DVST_XI_7-11_Mar_2024_10_08.59.30_trainee_9_sea spikes_2_FK.csv,22.0,73.33333333333333,1.0,both
7-11_mar_2024,11_08.56.20,trainee,10,camera_target,2,,,22.0,73.33333333333333,1.0,right_only
7-11_mar_2024,11_08.56.20,trainee,10,glove_cut,2,,,23.0,76.66666666666667,1.0,right_only
7-11_mar_2024,11_08.56.20,trainee,10,suture,2,,,21.0,60.0,1.0,right_only
7-11_mar_2024,11_08.56.20,trainee,11,camera_target,2,,,22.0,73.33333333333333,1.0,right_only
7-11_mar_2024,11_08.56.20,trainee,11,glove_cut,2,,,21.0,70.0,1.0,right_only
7-11_mar_2024,11_08.56.20,trainee,11,suture,2,,,20.0,57.14285714285714,1.0,right_only
7-11_mar_2024,11_08.56.20,trainee,6,camera_target,2,,,24.0,80.0,1.0,right_only
7-11_mar_2024,11_08.56.20,trainee,6,glove_cut,2,,,20.0,66.66666666666666,1.0,right_only
7-11_mar_2024,11_08.56.20,trainee,6,suture,2,,,23.0,65.71428571428571,1.0,right_only
7-11_mar_2024,11_08.56.20,trainee,7,camera_target,2,,,24.0,80.0,1.0,right_only
7-11_mar_2024,11_08.56.20,trainee,7,glove_cut,2,,,19.0,63.33333333333333,1.0,right_only
7-11_mar_2024,11_08.56.20,trainee,7,suture,2,,,24.0,68.57142857142857,1.0,right_only
7-11_mar_2024,11_08.56.20,trainee,8,camera_target,2,,,13.0,43.333333333333336,1.0,right_only
7-11_mar_2024,11_08.56.20,trainee,8,glove_cut,2,,,19.0,63.33333333333333,1.0,right_only
7-11_mar_2024,11_08.56.20,trainee,8,suture,2,,,21.0,60.0,1.0,right_only
7-11_mar_2024,11_08.56.20,trainee,9,camera_target,2,,,26.0,86.66666666666667,1.0,right_only
7-11_mar_2024,11_08.56.20,trainee,9,glove_cut,2,,,24.0,80.0,1.0,right_only
7-11_mar_2024,11_08.56.20,trainee,9,suture,2,,,0.0,0.0,1.0,right_only
griffin_16-19_07_2024,16_08.46.09,trainee,12,glove_cut,1,DVST_XI_Griffin_16-19_07_2024_16_08.46.09_trainee_12_glove cut_1.csv,DVST_XI_Griffin_16-19_07_2024_16_08.46.09_trainee_12_glove cut_1_FK.csv,21.0,70.0,1.0,both
griffin_16-19_07_2024,16_08.46.09,trainee,12,ring_rollercoaster,1,DVST_XI_Griffin_16-19_07_2024_16_08.46.09_trainee_12_ring rollercoaster_1.csv,DVST_XI_Griffin_16-19_07_2024_16_08.46.09_trainee_12_ring rollercoaster_1_FK.csv,16.0,53.333333333333336,1.0,both
griffin_16-19_07_2024,16_08.46.09,trainee,12,sea_spikes,1,DVST_XI_Griffin_16-19_07_2024_16_08.46.09_trainee_12_sea spikes_1.csv,DVST_XI_Griffin_16-19_07_2024_16_08.46.09_trainee_12_sea spikes_1_FK.csv,12.0,40.0,1.0,both
griffin_16-19_07_2024,16_08.46.09,trainee,12,suture,1,DVST_XI_Griffin_16-19_07_2024_16_08.46.09_trainee_12_suture_1.csv,DVST_XI_Griffin_16-19_07_2024_16_08.46.09_trainee_12_suture_1_FK.csv,20.0,57.14285714285714,1.0,both
griffin_16-19_07_2024,16_08.46.09,trainee,14,glove_cut,1,DVST_XI_Griffin_16-19_07_2024_16_08.46.09_trainee_14_glove cut_1.csv,DVST_XI_Griffin_16-19_07_2024_16_08.46.09_trainee_14_glove cut_1_FK.csv,11.0,36.66666666666666,1.0,both
griffin_16-19_07_2024,16_08.46.09,trainee,14,ring_rollercoaster,1,DVST_XI_Griffin_16-19_07_2024_16_08.46.09_trainee_14_ring rollercoaster_1.csv,DVST_XI_Griffin_16-19_07_2024_16_08.46.09_trainee_14_ring rollercoaster_1_FK.csv,16.0,53.333333333333336,1.0,both
griffin_16-19_07_2024,16_08.46.09,trainee,14,sea_spikes,1,DVST_XI_Griffin_16-19_07_2024_16_08.46.09_trainee_14_sea spikes_1.csv,DVST_XI_Griffin_16-19_07_2024_16_08.46.09_trainee_14_sea spikes_1_FK.csv,12.0,40.0,1.0,both
griffin_16-19_07_2024,16_08.46.09,trainee,14,suture,1,DVST_XI_Griffin_16-19_07_2024_16_08.46.09_trainee_14_suture_1.csv,DVST_XI_Griffin_16-19_07_2024_16_08.46.09_trainee_14_suture_1_FK.csv,15.0,42.85714285714285,1.0,both
griffin_16-19_07_2024,16_08.46.09,trainee,15,glove_cut,1,DVST_XI_Griffin_16-19_07_2024_16_08.46.09_trainee_15_glove cut_1.csv,DVST_XI_Griffin_16-19_07_2024_16_08.46.09_trainee_15_glove cut_1_FK.csv,17.0,56.66666666666666,1.0,both
griffin_16-19_07_2024,16_08.46.09,trainee,15,ring_rollercoaster,1,DVST_XI_Griffin_16-19_07_2024_16_08.46.09_trainee_15_ring rollercoaster_1.csv,DVST_XI_Griffin_16-19_07_2024_16_08.46.09_trainee_15_ring rollercoaster_1_FK.csv,18.0,60.0,1.0,both
griffin_16-19_07_2024,16_08.46.09,trainee,15,sea_spikes,1,DVST_XI_Griffin_16-19_07_2024_16_08.46.09_trainee_15_sea spikes_1.csv,DVST_XI_Griffin_16-19_07_2024_16_08.46.09_trainee_15_sea spikes_1_FK.csv,20.0,66.66666666666666,1.0,both
griffin_16-19_07_2024,16_08.46.09,trainee,15,suture,1,DVST_XI_Griffin_16-19_07_2024_16_08.46.09_trainee_15_suture_1.csv,DVST_XI_Griffin_16-19_07_2024_16_08.46.09_trainee_15_suture_1_FK.csv,15.0,42.85714285714285,1.0,both
griffin_16-19_07_2024,16_08.46.09,trainee,16,glove_cut,1,DVST_XI_Griffin_16-19_07_2024_16_08.46.09_trainee_16_glove cut_1.csv,DVST_XI_Griffin_16-19_07_2024_16_08.46.09_trainee_16_glove cut_1_FK.csv,15.0,50.0,1.0,both
griffin_16-19_07_2024,16_08.46.09,trainee,16,ring_rollercoaster,1,DVST_XI_Griffin_16-19_07_2024_16_08.46.09_trainee_16_ring rollercoaster_1.csv,DVST_XI_Griffin_16-19_07_2024_16_08.46.09_trainee_16_ring rollercoaster_1_FK.csv,20.0,66.66666666666666,1.0,both
griffin_16-19_07_2024,16_08.46.09,trainee,16,sea_spikes,1,DVST_XI_Griffin_16-19_07_2024_16_08.46.09_trainee_16_sea spikes_1.csv,DVST_XI_Griffin_16-19_07_2024_16_08.46.09_trainee_16_sea spikes_1_FK.csv,16.0,53.333333333333336,1.0,both
griffin_16-19_07_2024,16_08.46.09,trainee,16,suture,1,DVST_XI_Griffin_16-19_07_2024_16_08.46.09_trainee_16_suture_1.csv,DVST_XI_Griffin_16-19_07_2024_16_08.46.09_trainee_16_suture_1_FK.csv,21.0,60.0,1.0,both
griffin_16-19_07_2024,17_12.20.23,trainee,12,camera_target,1,DVST_XI_Griffin_16-19_07_2024_17_12.20.23_trainee_12_camera target_1.csv,DVST_XI_Griffin_16-19_07_2024_17_12.20.23_trainee_12_camera target_1_FK.csv,16.0,53.333333333333336,1.0,both
griffin_16-19_07_2024,17_12.20.23,trainee,12,ring_rollercoaster,2,,,22.0,73.33333333333333,1.0,right_only
griffin_16-19_07_2024,17_12.20.23,trainee,13,camera_target,1,DVST_XI_Griffin_16-19_07_2024_17_12.20.23_trainee_13_camera target_1.csv,DVST_XI_Griffin_16-19_07_2024_17_12.20.23_trainee_13_camera target_1_FK.csv,19.0,63.33333333333333,1.0,both
griffin_16-19_07_2024,17_12.20.23,trainee,13,glove_cut,1,DVST_XI_Griffin_16-19_07_2024_17_12.20.23_trainee_13_glove cut_1.csv,DVST_XI_Griffin_16-19_07_2024_17_12.20.23_trainee_13_glove cut_1_FK.csv,23.0,76.66666666666667,1.0,both
griffin_16-19_07_2024,17_12.20.23,trainee,13,ring_rollercoaster,1,DVST_XI_Griffin_16-19_07_2024_17_12.20.23_trainee_13_ring rollercoaster_1.csv,DVST_XI_Griffin_16-19_07_2024_17_12.20.23_trainee_13_ring rollercoaster_1_FK.csv,17.0,56.66666666666666,1.0,both
griffin_16-19_07_2024,17_12.20.23,trainee,13,ring_rollercoaster,2,DVST_XI_Griffin_16-19_07_2024_17_12.20.23_trainee_13_ring rollercoaster_2.csv,DVST_XI_Griffin_16-19_07_2024_17_12.20.23_trainee_13_ring rollercoaster_2_FK.csv,22.0,73.33333333333333,1.0,both
griffin_16-19_07_2024,17_12.20.23,trainee,13,sea_spikes,1,DVST_XI_Griffin_16-19_07_2024_17_12.20.23_trainee_13_sea spikes_1.csv,DVST_XI_Griffin_16-19_07_2024_17_12.20.23_trainee_13_sea spikes_1_FK.csv,17.0,56.66666666666666,1.0,both
griffin_16-19_07_2024,17_12.20.23,trainee,13,suture,1,DVST_XI_Griffin_16-19_07_2024_17_12.20.23_trainee_13_suture_1.csv,DVST_XI_Griffin_16-19_07_2024_17_12.20.23_trainee_13_suture_1_FK.csv,23.0,65.71428571428571,1.0,both
griffin_16-19_07_2024,17_12.20.23,trainee,14,camera_target,1,DVST_XI_Griffin_16-19_07_2024_17_12.20.23_trainee_14_camera target_1.csv,DVST_XI_Griffin_16-19_07_2024_17_12.20.23_trainee_14_camera target_1_FK.csv,14.0,46.66666666666666,1.0,both
griffin_16-19_07_2024,17_12.20.23,trainee,14,ring_rollercoaster,2,,,16.0,53.333333333333336,1.0,right_only
griffin_16-19_07_2024,17_12.20.23,trainee,15,camera_target,1,DVST_XI_Griffin_16-19_07_2024_17_12.20.23_trainee_15_camera target_1.csv,DVST_XI_Griffin_16-19_07_2024_17_12.20.23_trainee_15_camera target_1_FK.csv,18.0,60.0,1.0,both
griffin_16-19_07_2024,17_12.20.23,trainee,15,ring_rollercoaster,2,,,18.0,60.0,1.0,right_only
griffin_16-19_07_2024,17_12.20.23,trainee,16,camera_target,1,DVST_XI_Griffin_16-19_07_2024_17_12.20.23_trainee_16_camera target_1.csv,DVST_XI_Griffin_16-19_07_2024_17_12.20.23_trainee_16_camera target_1_FK.csv,23.0,76.66666666666667,1.0,both
griffin_16-19_07_2024,17_12.20.23,trainee,16,ring_rollercoaster,2,DVST_XI_Griffin_16-19_07_2024_17_12.20.23_trainee_16_ring rollercoaster_2.csv,DVST_XI_Griffin_16-19_07_2024_17_12.20.23_trainee_16_ring rollercoaster_2_FK.csv,23.0,76.66666666666667,1.0,both
griffin_16-19_07_2024,18_08.46.52,trainee,12,sea_spikes,2,DVST_XI_Griffin_16-19_07_2024_18_08.46.52_trainee_12_sea spikes_2.csv,DVST_XI_Griffin_16-19_07_2024_18_08.46.52_trainee_12_sea spikes_2_FK.csv,19.0,63.33333333333333,1.0,both
griffin_16-19_07_2024,18_08.46.52,trainee,12,suture,2,DVST_XI_Griffin_16-19_07_2024_18_08.46.52_trainee_12_suture_2.csv,DVST_XI_Griffin_16-19_07_2024_18_08.46.52_trainee_12_suture_2_FK.csv,28.0,80.0,1.0,both
griffin_16-19_07_2024,18_08.46.52,trainee,13,sea_spikes,2,DVST_XI_Griffin_16-19_07_2024_18_08.46.52_trainee_13_sea spikes_2.csv,DVST_XI_Griffin_16-19_07_2024_18_08.46.52_trainee_13_sea spikes_2_FK.csv,21.0,70.0,1.0,both
griffin_16-19_07_2024,18_08.46.52,trainee,13,suture,2,DVST_XI_Griffin_16-19_07_2024_18_08.46.52_trainee_13_suture_2.csv,DVST_XI_Griffin_16-19_07_2024_18_08.46.52_trainee_13_suture_2_FK.csv,28.0,80.0,1.0,both
griffin_16-19_07_2024,18_08.46.52,trainee,14,sea_spikes,2,DVST_XI_Griffin_16-19_07_2024_18_08.46.52_trainee_14_sea spikes_2.csv,DVST_XI_Griffin_16-19_07_2024_18_08.46.52_trainee_14_sea spikes_2_FK.csv,20.0,66.66666666666666,1.0,both
griffin_16-19_07_2024,18_08.46.52,trainee,14,suture,2,DVST_XI_Griffin_16-19_07_2024_18_08.46.52_trainee_14_suture_2.csv,DVST_XI_Griffin_16-19_07_2024_18_08.46.52_trainee_14_suture_2_FK.csv,29.0,82.85714285714286,1.0,both
griffin_16-19_07_2024,18_08.46.52,trainee,15,sea_spikes,2,DVST_XI_Griffin_16-19_07_2024_18_08.46.52_trainee_15_sea spikes_2.csv,DVST_XI_Griffin_16-19_07_2024_18_08.46.52_trainee_15_sea spikes_2_FK.csv,23.0,76.66666666666667,1.0,both
griffin_16-19_07_2024,18_08.46.52,trainee,15,suture,2,DVST_XI_Griffin_16-19_07_2024_18_08.46.52_trainee_15_suture_2.csv,DVST_XI_Griffin_16-19_07_2024_18_08.46.52_trainee_15_suture_2_FK.csv,26.0,74.28571428571429,1.0,both
griffin_16-19_07_2024,18_08.46.52,trainee,16,sea_spikes,2,DVST_XI_Griffin_16-19_07_2024_18_08.46.52_trainee_16_sea spikes_2.csv,DVST_XI_Griffin_16-19_07_2024_18_08.46.52_trainee_16_sea spikes_2_FK.csv,21.0,70.0,1.0,both
griffin_16-19_07_2024,18_08.46.52,trainee,16,suture,2,DVST_XI_Griffin_16-19_07_2024_18_08.46.52_trainee_16_suture_2.csv,DVST_XI_Griffin_16-19_07_2024_18_08.46.52_trainee_16_suture_2_FK.csv,29.0,82.85714285714286,1.0,both
griffin_16-19_07_2024,19_09.39.41,trainee,12,camera_target,2,,,16.0,53.333333333333336,1.0,right_only
griffin_16-19_07_2024,19_09.39.41,trainee,12,glove_cut,2,DVST_XI_Griffin_16-19_07_2024_19_09.39.41_trainee_12_glove cut_2.csv,DVST_XI_Griffin_16-19_07_2024_19_09.39.41_trainee_12_glove cut_2_FK.csv,20.0,66.66666666666666,1.0,both
griffin_16-19_07_2024,19_09.39.41,trainee,13,camera_target,2,DVST_XI_Griffin_16-19_07_2024_19_09.39.41_trainee_13_camera target_2.csv,DVST_XI_Griffin_16-19_07_2024_19_09.39.41_trainee_13_camera target_2_FK.csv,17.0,56.66666666666666,1.0,both
griffin_16-19_07_2024,19_09.39.41,trainee,13,glove_cut,2,,,25.0,83.33333333333334,1.0,right_only
griffin_16-19_07_2024,19_09.39.41,trainee,14,camera_target,2,,,13.0,43.333333333333336,1.0,right_only
griffin_16-19_07_2024,19_09.39.41,trainee,14,glove_cut,2,DVST_XI_Griffin_16-19_07_2024_19_09.39.41_trainee_14_glove cut_2.csv,DVST_XI_Griffin_16-19_07_2024_19_09.39.41_trainee_14_glove cut_2_FK.csv,18.0,60.0,1.0,both
griffin_16-19_07_2024,19_09.39.41,trainee,15,camera_target,2,,,25.0,83.33333333333334,1.0,right_only
griffin_16-19_07_2024,19_09.39.41,trainee,15,glove_cut,2,,,19.0,63.33333333333333,1.0,right_only
griffin_16-19_07_2024,19_09.39.41,trainee,16,camera_target,2,DVST_XI_Griffin_16-19_07_2024_19_09.39.41_trainee_16_camera target_2.csv,DVST_XI_Griffin_16-19_07_2024_19_09.39.41_trainee_16_camera target_2_FK.csv,23.0,76.66666666666667,1.0,both
griffin_16-19_07_2024,19_09.39.41,trainee,16,glove_cut,2,DVST_XI_Griffin_16-19_07_2024_19_09.39.41_trainee_16_glove cut_2.csv,DVST_XI_Griffin_16-19_07_2024_19_09.39.41_trainee_16_glove cut_2_FK.csv,24.0,80.0,1.0,both
griffin_29_sep-1_oct_2024,01_10.39.05,trainee,17,camera_target,2,DVST_XI_Griffin_29_sep-1_oct_2024_01_10.39.05_trainee_17_camera target_2.csv,DVST_XI_Griffin_29_sep-1_oct_2024_01_10.39.05_trainee_17_camera target_2_FK.csv,22.0,73.33333333333333,1.0,both
griffin_29_sep-1_oct_2024,01_10.39.05,trainee,18,camera_target,2,DVST_XI_Griffin_29_sep-1_oct_2024_01_10.39.05_trainee_18_camera target_2.csv,DVST_XI_Griffin_29_sep-1_oct_2024_01_10.39.05_trainee_18_camera target_2_FK.csv,18.0,60.0,1.0,both
griffin_29_sep-1_oct_2024,01_10.39.05,trainee,19,camera_target,2,DVST_XI_Griffin_29_sep-1_oct_2024_01_10.39.05_trainee_19_camera target_2.csv,DVST_XI_Griffin_29_sep-1_oct_2024_01_10.39.05_trainee_19_camera target_2_FK.csv,18.0,60.0,1.0,both
griffin_29_sep-1_oct_2024,01_10.39.05,trainee,20,camera_target,2,DVST_XI_Griffin_29_sep-1_oct_2024_01_10.39.05_trainee_20_camera target_2.csv,DVST_XI_Griffin_29_sep-1_oct_2024_01_10.39.05_trainee_20_camera target_2_FK.csv,14.0,46.66666666666666,1.0,both
griffin_29_sep-1_oct_2024,01_10.39.05,trainee,21,camera_target,2,DVST_XI_Griffin_29_sep-1_oct_2024_01_10.39.05_trainee_21_camera target_2.csv,DVST_XI_Griffin_29_sep-1_oct_2024_01_10.39.05_trainee_21_camera target_2_FK.csv,23.0,76.66666666666667,1.0,both
griffin_29_sep-1_oct_2024,29_09.07.40,trainee,17,camera_target,1,DVST_XI_Griffin_29_sep-1_oct_2024_29_09.07.40_trainee_17_camera target_1.csv,DVST_XI_Griffin_29_sep-1_oct_2024_29_09.07.40_trainee_17_camera target_1_FK.csv,23.0,76.66666666666667,1.0,both
griffin_29_sep-1_oct_2024,29_09.07.40,trainee,17,suture,1,DVST_XI_Griffin_29_sep-1_oct_2024_29_09.07.40_trainee_17_suture_1.csv,DVST_XI_Griffin_29_sep-1_oct_2024_29_09.07.40_trainee_17_suture_1_FK.csv,15.0,42.85714285714285,1.0,both
griffin_29_sep-1_oct_2024,29_09.07.40,trainee,18,camera_target,1,DVST_XI_Griffin_29_sep-1_oct_2024_29_09.07.40_trainee_18_camera target_1.csv,DVST_XI_Griffin_29_sep-1_oct_2024_29_09.07.40_trainee_18_camera target_1_FK.csv,19.0,63.33333333333333,1.0,both
griffin_29_sep-1_oct_2024,29_09.07.40,trainee,18,suture,1,DVST_XI_Griffin_29_sep-1_oct_2024_29_09.07.40_trainee_18_suture_1.csv,DVST_XI_Griffin_29_sep-1_oct_2024_29_09.07.40_trainee_18_suture_1_FK.csv,12.0,34.285714285714285,1.0,both
griffin_29_sep-1_oct_2024,29_09.07.40,trainee,19,camera_target,1,DVST_XI_Griffin_29_sep-1_oct_2024_29_09.07.40_trainee_19_camera target_1.csv,DVST_XI_Griffin_29_sep-1_oct_2024_29_09.07.40_trainee_19_camera target_1_FK.csv,17.0,56.66666666666666,1.0,both
griffin_29_sep-1_oct_2024,29_09.07.40,trainee,19,suture,1,DVST_XI_Griffin_29_sep-1_oct_2024_29_09.07.40_trainee_19_suture_1.csv,DVST_XI_Griffin_29_sep-1_oct_2024_29_09.07.40_trainee_19_suture_1_FK.csv,16.0,45.71428571428572,1.0,both
griffin_29_sep-1_oct_2024,29_09.07.40,trainee,20,camera_target,1,DVST_XI_Griffin_29_sep-1_oct_2024_29_09.07.40_trainee_20_camera target_1.csv,DVST_XI_Griffin_29_sep-1_oct_2024_29_09.07.40_trainee_20_camera target_1_FK.csv,15.0,50.0,1.0,both
griffin_29_sep-1_oct_2024,29_09.07.40,trainee,20,suture,1,DVST_XI_Griffin_29_sep-1_oct_2024_29_09.07.40_trainee_20_suture_1.csv,DVST_XI_Griffin_29_sep-1_oct_2024_29_09.07.40_trainee_20_suture_1_FK.csv,13.0,37.142857142857146,1.0,both
griffin_29_sep-1_oct_2024,29_09.07.40,trainee,21,camera_target,1,DVST_XI_Griffin_29_sep-1_oct_2024_29_09.07.40_trainee_21_camera target_1.csv,DVST_XI_Griffin_29_sep-1_oct_2024_29_09.07.40_trainee_21_camera target_1_FK.csv,19.0,63.33333333333333,1.0,both
griffin_29_sep-1_oct_2024,29_09.07.40,trainee,21,suture,1,DVST_XI_Griffin_29_sep-1_oct_2024_29_09.07.40_trainee_21_suture_1.csv,DVST_XI_Griffin_29_sep-1_oct_2024_29_09.07.40_trainee_21_suture_1_FK.csv,18.0,51.42857142857142,1.0,both
griffin_29_sep-1_oct_2024,30_12.18.00,trainee,17,glove_cut,2,DVST_XI_Griffin_29_sep-1_oct_2024_30_12.18.00_trainee_17_glove cut_2.csv,DVST_XI_Griffin_29_sep-1_oct_2024_30_12.18.00_trainee_17_glove cut_2_FK.csv,22.0,73.33333333333333,1.0,both
griffin_29_sep-1_oct_2024,30_12.18.00,trainee,17,ring_rollercoaster,2,DVST_XI_Griffin_29_sep-1_oct_2024_30_12.18.00_trainee_17_ring rollercoaster_2.csv,DVST_XI_Griffin_29_sep-1_oct_2024_30_12.18.00_trainee_17_ring rollercoaster_2_FK.csv,22.0,73.33333333333333,1.0,both
griffin_29_sep-1_oct_2024,30_12.18.00,trainee,17,sea_spikes,2,DVST_XI_Griffin_29_sep-1_oct_2024_30_12.18.00_trainee_17_sea spikes_2.csv,DVST_XI_Griffin_29_sep-1_oct_2024_30_12.18.00_trainee_17_sea spikes_2_FK.csv,22.0,73.33333333333333,1.0,both
griffin_29_sep-1_oct_2024,30_12.18.00,trainee,17,suture,2,,,22.0,62.85714285714285,1.0,right_only
griffin_29_sep-1_oct_2024,30_12.18.00,trainee,18,glove_cut,2,DVST_XI_Griffin_29_sep-1_oct_2024_30_12.18.00_trainee_18_glove cut_2.csv,DVST_XI_Griffin_29_sep-1_oct_2024_30_12.18.00_trainee_18_glove cut_2_FK.csv,22.0,73.33333333333333,1.0,both
griffin_29_sep-1_oct_2024,30_12.18.00,trainee,18,ring_rollercoaster,2,DVST_XI_Griffin_29_sep-1_oct_2024_30_12.18.00_trainee_18_ring rollercoaster_2.csv,DVST_XI_Griffin_29_sep-1_oct_2024_30_12.18.00_trainee_18_ring rollercoaster_2_FK.csv,24.0,80.0,1.0,both
griffin_29_sep-1_oct_2024,30_12.18.00,trainee,18,sea_spikes,2,DVST_XI_Griffin_29_sep-1_oct_2024_30_12.18.00_trainee_18_sea spikes_2.csv,DVST_XI_Griffin_29_sep-1_oct_2024_30_12.18.00_trainee_18_sea spikes_2_FK.csv,22.0,73.33333333333333,1.0,both
griffin_29_sep-1_oct_2024,30_12.18.00,trainee,18,suture,2,DVST_XI_Griffin_29_sep-1_oct_2024_30_12.18.00_trainee_18_suture_2.csv,DVST_XI_Griffin_29_sep-1_oct_2024_30_12.18.00_trainee_18_suture_2_FK.csv,22.0,62.85714285714285,1.0,both
griffin_29_sep-1_oct_2024,30_12.18.00,trainee,19,glove_cut,2,DVST_XI_Griffin_29_sep-1_oct_2024_30_12.18.00_trainee_19_glove cut_2.csv,DVST_XI_Griffin_29_sep-1_oct_2024_30_12.18.00_trainee_19_glove cut_2_FK.csv,17.0,56.66666666666666,1.0,both
griffin_29_sep-1_oct_2024,30_12.18.00,trainee,19,ring_rollercoaster,2,DVST_XI_Griffin_29_sep-1_oct_2024_30_12.18.00_trainee_19_ring rollercoaster_2.csv,DVST_XI_Griffin_29_sep-1_oct_2024_30_12.18.00_trainee_19_ring rollercoaster_2_FK.csv,22.0,73.33333333333333,1.0,both
griffin_29_sep-1_oct_2024,30_12.18.00,trainee,19,sea_spikes,2,DVST_XI_Griffin_29_sep-1_oct_2024_30_12.18.00_trainee_19_sea spikes_2.csv,DVST_XI_Griffin_29_sep-1_oct_2024_30_12.18.00_trainee_19_sea spikes_2_FK.csv,21.0,70.0,1.0,both
griffin_29_sep-1_oct_2024,30_12.18.00,trainee,19,suture,2,,,19.0,54.285714285714285,1.0,right_only
griffin_29_sep-1_oct_2024,30_12.18.00,trainee,20,glove_cut,2,DVST_XI_Griffin_29_sep-1_oct_2024_30_12.18.00_trainee_20_glove cut_2.csv,DVST_XI_Griffin_29_sep-1_oct_2024_30_12.18.00_trainee_20_glove cut_2_FK.csv,17.0,56.66666666666666,1.0,both
griffin_29_sep-1_oct_2024,30_12.18.00,trainee,20,ring_rollercoaster,2,DVST_XI_Griffin_29_sep-1_oct_2024_30_12.18.00_trainee_20_ring rollercoaster_2.csv,DVST_XI_Griffin_29_sep-1_oct_2024_30_12.18.00_trainee_20_ring rollercoaster_2_FK.csv,21.0,70.0,1.0,both
griffin_29_sep-1_oct_2024,30_12.18.00,trainee,20,sea_spikes,2,DVST_XI_Griffin_29_sep-1_oct_2024_30_12.18.00_trainee_20_sea spikes_2.csv,DVST_XI_Griffin_29_sep-1_oct_2024_30_12.18.00_trainee_20_sea spikes_2_FK.csv,21.0,70.0,1.0,both
griffin_29_sep-1_oct_2024,30_12.18.00,trainee,20,suture,2,,,22.0,62.85714285714285,1.0,right_only
griffin_29_sep-1_oct_2024,30_12.18.00,trainee,21,glove_cut,2,DVST_XI_Griffin_29_sep-1_oct_2024_30_12.18.00_trainee_21_glove cut_2.csv,DVST_XI_Griffin_29_sep-1_oct_2024_30_12.18.00_trainee_21_glove cut_2_FK.csv,25.0,83.33333333333334,1.0,both
griffin_29_sep-1_oct_2024,30_12.18.00,trainee,21,ring_rollercoaster,2,DVST_XI_Griffin_29_sep-1_oct_2024_30_12.18.00_trainee_21_ring rollercoaster_2.csv,DVST_XI_Griffin_29_sep-1_oct_2024_30_12.18.00_trainee_21_ring rollercoaster_2_FK.csv,22.0,73.33333333333333,1.0,both
griffin_29_sep-1_oct_2024,30_12.18.00,trainee,21,sea_spikes,2,DVST_XI_Griffin_29_sep-1_oct_2024_30_12.18.00_trainee_21_sea spikes_2.csv,DVST_XI_Griffin_29_sep-1_oct_2024_30_12.18.00_trainee_21_sea spikes_2_FK.csv,22.0,73.33333333333333,1.0,both
griffin_29_sep-1_oct_2024,30_12.18.00,trainee,21,suture,2,DVST_XI_Griffin_29_sep-1_oct_2024_30_12.18.00_trainee_21_suture_2.csv,DVST_XI_Griffin_29_sep-1_oct_2024_30_12.18.00_trainee_21_suture_2_FK.csv,23.0,65.71428571428571,1.0,both
