model,cv_fold,n_train,n_test,n_train_participants,n_test_participants,mae,rmse,r2,spearman_rho
dummy_mean,1,152,39,31,9,4.869433198380567,6.134929769079608,-0.0324345248883835,
dummy_mean,2,153,38,33,7,3.374441004471965,4.074154661224145,-0.06636006041560161,
dummy_mean,3,153,38,32,8,3.086687306501549,3.706810483259331,-0.2202460686659924,
dummy_mean,4,153,38,32,8,2.973684210526316,3.6807048963920495,-0.023743672801530336,
dummy_mean,5,153,38,32,8,4.69797041623667,5.726650087575592,-0.026606153522039655,
linear_regression,1,152,39,31,9,8.832511418535386,13.597011785904284,-4.071428141297368,0.5098247488720941
linear_regression,2,153,38,33,7,11.533821378972005,22.34653308113797,-31.081093065702383,0.13224245826332584
linear_regression,3,153,38,32,8,7.29715366862501,9.475286019562507,-6.973175227566673,0.2490689882714828
linear_regression,4,153,38,32,8,9.098135937214902,18.381152661310114,-24.531405120137748,0.2703117740165504
linear_regression,5,153,38,32,8,8.463485559974027,11.756060774283851,-3.326395450853676,0.14388475785496552
ridge,1,152,39,31,9,3.493833724335997,4.0853123701162195,0.5421809431805146,0.6787150069299022
ridge,2,153,38,33,7,2.9603291957800346,4.167089151744413,-0.11556384775362138,0.4136702521381906
ridge,3,153,38,32,8,2.4749434899323273,3.3076592852926248,0.02839847697975717,0.3935334058719185
ridge,4,153,38,32,8,2.6419778473436524,3.7735058652463804,-0.07601739325608436,0.519737319052562
ridge,5,153,38,32,8,3.485413847574058,4.2242056301098225,0.44141062546236565,0.7996524376287406
elastic_net,1,152,39,31,9,3.533655909811881,4.129550353078361,0.5322122333284296,0.6946883626618756
elastic_net,2,153,38,33,7,3.051366119084389,4.244715342601237,-0.15751329993092966,0.34237814485480034
elastic_net,3,153,38,32,8,2.4099428398004346,3.109407274931648,0.1413782754970171,0.37206194136575615
elastic_net,4,153,38,32,8,2.7308622126391153,3.5492525560243684,0.04807432560011926,0.45608928442239427
elastic_net,5,153,38,32,8,3.317529149481917,3.996965220717009,0.4998925700486201,0.8075545753599057
